ENSG00000186092,ENST00000641515,OR4F5
ENSG00000284733,ENST00000426406,OR4F29
ENSG00000284662,ENST00000332831,OR4F16
ENSG00000187634,ENST00000616016,SAMD11
ENSG00000188976,ENST00000327044,NOC2L
ENSG00000187961,ENST00000338591,KLHL17
ENSG00000187583,ENST00000379410,PLEKHN1
ENSG00000187642,ENST00000433179,PERM1
ENSG00000188290,ENST00000304952,HES4
ENSG00000187608,ENST00000649529,ISG15
ENSG00000188157,ENST00000379370,AGRN
ENSG00000237330,ENST00000453464,RNF223
ENSG00000131591,ENST00000421241,C1orf159
ENSG00000162571,ENST00000379289,TTLL10
ENSG00000186891,ENST00000379268,TNFRSF18
ENSG00000186827,ENST00000379236,TNFRSF4
ENSG00000078808,ENST00000360001,SDF4
ENSG00000176022,ENST00000379198,B3GALT6
ENSG00000184163,ENST00000330388,C1QTNF12
ENSG00000160087,ENST00000349431,UBE2J2
ENSG00000162572,ENST00000379116,SCNN1D
ENSG00000131584,ENST00000354700,ACAP3
ENSG00000169972,ENST00000379031,PUSL1
ENSG00000127054,ENST00000435064,INTS11
ENSG00000224051,ENST00000343938,CPTP
ENSG00000169962,ENST00000339381,TAS1R3
ENSG00000107404,ENST00000378888,DVL1
ENSG00000162576,ENST00000309212,MXRA8
ENSG00000175756,ENST00000338338,AURKAIP1
ENSG00000221978,ENST00000400809,CCNL2
ENSG00000242485,ENST00000344843,MRPL20
ENSG00000235098,ENST00000537107,ANKRD65
ENSG00000205116,ENST00000378821,TMEM88B
ENSG00000179403,ENST00000476993,VWA1
ENSG00000215915,ENST00000378785,ATAD3C
ENSG00000160072,ENST00000673477,ATAD3B
ENSG00000197785,ENST00000378756,ATAD3A
ENSG00000205090,ENST00000378733,TMEM240
ENSG00000160075,ENST00000291386,SSU72
ENSG00000228594,ENST00000422725,FNDC10
ENSG00000197530,ENST00000355826,MIB2
ENSG00000189409,ENST00000356026,MMP23B
ENSG00000248333,ENST00000341832,CDK11B
ENSG00000189339,ENST00000617444,SLC35E2B
ENSG00000008128,ENST00000404249,CDK11A
ENSG00000008130,ENST00000341426,NADK
ENSG00000078369,ENST00000378609,GNB1
ENSG00000169885,ENST00000307786,CALML6
ENSG00000178821,ENST00000310991,TMEM52
ENSG00000142609,ENST00000682832,CFAP74
ENSG00000187730,ENST00000378585,GABRD
ENSG00000067606,ENST00000378567,PRKCZ
ENSG00000162585,ENST00000378546,FAAP20
ENSG00000157933,ENST00000378536,SKI
ENSG00000116151,ENST00000378531,MORN1
ENSG00000157916,ENST00000605895,RER1
ENSG00000157911,ENST00000447513,PEX10
ENSG00000149527,ENST00000378486,PLCH2
ENSG00000157881,ENST00000378466,PANK4
ENSG00000197921,ENST00000378453,HES5
ENSG00000157873,ENST00000355716,TNFRSF14
ENSG00000157870,ENST00000419916,PRXL2B
ENSG00000142606,ENST00000378412,MMEL1
ENSG00000215912,ENST00000401095,TTC34
ENSG00000169717,ENST00000378404,ACTRT2
ENSG00000142611,ENST00000270722,PRDM16
ENSG00000130762,ENST00000378378,ARHGEF16
ENSG00000162591,ENST00000356575,MEGF6
ENSG00000158109,ENST00000378344,TPRG1L
ENSG00000116213,ENST00000270708,WRAP73
ENSG00000078900,ENST00000378295,TP73
ENSG00000162592,ENST00000294600,CCDC27
ENSG00000235169,ENST00000642557,SMIM1
ENSG00000130764,ENST00000378251,LRRC47
ENSG00000116198,ENST00000378230,CEP104
ENSG00000169598,ENST00000378209,DFFB
ENSG00000198912,ENST00000361605,C1orf174
ENSG00000196581,ENST00000378191,AJAP1
ENSG00000131697,ENST00000378156,NPHP4
ENSG00000069424,ENST00000378083,KCNAB2
ENSG00000116254,ENST00000262450,CHD5
ENSG00000116251,ENST00000234875,RPL22
ENSG00000158286,ENST00000377939,RNF207
ENSG00000116237,ENST00000343813,ICMT
ENSG00000173673,ENST00000377898,HES3
ENSG00000158292,ENST00000377893,GPR153
ENSG00000097021,ENST00000361521,ACOT7
ENSG00000069812,ENST00000377834,HES2
ENSG00000187017,ENST00000645284,ESPN
ENSG00000215788,ENST00000356876,TNFRSF25
ENSG00000171680,ENST00000377728,PLEKHG5
ENSG00000162408,ENST00000377705,NOL9
ENSG00000173662,ENST00000333172,TAS1R1
ENSG00000204859,ENST00000377674,ZBTB48
ENSG00000162413,ENST00000377658,KLHL21
ENSG00000116273,ENST00000377648,PHF13
ENSG00000041988,ENST00000054650,THAP3
ENSG00000007923,ENST00000377577,DNAJC11
ENSG00000171735,ENST00000303635,CAMTA1
ENSG00000049245,ENST00000054666,VAMP3
ENSG00000049246,ENST00000377532,PER3
ENSG00000049247,ENST00000361696,UTS2
ENSG00000049249,ENST00000377507,TNFRSF9
ENSG00000116288,ENST00000338639,PARK7
ENSG00000116285,ENST00000377482,ERRFI1
ENSG00000162426,ENST00000471889,SLC45A1
ENSG00000142599,ENST00000400908,RERE
ENSG00000074800,ENST00000234590,ENO1
ENSG00000131686,ENST00000377443,CA6
ENSG00000197241,ENST00000400906,SLC2A7
ENSG00000142583,ENST00000377424,SLC2A5
ENSG00000180758,ENST00000377411,GPR157
ENSG00000049239,ENST00000377403,H6PD
ENSG00000171621,ENST00000328089,SPSB1
ENSG00000171612,ENST00000302692,SLC25A33
ENSG00000188807,ENST00000340381,TMEM201
ENSG00000171608,ENST00000377346,PIK3CD
ENSG00000171603,ENST00000377298,CLSTN1
ENSG00000178585,ENST00000377263,CTNNBIP1
ENSG00000162441,ENST00000377223,LZIC
ENSG00000173614,ENST00000377205,NMNAT1
ENSG00000162444,ENST00000294435,RBP7
ENSG00000130939,ENST00000343090,UBE4B
ENSG00000054523,ENST00000676179,KIF1B
ENSG00000142657,ENST00000270776,PGD
ENSG00000175279,ENST00000309048,CENPS
ENSG00000241563,ENST00000377049,CORT
ENSG00000160049,ENST00000377038,DFFA
ENSG00000142655,ENST00000356607,PEX14
ENSG00000130940,ENST00000377022,CASZ1
ENSG00000175262,ENST00000377004,CIROZ
ENSG00000120948,ENST00000240185,TARDBP
ENSG00000009724,ENST00000400897,MASP2
ENSG00000116649,ENST00000376957,SRM
ENSG00000171824,ENST00000376936,EXOSC10
ENSG00000198793,ENST00000361445,MTOR
ENSG00000171819,ENST00000376819,ANGPTL7
ENSG00000120942,ENST00000376810,UBIAD1
ENSG00000204624,ENST00000294484,DISP3
ENSG00000116661,ENST00000354287,FBXO2
ENSG00000132879,ENST00000251547,FBXO44
ENSG00000116670,ENST00000376692,MAD2L2
ENSG00000116663,ENST00000376753,FBXO6
ENSG00000162490,ENST00000294485,DRAXIN
ENSG00000177674,ENST00000314340,AGTRAP
ENSG00000215910,ENST00000688073,C1orf167
ENSG00000177000,ENST00000376590,MTHFR
ENSG00000011021,ENST00000346436,CLCN6
ENSG00000175206,ENST00000376480,NPPA
ENSG00000120937,ENST00000376468,NPPB
ENSG00000116685,ENST00000376572,KIAA2013
ENSG00000083444,ENST00000196061,PLOD1
ENSG00000116688,ENST00000235329,MFN2
ENSG00000116691,ENST00000235332,MIIP
ENSG00000120949,ENST00000263932,TNFRSF8
ENSG00000028137,ENST00000376259,TNFRSF1B
ENSG00000048707,ENST00000620676,VPS13D
ENSG00000162496,ENST00000616661,DHRS3
ENSG00000204518,ENST00000376221,AADACL4
ENSG00000188984,ENST00000359318,AADACL3
ENSG00000157330,ENST00000614859,CFAP107
ENSG00000116726,ENST00000357726,PRAMEF12
ENSG00000116721,ENST00000332296,PRAMEF1
ENSG00000239810,ENST00000619922,PRAMEF11
ENSG00000179172,ENST00000317869,HNRNPCL1
ENSG00000120952,ENST00000240189,PRAMEF2
ENSG00000243073,ENST00000235349,PRAMEF4
ENSG00000187545,ENST00000235347,PRAMEF10
ENSG00000204510,ENST00000697200,PRAMEF7
ENSG00000232423,ENST00000376189,PRAMEF6
ENSG00000274764,ENST00000436041,PRAMEF27
ENSG00000277058,ENST00000617807,HNRNPCL3
ENSG00000229571,ENST00000619661,PRAMEF25
ENSG00000275774,ENST00000621994,HNRNPCL2
ENSG00000280267,ENST00000624207,PRAMEF26
ENSG00000179412,ENST00000323770,HNRNPCL4
ENSG00000204505,ENST00000415919,PRAMEF9
ENSG00000279169,ENST00000625019,PRAMEF13
ENSG00000279804,ENST00000624297,PRAMEF18
ENSG00000270601,ENST00000622421,PRAMEF5
ENSG00000182330,ENST00000357367,PRAMEF8
ENSG00000237700,ENST00000437300,PRAMEF33
ENSG00000204501,ENST00000376152,PRAMEF15
ENSG00000204481,ENST00000334600,PRAMEF14
ENSG00000204480,ENST00000376101,PRAMEF19
ENSG00000204479,ENST00000376098,PRAMEF17
ENSG00000204478,ENST00000602960,PRAMEF20
ENSG00000162494,ENST00000376085,LRRC38
ENSG00000162493,ENST00000621990,PDPN
ENSG00000116731,ENST00000311066,PRDM2
ENSG00000189337,ENST00000376030,KAZN
ENSG00000171729,ENST00000376008,TMEM51
ENSG00000142621,ENST00000688493,FHAD1
ENSG00000142634,ENST00000375980,EFHD2
ENSG00000162438,ENST00000375949,CTRC
ENSG00000142615,ENST00000359621,CELA2A
ENSG00000215704,ENST00000375910,CELA2B
ENSG00000132906,ENST00000333868,CASP9
ENSG00000116138,ENST00000375847,DNAJC16
ENSG00000116771,ENST00000375826,AGMAT
ENSG00000197312,ENST00000480945,DDI2
ENSG00000215695,ENST00000345034,RSC1A1
ENSG00000116786,ENST00000375799,PLEKHM2
ENSG00000162461,ENST00000294454,SLC25A34
ENSG00000162460,ENST00000375782,TMEM82
ENSG00000162458,ENST00000375766,FBLIM1
ENSG00000233954,ENST00000696689,UQCRHL
ENSG00000065526,ENST00000375759,SPEN
ENSG00000116809,ENST00000375743,ZBTB17
ENSG00000183888,ENST00000329454,SRARP
ENSG00000173641,ENST00000311890,HSPB7
ENSG00000186510,ENST00000331433,CLCNKA
ENSG00000184908,ENST00000375679,CLCNKB
ENSG00000185519,ENST00000375662,FAM131C
ENSG00000142627,ENST00000358432,EPHA2
ENSG00000142632,ENST00000270747,ARHGEF19
ENSG00000132881,ENST00000375599,CPLANE2
ENSG00000037637,ENST00000375592,FBXO42
ENSG00000055070,ENST00000401088,SZRD1
ENSG00000187144,ENST00000335496,SPATA21
ENSG00000157191,ENST00000337132,NECAP2
ENSG00000058453,ENST00000375541,CROCC
ENSG00000117122,ENST00000375535,MFAP2
ENSG00000159363,ENST00000326735,ATP13A2
ENSG00000117118,ENST00000375499,SDHB
ENSG00000117115,ENST00000375486,PADI2
ENSG00000142623,ENST00000375471,PADI1
ENSG00000142619,ENST00000375460,PADI3
ENSG00000159339,ENST00000375448,PADI4
ENSG00000276747,ENST00000619609,PADI6
ENSG00000179051,ENST00000375436,RCC2
ENSG00000074964,ENST00000361221,ARHGEF10L
ENSG00000117148,ENST00000375406,ACTL8
ENSG00000117154,ENST00000251296,IGSF21
ENSG00000179023,ENST00000400664,KLHDC7A
ENSG00000009709,ENST00000420770,PAX7
ENSG00000179002,ENST00000375371,TAS1R2
ENSG00000159423,ENST00000375341,ALDH4A1
ENSG00000169991,ENST00000455833,IFFO2
ENSG00000127481,ENST00000375254,UBR4
ENSG00000127463,ENST00000477853,EMC1
ENSG00000053372,ENST00000330263,MRTO4
ENSG00000162482,ENST00000361640,AKR7A3
ENSG00000053371,ENST00000235835,AKR7A2
ENSG00000040487,ENST00000375153,SLC66A1
ENSG00000077549,ENST00000264202,CAPZB
ENSG00000173436,ENST00000322753,MICOS10
ENSG00000158747,ENST00000375136,NBL1
ENSG00000158748,ENST00000289753,HTR6
ENSG00000162542,ENST00000294543,TMCO4
ENSG00000178828,ENST00000375121,RNF186
ENSG00000169914,ENST00000375120,OTUD3
ENSG00000188784,ENST00000375116,PLA2G2E
ENSG00000188257,ENST00000482011,PLA2G2A
ENSG00000127472,ENST00000375108,PLA2G5
ENSG00000117215,ENST00000375105,PLA2G2D
ENSG00000158786,ENST00000375102,PLA2G2F
ENSG00000187980,ENST00000679259,PLA2G2C
ENSG00000162543,ENST00000375099,UBXN10
ENSG00000158816,ENST00000289815,VWA5B1
ENSG00000162545,ENST00000375078,CAMK2N1
ENSG00000090432,ENST00000264198,MUL1
ENSG00000183114,ENST00000332947,FAM43B
ENSG00000158825,ENST00000375071,CDA
ENSG00000158828,ENST00000321556,PINK1
ENSG00000244038,ENST00000602624,DDOST
ENSG00000117245,ENST00000400463,KIF17
ENSG00000189410,ENST00000444387,SH2D5
ENSG00000127483,ENST00000438032,HP1BP3
ENSG00000075151,ENST00000602326,EIF4G3
ENSG00000117298,ENST00000374893,ECE1
ENSG00000142794,ENST00000318249,NBPF3
ENSG00000162551,ENST00000374840,ALPL
ENSG00000076864,ENST00000374765,RAP1GAP
ENSG00000090686,ENST00000308271,USP48
ENSG00000187942,ENST00000344642,LDLRAD2
ENSG00000142798,ENST00000374695,HSPG2
ENSG00000219073,ENST00000337107,CELA3B
ENSG00000142789,ENST00000290122,CELA3A
ENSG00000070831,ENST00000656825,CDC42
ENSG00000162552,ENST00000290167,WNT4
ENSG00000184677,ENST00000375647,ZBTB40
ENSG00000070886,ENST00000166244,EPHA8
ENSG00000173372,ENST00000374642,C1QA
ENSG00000159189,ENST00000374640,C1QC
ENSG00000173369,ENST00000509305,C1QB
ENSG00000133216,ENST00000374630,EPHB2
ENSG00000215906,ENST00000426928,LACTBL1
ENSG00000227868,ENST00000566855,TEX46
ENSG00000004487,ENST00000400181,KDM1A
ENSG00000169641,ENST00000302291,LUZP1
ENSG00000179546,ENST00000374619,HTR1D
ENSG00000125944,ENST00000302271,HNRNPR
ENSG00000125945,ENST00000314011,ZNF436
ENSG00000204219,ENST00000450454,TCEA3
ENSG00000088280,ENST00000336689,ASAP3
ENSG00000007968,ENST00000361729,E2F2
ENSG00000117318,ENST00000374561,ID3
ENSG00000142676,ENST00000643754,RPL11
ENSG00000011007,ENST00000613537,ELOA
ENSG00000057757,ENST00000246151,PITHD1
ENSG00000011009,ENST00000374514,LYPLA2
ENSG00000117308,ENST00000617979,GALE
ENSG00000117305,ENST00000374490,HMGCL
ENSG00000179163,ENST00000374479,FUCA1
ENSG00000188822,ENST00000374472,CNR2
ENSG00000189266,ENST00000334351,PNRC2
ENSG00000188529,ENST00000492112,SRSF10
ENSG00000142661,ENST00000374434,MYOM3
ENSG00000142677,ENST00000270800,IL22RA1
ENSG00000185436,ENST00000327535,IFNLR1
ENSG00000158055,ENST00000361548,GRHL3
ENSG00000001460,ENST00000337248,STPG1
ENSG00000001461,ENST00000374399,NIPAL3
ENSG00000117602,ENST00000374395,RCAN3
ENSG00000184454,ENST00000374392,NCMAP
ENSG00000133226,ENST00000323848,SRRM1
ENSG00000169504,ENST00000374379,CLIC4
ENSG00000020633,ENST00000308873,RUNX3
ENSG00000117614,ENST00000236273,SYF2
ENSG00000117616,ENST00000243189,RSRP1
ENSG00000187010,ENST00000328664,RHD
ENSG00000183726,ENST00000374358,TMEM50A
ENSG00000188672,ENST00000294413,RHCE
ENSG00000204178,ENST00000374343,MACO1
ENSG00000157978,ENST00000374338,LDLRAP1
ENSG00000117643,ENST00000374332,MAN1C1
ENSG00000162430,ENST00000361547,SELENON
ENSG00000117640,ENST00000374303,MTFR1L
ENSG00000127423,ENST00000374298,AUNIP
ENSG00000182749,ENST00000675840,PAQR7
ENSG00000117632,ENST00000455785,STMN1
ENSG00000158006,ENST00000374282,PAFAH2
ENSG00000158008,ENST00000374280,EXTL1
ENSG00000158014,ENST00000374276,SLC30A2
ENSG00000158022,ENST00000374272,TRIM63
ENSG00000175087,ENST00000374269,PDIK1L
ENSG00000197245,ENST00000374268,FAM110D
ENSG00000282872,ENST00000634842,C1orf232
ENSG00000236782,ENST00000433939,ZNF593OS
ENSG00000142684,ENST00000374266,ZNF593
ENSG00000142675,ENST00000361530,CNKSR1
ENSG00000188782,ENST00000456354,CATSPER4
ENSG00000130695,ENST00000451429,CEP85
ENSG00000142669,ENST00000270792,SH3BGRL3
ENSG00000158062,ENST00000374222,UBXN11
ENSG00000169442,ENST00000374213,CD52
ENSG00000176092,ENST00000308182,CRYBG2
ENSG00000176083,ENST00000349618,ZNF683
ENSG00000131914,ENST00000326279,LIN28A
ENSG00000117682,ENST00000236342,DHDDS
ENSG00000198830,ENST00000361427,HMGN2
ENSG00000117676,ENST00000374168,RPS6KA1
ENSG00000117713,ENST00000324856,ARID1A
ENSG00000060642,ENST00000674202,PIGV
ENSG00000204160,ENST00000374142,ZDHHC18
ENSG00000175793,ENST00000339276,SFN
ENSG00000142751,ENST00000374135,GPN2
ENSG00000198746,ENST00000361720,GPATCH3
ENSG00000090273,ENST00000321265,NUDC
ENSG00000131910,ENST00000254227,NR0B2
ENSG00000175707,ENST00000320567,KDF1
ENSG00000253368,ENST00000522111,TRNP1
ENSG00000158246,ENST00000289166,TENT5B
ENSG00000090020,ENST00000263980,SLC9A1
ENSG00000142784,ENST00000319394,WDTC1
ENSG00000186501,ENST00000374076,TMEM222
ENSG00000142765,ENST00000616558,SYTL1
ENSG00000142733,ENST00000357582,MAP3K6
ENSG00000142748,ENST00000270879,FCN3
ENSG00000174950,ENST00000374030,CD164L2
ENSG00000181773,ENST00000374024,GPR3
ENSG00000158195,ENST00000618852,WASF2
ENSG00000126705,ENST00000673934,AHDC1
ENSG00000000938,ENST00000374005,FGR
ENSG00000126709,ENST00000361157,IFI6
ENSG00000009780,ENST00000373954,FAM76A
ENSG00000117758,ENST00000373943,STX12
ENSG00000117751,ENST00000311772,PPP1R8
ENSG00000130775,ENST00000373921,THEMIS2
ENSG00000117748,ENST00000373912,RPA2
ENSG00000130768,ENST00000373894,SMPDL3B
ENSG00000158156,ENST00000373884,XKR8
ENSG00000158161,ENST00000373871,EYA3
ENSG00000169403,ENST00000373857,PTAFR
ENSG00000126698,ENST00000263697,DNAJC8
ENSG00000130770,ENST00000335514,ATP5IF1
ENSG00000130766,ENST00000253063,SESN2
ENSG00000130772,ENST00000373842,MED18
ENSG00000204138,ENST00000373839,PHACTR4
ENSG00000180198,ENST00000683442,RCC1
ENSG00000180098,ENST00000373830,TRNAU1AP
ENSG00000120656,ENST00000373824,TAF12
ENSG00000188060,ENST00000465518,RAB42
ENSG00000162419,ENST00000373816,GMEB1
ENSG00000198492,ENST00000373812,YTHDF2
ENSG00000116329,ENST00000234961,OPRD1
ENSG00000159023,ENST00000343067,EPB41
ENSG00000253304,ENST00000521452,TMEM200B
ENSG00000116350,ENST00000373795,SRSF4
ENSG00000116353,ENST00000263702,MECR
ENSG00000060656,ENST00000373779,PTPRU
ENSG00000162510,ENST00000373765,MATN1
ENSG00000162511,ENST00000294507,LAPTM5
ENSG00000162512,ENST00000339394,SDC3
ENSG00000134644,ENST00000426105,PUM1
ENSG00000084628,ENST00000373736,NKAIN1
ENSG00000060688,ENST00000263694,SNRNP40
ENSG00000121766,ENST00000344147,ZCCHC17
ENSG00000121769,ENST00000373713,FABP3
ENSG00000168528,ENST00000373709,SERINC2
ENSG00000142910,ENST00000271064,TINAGL1
ENSG00000121764,ENST00000403528,HCRTR1
ENSG00000162517,ENST00000373703,PEF1
ENSG00000084636,ENST00000373672,COL16A1
ENSG00000121753,ENST00000373658,ADGRB2
ENSG00000134668,ENST00000360482,SPOCD1
ENSG00000184007,ENST00000647444,PTP4A2
ENSG00000288678,ENST00000679970,ENSG00000288678
ENSG00000121774,ENST00000327300,KHDRBS1
ENSG00000121775,ENST00000336294,TMEM39B
ENSG00000025800,ENST00000373625,KPNA6
ENSG00000084652,ENST00000373610,TXLNA
ENSG00000160050,ENST00000373602,CCDC28B
ENSG00000160051,ENST00000291358,IQCC
ENSG00000222046,ENST00000409358,DCDC2B
ENSG00000160055,ENST00000309777,TMEM234
ENSG00000084623,ENST00000677711,EIF3I
ENSG00000183615,ENST00000373582,FAM167B
ENSG00000182866,ENST00000336890,LCK
ENSG00000116478,ENST00000373548,HDAC1
ENSG00000175130,ENST00000329421,MARCKSL1
ENSG00000162526,ENST00000373534,TSSK3
ENSG00000225828,ENST00000432622,FAM229A
ENSG00000160058,ENST00000455895,BSDC1
ENSG00000273274,ENST00000609129,ZBTB8B
ENSG00000160062,ENST00000373510,ZBTB8A
ENSG00000176261,ENST00000468695,ZBTB8OS
ENSG00000162521,ENST00000373493,RBBP4
ENSG00000162520,ENST00000409190,SYNC
ENSG00000162522,ENST00000401073,NHSL3
ENSG00000134684,ENST00000373477,YARS1
ENSG00000116497,ENST00000373475,S100PBP
ENSG00000160097,ENST00000373471,FNDC5
ENSG00000121905,ENST00000373467,HPCA
ENSG00000121900,ENST00000373463,TMEM54
ENSG00000116514,ENST00000235150,RNF19B
ENSG00000004455,ENST00000672715,AK2
ENSG00000142920,ENST00000294517,AZIN2
ENSG00000116525,ENST00000291416,TRIM62
ENSG00000160094,ENST00000539719,ZNF362
ENSG00000184389,ENST00000442999,A3GALT2
ENSG00000134686,ENST00000683057,PHC2
ENSG00000121903,ENST00000684572,ZSCAN20
ENSG00000121904,ENST00000373381,CSMD2
ENSG00000176256,ENST00000681531,HMGB4
ENSG00000142698,ENST00000488417,C1orf94
ENSG00000163866,ENST00000521580,SMIM12
ENSG00000189280,ENST00000338513,GJB5
ENSG00000189433,ENST00000339480,GJB4
ENSG00000188910,ENST00000373366,GJB3
ENSG00000187513,ENST00000342280,GJA4
ENSG00000116544,ENST00000373347,DLGAP3
ENSG00000243749,ENST00000373337,TMEM35B
ENSG00000163867,ENST00000357182,ZMYM6
ENSG00000197056,ENST00000359858,ZMYM1
ENSG00000116560,ENST00000357214,SFPQ
ENSG00000146463,ENST00000314607,ZMYM4
ENSG00000142687,ENST00000325722,KIAA0319L
ENSG00000020129,ENST00000373243,NCDN
ENSG00000116819,ENST00000373235,TFAP2E
ENSG00000126067,ENST00000373237,PSMB2
ENSG00000142686,ENST00000270815,C1orf216
ENSG00000092853,ENST00000318121,CLSPN
ENSG00000134698,ENST00000373210,AGO4
ENSG00000092847,ENST00000373204,AGO1
ENSG00000126070,ENST00000373191,AGO3
ENSG00000092850,ENST00000207457,TEKT2
ENSG00000116863,ENST00000373178,ADPRS
ENSG00000171812,ENST00000397799,COL8A2
ENSG00000054116,ENST00000373166,TRAPPC3
ENSG00000116871,ENST00000474796,MAP7D1
ENSG00000054118,ENST00000354618,THRAP3
ENSG00000214193,ENST00000453908,SH3D21
ENSG00000142694,ENST00000490466,EVA1B
ENSG00000196182,ENST00000373132,STK40
ENSG00000181817,ENST00000315732,LSM10
ENSG00000116885,ENST00000235532,OSCP1
ENSG00000116898,ENST00000373116,MRPS15
ENSG00000119535,ENST00000373106,CSF3R
ENSG00000163873,ENST00000373091,GRIK3
ENSG00000163874,ENST00000373087,ZC3H12A
ENSG00000163875,ENST00000296214,MEAF6
ENSG00000163877,ENST00000296215,SNIP1
ENSG00000163879,ENST00000652629,DNALI1
ENSG00000134697,ENST00000373062,GNL2
ENSG00000169218,ENST00000356545,RSPO1
ENSG00000116922,ENST00000486637,AIRIM
ENSG00000134690,ENST00000373055,CDCA8
ENSG00000183317,ENST00000373048,EPHA10
ENSG00000185090,ENST00000373045,MANEAL
ENSG00000196449,ENST00000373044,YRDC
ENSG00000197982,ENST00000373042,C1orf122
ENSG00000188786,ENST00000373036,MTF1
ENSG00000204084,ENST00000373024,INPP5B
ENSG00000183431,ENST00000373019,SF3A3
ENSG00000183386,ENST00000373016,FHL3
ENSG00000183520,ENST00000373014,UTP11
ENSG00000185668,ENST00000373012,POU3F1
ENSG00000116954,ENST00000373001,RRAGC
ENSG00000214114,ENST00000397572,MYCBP
ENSG00000131233,ENST00000357771,GJA9
ENSG00000158315,ENST00000372990,RHBDL2
ENSG00000174574,ENST00000432648,AKIRIN1
ENSG00000168653,ENST00000372969,NDUFS5
ENSG00000127603,ENST00000564288,MACF1
ENSG00000183682,ENST00000331593,BMP8A
ENSG00000090621,ENST00000372858,PABPC4
ENSG00000163909,ENST00000372852,HEYL
ENSG00000116981,ENST00000235628,NT5C1A
ENSG00000116983,ENST00000372844,HPCAL4
ENSG00000084072,ENST00000324379,PPIE
ENSG00000116985,ENST00000372827,BMP8B
ENSG00000198754,ENST00000327582,OXCT2
ENSG00000043514,ENST00000316891,TRIT1
ENSG00000116990,ENST00000372816,MYCL
ENSG00000168389,ENST00000372811,MFSD2A
ENSG00000131236,ENST00000372805,CAP1
ENSG00000131238,ENST00000642050,PPT1
ENSG00000117000,ENST00000372771,RLF
ENSG00000188800,ENST00000372766,TMCO2
ENSG00000084073,ENST00000372759,ZMPSTE24
ENSG00000049089,ENST00000372748,COL9A2
ENSG00000084070,ENST00000372718,SMAP2
ENSG00000187801,ENST00000361584,ZFP69B
ENSG00000187815,ENST00000372706,ZFP69
ENSG00000164002,ENST00000415550,EXO5
ENSG00000117010,ENST00000372699,ZNF684
ENSG00000117016,ENST00000372684,RIMS3
ENSG00000066136,ENST00000447388,NFYC
ENSG00000117013,ENST00000347132,KCNQ4
ENSG00000179862,ENST00000372638,CITED4
ENSG00000171793,ENST00000650070,CTPS1
ENSG00000171790,ENST00000302946,SLFNL1
ENSG00000010803,ENST00000695335,SCMH1
ENSG00000127129,ENST00000372587,EDN2
ENSG00000127124,ENST00000372583,HIVEP3
ENSG00000044012,ENST00000372581,GUCA2B
ENSG00000197273,ENST00000357001,GUCA2A
ENSG00000198815,ENST00000361346,FOXJ3
ENSG00000177181,ENST00000431473,RIMKLA
ENSG00000066185,ENST00000372565,ZMYND12
ENSG00000127125,ENST00000372561,PPCS
ENSG00000186409,ENST00000657597,CCDC30
ENSG00000171960,ENST00000304979,PPIH
ENSG00000065978,ENST00000321358,YBX1
ENSG00000164007,ENST00000296387,CLDN19
ENSG00000117385,ENST00000296388,P3H1
ENSG00000164008,ENST00000372525,C1orf50
ENSG00000274386,ENST00000637012,TMEM269
ENSG00000177868,ENST00000372521,SVBP
ENSG00000164010,ENST00000372517,ERMAP
ENSG00000164011,ENST00000651192,ZNF691
ENSG00000117394,ENST00000426263,SLC2A1
ENSG00000186973,ENST00000335282,CFAP144
ENSG00000117395,ENST00000236051,EBNA1BP2
ENSG00000243710,ENST00000372492,CFAP57
ENSG00000179178,ENST00000439858,TMEM125
ENSG00000253313,ENST00000523677,C1orf210
ENSG00000066056,ENST00000372476,TIE1
ENSG00000117400,ENST00000372470,MPL
ENSG00000117399,ENST00000310955,CDC20
ENSG00000066322,ENST00000372458,ELOVL1
ENSG00000159479,ENST00000372457,MED8
ENSG00000198198,ENST00000634258,SZT2
ENSG00000178922,ENST00000372430,HYI
ENSG00000142949,ENST00000359947,PTPRF
ENSG00000066135,ENST00000372396,KDM4A
ENSG00000126091,ENST00000347631,ST3GAL3
ENSG00000117407,ENST00000372359,ARTN
ENSG00000117408,ENST00000372343,IPO13
ENSG00000132768,ENST00000255108,DPH2
ENSG00000117410,ENST00000472174,ATP6V0B
ENSG00000117411,ENST00000372324,B4GALT2
ENSG00000159214,ENST00000372318,CCDC24
ENSG00000196517,ENST00000372310,SLC6A9
ENSG00000171872,ENST00000372299,KLF17
ENSG00000283039,ENST00000634670,KLF18
ENSG00000178028,ENST00000372289,DMAP1
ENSG00000117419,ENST00000372257,ERI3
ENSG00000187147,ENST00000361799,RNF220
ENSG00000126106,ENST00000372237,TMEM53
ENSG00000198520,ENST00000535358,ARMH1
ENSG00000142945,ENST00000372224,KIF2C
ENSG00000142937,ENST00000396651,RPS8
ENSG00000142959,ENST00000372207,BEST4
ENSG00000173846,ENST00000372201,PLK3
ENSG00000188396,ENST00000339355,DYNLT4
ENSG00000222009,ENST00000450269,BTBD19
ENSG00000117425,ENST00000372192,PTCH2
ENSG00000070785,ENST00000360403,EIF2B3
ENSG00000126107,ENST00000372172,HECTD3
ENSG00000126088,ENST00000246337,UROD
ENSG00000162415,ENST00000359600,ZSWIM5
ENSG00000186603,ENST00000334815,HPDL
ENSG00000132781,ENST00000456914,MUTYH
ENSG00000132773,ENST00000372090,TOE1
ENSG00000070759,ENST00000372086,TESK2
ENSG00000280670,ENST00000629482,CCDC163
ENSG00000132763,ENST00000401061,MMACHC
ENSG00000117450,ENST00000319248,PRDX1
ENSG00000117448,ENST00000351829,AKR1A1
ENSG00000132780,ENST00000350030,NASP
ENSG00000159588,ENST00000528266,CCDC17
ENSG00000159592,ENST00000355105,GPBP1L1
ENSG00000159596,ENST00000372025,TMEM69
ENSG00000197429,ENST00000396478,IPP
ENSG00000086015,ENST00000361297,MAST2
ENSG00000117461,ENST00000262741,PIK3R3
ENSG00000117472,ENST00000372003,TSPAN1
ENSG00000250719,ENST00000506599,P3R3URF
ENSG00000085998,ENST00000371984,POMGNT1
ENSG00000171357,ENST00000371980,LURAP1
ENSG00000085999,ENST00000371975,RAD54L
ENSG00000132128,ENST00000617190,LRRC41
ENSG00000173660,ENST00000311672,UQCRH
ENSG00000117481,ENST00000474844,NSUN4
ENSG00000117480,ENST00000243167,FAAH
ENSG00000197587,ENST00000360032,DMBX1
ENSG00000282881,ENST00000697682,TMEM275
ENSG00000162456,ENST00000481882,KNCN
ENSG00000079277,ENST00000371945,MKNK1
ENSG00000142961,ENST00000319928,MOB3C
ENSG00000123472,ENST00000574428,ATPAF1
ENSG00000186118,ENST00000334122,TEX38
ENSG00000159658,ENST00000371933,EFCAB14
ENSG00000142973,ENST00000371923,CYP4B1
ENSG00000187048,ENST00000310638,CYP4A11
ENSG00000186377,ENST00000371901,CYP4X1
ENSG00000186160,ENST00000334194,CYP4Z1
ENSG00000162365,ENST00000371891,CYP4A22
ENSG00000162366,ENST00000294338,PDZK1IP1
ENSG00000162367,ENST00000691006,TAL1
ENSG00000123473,ENST00000371877,STIL
ENSG00000162368,ENST00000371873,CMPK1
ENSG00000186790,ENST00000335071,FOXE3
ENSG00000186564,ENST00000334793,FOXD2
ENSG00000269113,ENST00000606738,TRABD2B
ENSG00000117834,ENST00000438567,SLC5A9
ENSG00000132122,ENST00000371847,SPATA6
ENSG00000186094,ENST00000371839,AGBL4
ENSG00000162373,ENST00000371833,BEND5
ENSG00000162374,ENST00000371824,ELAVL4
ENSG00000142700,ENST00000404795,DMRTA2
ENSG00000185104,ENST00000396153,FAF1
ENSG00000123080,ENST00000371761,CDKN2C
ENSG00000204006,ENST00000371759,C1orf185
ENSG00000123091,ENST00000242719,RNF11
ENSG00000085831,ENST00000680483,TTC39A
ENSG00000085832,ENST00000371733,EPS15
ENSG00000117859,ENST00000428468,OSBPL9
ENSG00000078618,ENST00000352171,NRDC
ENSG00000169213,ENST00000371655,RAB3B
ENSG00000117862,ENST00000371626,TXNDC12
ENSG00000198841,ENST00000371614,KTI12
ENSG00000134717,ENST00000313334,BTF3L4
ENSG00000157077,ENST00000287727,ZFYVE9
ENSG00000154222,ENST00000284376,CC2D1B
ENSG00000085840,ENST00000371568,ORC1
ENSG00000134748,ENST00000257181,PRPF38A
ENSG00000134744,ENST00000257177,TUT4
ENSG00000116157,ENST00000361314,GPX7
ENSG00000182183,ENST00000517870,SHISAL2A
ENSG00000162377,ENST00000371538,COA7
ENSG00000162378,ENST00000294353,ZYG11B
ENSG00000203995,ENST00000371528,ZYG11A
ENSG00000121310,ENST00000371522,ECHDC2
ENSG00000116171,ENST00000371514,SCP2
ENSG00000174348,ENST00000312553,PODN
ENSG00000162383,ENST00000371494,SLC1A7
ENSG00000157184,ENST00000371486,CPT2
ENSG00000162384,ENST00000294360,CZIB
ENSG00000162385,ENST00000371470,MAGOH
ENSG00000157193,ENST00000306052,LRP8
ENSG00000143006,ENST00000371445,DMRTB1
ENSG00000174332,ENST00000628545,GLIS1
ENSG00000058804,ENST00000371429,NDC1
ENSG00000058799,ENST00000072644,YIPF1
ENSG00000211452,ENST00000361921,DIO1
ENSG00000081870,ENST00000194214,IFT25
ENSG00000116212,ENST00000371370,LRRC42
ENSG00000203985,ENST00000371360,LDLRAD1
ENSG00000116209,ENST00000234831,TMEM59
ENSG00000116205,ENST00000234827,TCEANC2
ENSG00000157211,ENST00000530059,CDCP2
ENSG00000215883,ENST00000534324,CYB5RL
ENSG00000116221,ENST00000360840,MRPL37
ENSG00000157216,ENST00000610401,SSBP3
ENSG00000162390,ENST00000343744,ACOT11
ENSG00000162391,ENST00000302250,FAM151A
ENSG00000184313,ENST00000421030,MROH7
ENSG00000243725,ENST00000371281,TTC4
ENSG00000162396,ENST00000371279,PARS2
ENSG00000006555,ENST00000371276,TTC22
ENSG00000162398,ENST00000371273,CIMAP2
ENSG00000116133,ENST00000371269,DHCR24
ENSG00000143001,ENST00000371268,TMEM61
ENSG00000162399,ENST00000651561,BSND
ENSG00000169174,ENST00000302118,PCSK9
ENSG00000162402,ENST00000294383,USP24
ENSG00000162407,ENST00000371250,PLPP3
ENSG00000162409,ENST00000371244,PRKAA2
ENSG00000187889,ENST00000343433,FYB2
ENSG00000157131,ENST00000361249,C8A
ENSG00000021852,ENST00000371237,C8B
ENSG00000173406,ENST00000371236,DAB1
ENSG00000162600,ENST00000371226,OMA1
ENSG00000184292,ENST00000371225,TACSTD2
ENSG00000162601,ENST00000472487,MYSM1
ENSG00000177606,ENST00000371222,JUN
ENSG00000172456,ENST00000303721,FGGY
ENSG00000134709,ENST00000371208,HOOK1
ENSG00000134716,ENST00000371204,CYP2J2
ENSG00000162598,ENST00000371201,C1orf87
ENSG00000162599,ENST00000403491,NFIA
ENSG00000162604,ENST00000606498,TM2D1
ENSG00000132849,ENST00000642238,PATJ
ENSG00000240563,ENST00000498273,L1TD1
ENSG00000132854,ENST00000371153,KANK4
ENSG00000162607,ENST00000339950,USP1
ENSG00000116641,ENST00000635253,DOCK7
ENSG00000132855,ENST00000371129,ANGPTL3
ENSG00000125703,ENST00000317868,ATG4C
ENSG00000142856,ENST00000271002,ITGB3BP
ENSG00000187140,ENST00000371116,FOXD3
ENSG00000088035,ENST00000263440,ALG6
ENSG00000203965,ENST00000371088,EFCAB7
ENSG00000079739,ENST00000371084,PGM1
ENSG00000185483,ENST00000371079,ROR1
ENSG00000177414,ENST00000371077,UBE2U
ENSG00000158966,ENST00000651257,CACHD1
ENSG00000162437,ENST00000294428,RAVER2
ENSG00000162434,ENST00000342505,JAK1
ENSG00000162433,ENST00000327299,AK4
ENSG00000116675,ENST00000371069,DNAJC6
ENSG00000213625,ENST00000371065,LEPROT
ENSG00000116678,ENST00000349533,LEPR
ENSG00000184588,ENST00000341517,PDE4B
ENSG00000118473,ENST00000371037,SGIP1
ENSG00000152760,ENST00000282670,DYNLT5
ENSG00000172410,ENST00000304526,INSL5
ENSG00000152763,ENST00000371026,DNAI4
ENSG00000198160,ENST00000401041,MIER1
ENSG00000116704,ENST00000235345,SLC35D1
ENSG00000203963,ENST00000684719,C1orf141
ENSG00000162594,ENST00000347310,IL23R
ENSG00000081985,ENST00000674203,IL12RB2
ENSG00000142864,ENST00000361219,SERBP1
ENSG00000116717,ENST00000370986,GADD45A
ENSG00000172380,ENST00000370982,GNG12
ENSG00000162595,ENST00000646789,DIRAS3
ENSG00000116729,ENST00000262348,WLS
ENSG00000116745,ENST00000262340,RPE65
ENSG00000024526,ENST00000456315,DEPDC1
ENSG00000033122,ENST00000651989,LRRC7
ENSG00000066557,ENST00000370952,LRRC40
ENSG00000116754,ENST00000370949,SRSF11
ENSG00000118454,ENST00000370944,ANKRD13C
ENSG00000116761,ENST00000370938,CTH
ENSG00000050628,ENST00000306666,PTGER3
ENSG00000132485,ENST00000370920,ZRANB2
ENSG00000172260,ENST00000357731,NEGR1
ENSG00000162620,ENST00000354431,LRRIQ3
ENSG00000254685,ENST00000370898,FPGT
ENSG00000116783,ENST00000326637,TNNI3K
ENSG00000162621,ENST00000294635,LRRC53
ENSG00000178965,ENST00000326665,ERICH3
ENSG00000116791,ENST00000340866,CRYZ
ENSG00000162623,ENST00000370867,TYW3
ENSG00000162624,ENST00000356261,LHX8
ENSG00000137968,ENST00000370859,SLC44A5
ENSG00000117054,ENST00000370841,ACADM
ENSG00000137955,ENST00000319942,RABGGTB
ENSG00000057468,ENST00000263187,MSH4
ENSG00000154007,ENST00000284142,ASB17
ENSG00000184005,ENST00000328299,ST6GALNAC3
ENSG00000117069,ENST00000477717,ST6GALNAC5
ENSG00000142892,ENST00000370812,PIGK
ENSG00000154027,ENST00000354567,AK5
ENSG00000036549,ENST00000370801,ZZZ3
ENSG00000077254,ENST00000370794,USP33
ENSG00000180488,ENST00000370791,MIGA1
ENSG00000162614,ENST00000334785,NEXN
ENSG00000162613,ENST00000370768,FUBP1
ENSG00000162616,ENST00000370763,DNAJB4
ENSG00000137960,ENST00000370759,GIPC2
ENSG00000122420,ENST00000370757,PTGFR
ENSG00000137959,ENST00000370751,IFI44L
ENSG00000137965,ENST00000370747,IFI44
ENSG00000162618,ENST00000370742,ADGRL4
ENSG00000117114,ENST00000686636,ADGRL2
ENSG00000137941,ENST00000260505,TTLL7
ENSG00000142875,ENST00000370685,PRKACB
ENSG00000203943,ENST00000394834,SAMD13
ENSG00000137976,ENST00000370665,DNASE2B
ENSG00000117133,ENST00000370654,RPF1
ENSG00000174021,ENST00000370645,GNG5
ENSG00000122432,ENST00000699524,SPATA1
ENSG00000117151,ENST00000370630,CTBS
ENSG00000117155,ENST00000342203,SSX2IP
ENSG00000171517,ENST00000370611,LPAR3
ENSG00000153898,ENST00000370608,MCOLN2
ENSG00000162643,ENST00000294664,DNAI3
ENSG00000055732,ENST00000370589,MCOLN3
ENSG00000097096,ENST00000341460,SYDE2
ENSG00000162642,ENST00000471115,C1orf52
ENSG00000142867,ENST00000648566,BCL10
ENSG00000153904,ENST00000284031,DDAH1
ENSG00000142871,ENST00000451137,CCN1
ENSG00000117174,ENST00000370574,ZNHIT6
ENSG00000171502,ENST00000370571,COL24A1
ENSG00000122417,ENST00000460698,ODF2L
ENSG00000137975,ENST00000370565,CLCA2
ENSG00000016490,ENST00000394711,CLCA1
ENSG00000016602,ENST00000370563,CLCA4
ENSG00000097033,ENST00000370558,SH3GLB1
ENSG00000183291,ENST00000331835,SELENOF
ENSG00000153936,ENST00000370550,HS2ST1
ENSG00000143013,ENST00000370544,LMO4
ENSG00000065243,ENST00000370521,PKN2
ENSG00000137947,ENST00000370500,GTF2B
ENSG00000137944,ENST00000260508,KYAT3
ENSG00000213516,ENST00000652648,RBMXL1
ENSG00000117226,ENST00000370481,GBP3
ENSG00000117228,ENST00000370473,GBP1
ENSG00000162645,ENST00000370466,GBP2
ENSG00000213512,ENST00000294671,GBP7
ENSG00000162654,ENST00000355754,GBP4
ENSG00000154451,ENST00000370459,GBP5
ENSG00000183347,ENST00000370456,GBP6
ENSG00000197147,ENST00000330947,LRRC8B
ENSG00000288629,ENST00000676334,ENSG00000288629
ENSG00000171488,ENST00000370454,LRRC8C
ENSG00000171492,ENST00000337338,LRRC8D
ENSG00000162664,ENST00000340281,ZNF326
ENSG00000143032,ENST00000370445,BARHL2
ENSG00000122482,ENST00000337393,ZNF644
ENSG00000162669,ENST00000370425,HFM1
ENSG00000097046,ENST00000234626,CDC7
ENSG00000069702,ENST00000212355,TGFBR3
ENSG00000137948,ENST00000399546,BRDT
ENSG00000172031,ENST00000370383,EPHX4
ENSG00000230667,ENST00000596516,SETSIP
ENSG00000189195,ENST00000636805,BTBD8
ENSG00000203910,ENST00000370375,C1orf146
ENSG00000174842,ENST00000370360,GLMN
ENSG00000122484,ENST00000610020,RPAP2
ENSG00000162676,ENST00000294702,GFI1
ENSG00000067208,ENST00000684568,EVI5
ENSG00000122406,ENST00000370321,RPL5
ENSG00000154511,ENST00000370310,DIPK1A
ENSG00000143033,ENST00000370298,MTF2
ENSG00000117500,ENST00000370282,TMED5
ENSG00000122483,ENST00000690025,CCDC18
ENSG00000117505,ENST00000370272,DR1
ENSG00000137942,ENST00000271234,FNBP1L
ENSG00000137936,ENST00000260502,BCAR3
ENSG00000067334,ENST00000436063,DNTTIP2
ENSG00000023909,ENST00000370238,GCLM
ENSG00000198691,ENST00000370225,ABCA4
ENSG00000137962,ENST00000260526,ARHGAP29
ENSG00000117528,ENST00000370214,ABCD3
ENSG00000117525,ENST00000334047,F3
ENSG00000143036,ENST00000271227,SLC44A3
ENSG00000117519,ENST00000370206,CNN3
ENSG00000172339,ENST00000370205,ALG14
ENSG00000152078,ENST00000370203,TLCD4
ENSG00000122481,ENST00000370202,RWDD3
ENSG00000117569,ENST00000674951,PTBP2
ENSG00000188641,ENST00000370192,DPYD
ENSG00000162627,ENST00000306121,SNX7
ENSG00000117598,ENST00000263177,PLPPR5
ENSG00000117600,ENST00000370185,PLPPR4
ENSG00000099260,ENST00000263174,PALMD
ENSG00000156869,ENST00000646001,FRRS1
ENSG00000162688,ENST00000361915,AGL
ENSG00000117620,ENST00000533028,SLC35A3
ENSG00000156875,ENST00000370152,MFSD14A
ENSG00000156876,ENST00000287482,SASS6
ENSG00000122435,ENST00000370141,TRMT13
ENSG00000122477,ENST00000370137,LRRC39
ENSG00000137992,ENST00000370132,DBT
ENSG00000137996,ENST00000370128,RTCA
ENSG00000079335,ENST00000336454,CDC14A
ENSG00000181656,ENST00000315033,GPR88
ENSG00000162692,ENST00000294728,VCAM1
ENSG00000162694,ENST00000370114,EXTL2
ENSG00000162695,ENST00000357650,SLC30A7
ENSG00000117543,ENST00000370109,DPH5
ENSG00000170989,ENST00000305352,S1PR1
ENSG00000118733,ENST00000370103,OLFM3
ENSG00000060718,ENST00000370096,COL11A1
ENSG00000185946,ENST00000423855,RNPC3
ENSG00000240038,ENST00000684275,AMY2B
ENSG00000243480,ENST00000414303,AMY2A
ENSG00000237763,ENST00000370083,AMY1A
ENSG00000174876,ENST00000330330,AMY1B
ENSG00000187733,ENST00000622339,AMY1C
ENSG00000198890,ENST00000370078,PRMT6
ENSG00000162631,ENST00000370068,NTNG1
ENSG00000134215,ENST00000370056,VAV3
ENSG00000085491,ENST00000565488,SLC25A24
ENSG00000196427,ENST00000415641,NBPF4
ENSG00000186086,ENST00000495380,NBPF6
ENSG00000162636,ENST00000370035,EEIG2
ENSG00000162639,ENST00000651461,HENMT1
ENSG00000134186,ENST00000370025,PRPF38B
ENSG00000143107,ENST00000370017,FNDC7
ENSG00000116266,ENST00000370008,STXBP3
ENSG00000162641,ENST00000370001,AKNAD1
ENSG00000121957,ENST00000264126,GPSM2
ENSG00000121940,ENST00000369969,CLCC1
ENSG00000085433,ENST00000369962,WDR47
ENSG00000197780,ENST00000338366,TAF13
ENSG00000215717,ENST00000338272,TMEM167B
ENSG00000179902,ENST00000369948,CFAP276
ENSG00000116299,ENST00000369939,ELAPOR1
ENSG00000031698,ENST00000234677,SARS1
ENSG00000143126,ENST00000271332,CELSR2
ENSG00000134222,ENST00000369909,PSRC1
ENSG00000221986,ENST00000357155,MYBPHL
ENSG00000134243,ENST00000256637,SORT1
ENSG00000143106,ENST00000271308,PSMA5
ENSG00000143028,ENST00000369872,SYPL2
ENSG00000162650,ENST00000683729,ATXN7L2
ENSG00000174151,ENST00000420578,CYB561D1
ENSG00000181754,ENST00000369864,AMIGO1
ENSG00000156097,ENST00000527748,GPR61
ENSG00000065135,ENST00000369851,GNAI3
ENSG00000134183,ENST00000679935,GNAT2
ENSG00000116337,ENST00000528667,AMPD2
ENSG00000168765,ENST00000369836,GSTM4
ENSG00000213366,ENST00000241337,GSTM2
ENSG00000134184,ENST00000309851,GSTM1
ENSG00000134201,ENST00000256593,GSTM5
ENSG00000134202,ENST00000361066,GSTM3
ENSG00000198758,ENST00000361965,EPS8L3
ENSG00000184371,ENST00000329608,CSF1
ENSG00000168710,ENST00000369799,AHCYL1
ENSG00000143093,ENST00000369795,STRIP1
ENSG00000156150,ENST00000647563,ALX3
ENSG00000186150,ENST00000334179,UBL4B
ENSG00000197106,ENST00000331565,SLC6A17
ENSG00000116396,ENST00000438661,KCNC4
ENSG00000162775,ENST00000369784,RBM15
ENSG00000168679,ENST00000369779,SLC16A4
ENSG00000134248,ENST00000602318,LAMTOR5
ENSG00000143125,ENST00000271331,PROK1
ENSG00000143105,ENST00000369771,KCNA10
ENSG00000177301,ENST00000316361,KCNA2
ENSG00000177272,ENST00000369769,KCNA3
ENSG00000143119,ENST00000271324,CD53
ENSG00000121931,ENST00000369763,LRIF1
ENSG00000156171,ENST00000484310,DRAM2
ENSG00000134255,ENST00000357172,CEPT1
ENSG00000162777,ENST00000357640,DENND2D
ENSG00000064886,ENST00000369748,CHI3L2
ENSG00000134216,ENST00000369740,CHIA
ENSG00000173947,ENST00000369738,CIMAP3
ENSG00000085465,ENST00000369732,OVGP1
ENSG00000116455,ENST00000235090,WDR77
ENSG00000116459,ENST00000369722,ATP5PB
ENSG00000143110,ENST00000369718,C1orf162
ENSG00000121933,ENST00000369716,TMIGD3
ENSG00000282608,ENST00000241356,ADORA3
ENSG00000116473,ENST00000369709,RAP1A
ENSG00000197852,ENST00000357260,INKA2
ENSG00000064703,ENST00000369702,DDX20
ENSG00000171385,ENST00000302127,KCND3
ENSG00000143079,ENST00000271277,CTTNBP2NL
ENSG00000134245,ENST00000369684,WNT2B
ENSG00000007341,ENST00000358039,ST7L
ENSG00000116489,ENST00000263168,CAPZA1
ENSG00000155363,ENST00000369645,MOV10
ENSG00000155366,ENST00000339083,RHOC
ENSG00000155367,ENST00000309276,PPM1J
ENSG00000184599,ENST00000361886,TAFA3
ENSG00000155380,ENST00000369626,SLC16A1
ENSG00000198799,ENST00000361127,LRIG2
ENSG00000081026,ENST00000307546,MAGI3
ENSG00000116793,ENST00000369604,PHTF1
ENSG00000081019,ENST00000261441,RSBN1
ENSG00000134242,ENST00000359785,PTPN22
ENSG00000188761,ENST00000393316,BCL2L15
ENSG00000134262,ENST00000369569,AP4B1
ENSG00000118655,ENST00000650450,DCLRE1B
ENSG00000163349,ENST00000426820,HIPK1
ENSG00000116774,ENST00000320334,OLFML3
ENSG00000134207,ENST00000610222,SYT6
ENSG00000197323,ENST00000358465,TRIM33
ENSG00000116752,ENST00000369541,BCAS2
ENSG00000175984,ENST00000393274,DENND2C
ENSG00000116748,ENST00000520113,AMPD1
ENSG00000213281,ENST00000369535,NRAS
ENSG00000009307,ENST00000358528,CSDE1
ENSG00000052723,ENST00000060969,SIKE1
ENSG00000198765,ENST00000369522,SYCP1
ENSG00000134200,ENST00000256592,TSHB
ENSG00000134198,ENST00000369516,TSPAN2
ENSG00000134259,ENST00000369512,NGF
ENSG00000173218,ENST00000355485,VANGL1
ENSG00000118729,ENST00000261448,CASQ2
ENSG00000177551,ENST00000320238,NHLH2
ENSG00000163393,ENST00000369503,SLC22A15
ENSG00000173212,ENST00000369500,MAB21L3
ENSG00000163399,ENST00000295598,ATP1A1
ENSG00000116815,ENST00000369489,CD58
ENSG00000143061,ENST00000369486,IGSF3
ENSG00000116824,ENST00000369478,CD2
ENSG00000134247,ENST00000393203,PTGFRN
ENSG00000134256,ENST00000682167,CD101
ENSG00000116830,ENST00000369466,TTF2
ENSG00000134253,ENST00000256649,TRIM45
ENSG00000134258,ENST00000369458,VTCN1
ENSG00000198162,ENST00000356554,MAN1A2
ENSG00000183508,ENST00000369448,TENT5C
ENSG00000196505,ENST00000369443,GDAP2
ENSG00000065183,ENST00000349139,WDR3
ENSG00000155761,ENST00000336338,SPAG17
ENSG00000092607,ENST00000369429,TBX15
ENSG00000116874,ENST00000235521,WARS2
ENSG00000116882,ENST00000325945,HAO2
ENSG00000203859,ENST00000369416,HSD3B2
ENSG00000203857,ENST00000369413,HSD3B1
ENSG00000143067,ENST00000421812,ZNF697
ENSG00000092621,ENST00000641023,PHGDH
ENSG00000134240,ENST00000369406,HMGCS2
ENSG00000134193,ENST00000256585,REG4
ENSG00000134249,ENST00000369400,ADAM30
ENSG00000134250,ENST00000256646,NOTCH2
ENSG00000265808,ENST00000578049,SEC22B
ENSG00000270231,ENST00000698216,NBPF8
ENSG00000286106,ENST00000624419,NOTCH2NLR
ENSG00000263353,ENST00000577856,PPIAL4A
ENSG00000188610,ENST00000369390,FAM72B
ENSG00000171943,ENST00000367123,SRGAP2C
ENSG00000273213,ENST00000392948,H3-7
ENSG00000263513,ENST00000584486,FAM72C
ENSG00000271567,ENST00000581164,PPIAL4E
ENSG00000266338,ENST00000581897,NBPF15
ENSG00000279782,ENST00000581138,PPIAL4F
ENSG00000196369,ENST00000641863,SRGAP2B
ENSG00000215784,ENST00000400889,FAM72D
ENSG00000289549,ENST00000544708,PPIAL4D
ENSG00000162825,ENST00000698833,NBPF20
ENSG00000117262,ENST00000313835,GPR89A
ENSG00000174827,ENST00000417171,PDZK1
ENSG00000117281,ENST00000369288,CD160
ENSG00000265491,ENST00000582693,RNF115
ENSG00000186141,ENST00000334163,POLR3C
ENSG00000186364,ENST00000334513,NUDT17
ENSG00000131788,ENST00000393045,PIAS3
ENSG00000198483,ENST00000355594,ANKRD35
ENSG00000143127,ENST00000369304,ITGA10
ENSG00000131779,ENST00000369306,PEX11B
ENSG00000265241,ENST00000583313,RBM8A
ENSG00000271601,ENST00000604000,LIX1L
ENSG00000272031,ENST00000606888,ANKRD34A
ENSG00000121851,ENST00000369314,POLR3GL
ENSG00000265972,ENST00000582401,TXNIP
ENSG00000168509,ENST00000336751,HJV
ENSG00000271425,ENST00000583866,NBPF10
ENSG00000264343,ENST00000362074,NOTCH2NLA
ENSG00000270339,ENST00000584068,PPIAL4H
ENSG00000268043,ENST00000698835,NBPF12
ENSG00000131791,ENST00000254101,PRKAB2
ENSG00000131781,ENST00000254090,FMO5
ENSG00000131778,ENST00000369258,CHD1L
ENSG00000116128,ENST00000234739,BCL9
ENSG00000288626,ENST00000675347,ENSG00000288626
ENSG00000162836,ENST00000583509,ACP6
ENSG00000265107,ENST00000579774,GJA5
ENSG00000121634,ENST00000369235,GJA8
ENSG00000188092,ENST00000314163,GPR89B
ENSG00000263956,ENST00000682118,NBPF11
ENSG00000236334,ENST00000419275,PPIAL4G
ENSG00000270629,ENST00000619423,NBPF14
ENSG00000286019,ENST00000593495,NOTCH2NLB
ENSG00000177144,ENST00000322209,NUDT4B
ENSG00000178104,ENST00000695795,PDE4DIP
ENSG00000269713,ENST00000698832,NBPF9
ENSG00000286219,ENST00000650865,NOTCH2NLC
ENSG00000271383,ENST00000651566,NBPF19
ENSG00000288867,ENST00000585245,PPIAL4C
ENSG00000150337,ENST00000369168,FCGR1A
ENSG00000203814,ENST00000369167,H2BC18
ENSG00000183598,ENST00000331491,H3C13
ENSG00000270882,ENST00000578186,H4C14
ENSG00000203811,ENST00000369158,H3C14
ENSG00000288825,ENST00000369159,H2AC18
ENSG00000288859,ENST00000607355,H2AC19
ENSG00000203852,ENST00000403683,H3C15
ENSG00000270276,ENST00000579512,H4C15
ENSG00000184678,ENST00000369155,H2BC21
ENSG00000184260,ENST00000331380,H2AC20
ENSG00000184270,ENST00000331128,H2AC21
ENSG00000178096,ENST00000369152,BOLA1
ENSG00000159164,ENST00000369146,SV2A
ENSG00000143368,ENST00000271628,SF3B4
ENSG00000014914,ENST00000439741,MTMR11
ENSG00000264522,ENST00000581312,OTUD7B
ENSG00000136631,ENST00000644510,VPS45
ENSG00000023902,ENST00000369124,PLEKHO1
ENSG00000143401,ENST00000583931,ANP32E
ENSG00000118298,ENST00000369111,CA14
ENSG00000117362,ENST00000369109,APH1A
ENSG00000118292,ENST00000369099,C1orf54
ENSG00000159208,ENST00000290363,CIART
ENSG00000266472,ENST00000614145,MRPS21
ENSG00000117360,ENST00000324862,PRPF3
ENSG00000163125,ENST00000369068,RPRD2
ENSG00000143374,ENST00000369064,TARS2
ENSG00000143369,ENST00000369047,ECM1
ENSG00000228126,ENST00000416894,FALEC
ENSG00000143382,ENST00000271643,ADAMTSL4
ENSG00000143384,ENST00000369026,MCL1
ENSG00000143420,ENST00000369014,ENSA
ENSG00000143457,ENST00000271732,GOLPH3L
ENSG00000143452,ENST00000361824,HORMAD1
ENSG00000163131,ENST00000368985,CTSS
ENSG00000143387,ENST00000271651,CTSK
ENSG00000143437,ENST00000358595,ARNT
ENSG00000283324,ENST00000636087,CTXND2
ENSG00000143379,ENST00000692827,SETDB1
ENSG00000143418,ENST00000368954,CERS2
ENSG00000143412,ENST00000368947,ANXA9
ENSG00000143409,ENST00000683666,MINDY1
ENSG00000143363,ENST00000271620,PRUNE1
ENSG00000163141,ENST00000368931,BNIPL
ENSG00000143443,ENST00000368926,C1orf56
ENSG00000197622,ENST00000357235,CDC42SE1
ENSG00000213190,ENST00000368921,MLLT11
ENSG00000143458,ENST00000368918,GABPB2
ENSG00000143434,ENST00000368914,SEMA6C
ENSG00000163154,ENST00000368910,TNFAIP8L2
ENSG00000163156,ENST00000368905,SCNM1
ENSG00000163155,ENST00000368908,LYSMD1
ENSG00000163157,ENST00000295314,TMOD4
ENSG00000163159,ENST00000368892,VPS72
ENSG00000143398,ENST00000368888,PIP5K1A
ENSG00000159352,ENST00000368884,PSMD4
ENSG00000143373,ENST00000336715,ZNF687
ENSG00000143393,ENST00000368873,PI4KB
ENSG00000143390,ENST00000452671,RFX5
ENSG00000143416,ENST00000368868,SELENBP1
ENSG00000159377,ENST00000290541,PSMB4
ENSG00000143442,ENST00000271715,POGZ
ENSG00000143375,ENST00000271636,CGN
ENSG00000143367,ENST00000368849,TUFT1
ENSG00000143376,ENST00000458013,SNX27
ENSG00000159409,ENST00000290583,CELF3
ENSG00000178796,ENST00000479191,RIIAD1
ENSG00000143436,ENST00000368830,MRPL9
ENSG00000182134,ENST00000368824,TDRKH
ENSG00000213171,ENST00000368820,LINGO4
ENSG00000143365,ENST00000318247,RORC
ENSG00000225556,ENST00000694868,C2CD4D
ENSG00000196407,ENST00000368817,THEM5
ENSG00000159445,ENST00000368814,THEM4
ENSG00000197747,ENST00000368811,S100A10
ENSG00000163191,ENST00000271638,S100A11
ENSG00000182898,ENST00000368806,TCHHL1
ENSG00000159450,ENST00000614923,TCHH
ENSG00000215853,ENST00000316073,RPTN
ENSG00000197915,ENST00000368801,HRNR
ENSG00000143631,ENST00000368799,FLG
ENSG00000143520,ENST00000388718,FLG2
ENSG00000143536,ENST00000271835,CRNN
ENSG00000186207,ENST00000334269,LCE5A
ENSG00000169509,ENST00000368790,CRCT1
ENSG00000185966,ENST00000368789,LCE3E
ENSG00000163202,ENST00000368787,LCE3D
ENSG00000244057,ENST00000684028,LCE3C
ENSG00000187238,ENST00000335633,LCE3B
ENSG00000185962,ENST00000335674,LCE3A
ENSG00000187223,ENST00000368784,LCE2D
ENSG00000187180,ENST00000368783,LCE2C
ENSG00000159455,ENST00000368780,LCE2B
ENSG00000187173,ENST00000368779,LCE2A
ENSG00000187170,ENST00000368777,LCE4A
ENSG00000198854,ENST00000368775,KPLCE
ENSG00000203786,ENST00000606109,KPRP
ENSG00000240386,ENST00000334371,LCE1F
ENSG00000186226,ENST00000368770,LCE1E
ENSG00000172155,ENST00000326233,LCE1D
ENSG00000197084,ENST00000607093,LCE1C
ENSG00000196734,ENST00000360090,LCE1B
ENSG00000186844,ENST00000335123,LCE1A
ENSG00000235942,ENST00000431011,LCE6A
ENSG00000285946,ENST00000650277,LCE7A
ENSG00000163206,ENST00000368765,SMCP
ENSG00000163207,ENST00000368764,IVL
ENSG00000283227,ENST00000636302,SPRR5
ENSG00000184148,ENST00000328051,SPRR4
ENSG00000169474,ENST00000368762,SPRR1A
ENSG00000163209,ENST00000295367,SPRR3
ENSG00000169469,ENST00000307098,SPRR1B
ENSG00000163216,ENST00000360379,SPRR2D
ENSG00000241794,ENST00000392653,SPRR2A
ENSG00000196805,ENST00000368755,SPRR2B
ENSG00000203785,ENST00000368750,SPRR2E
ENSG00000244094,ENST00000468739,SPRR2F
ENSG00000159516,ENST00000368748,SPRR2G
ENSG00000203784,ENST00000368747,LELP1
ENSG00000203783,ENST00000368744,PRR9
ENSG00000203782,ENST00000368742,LORICRIN
ENSG00000159527,ENST00000683862,PGLYRP3
ENSG00000163218,ENST00000359650,PGLYRP4
ENSG00000163220,ENST00000368738,S100A9
ENSG00000163221,ENST00000368737,S100A12
ENSG00000143546,ENST00000368733,S100A8
ENSG00000184330,ENST00000368729,S100A7A
ENSG00000143556,ENST00000368723,S100A7
ENSG00000197956,ENST00000368719,S100A6
ENSG00000196420,ENST00000368717,S100A5
ENSG00000196154,ENST00000368716,S100A4
ENSG00000188015,ENST00000368713,S100A3
ENSG00000196754,ENST00000368708,S100A2
ENSG00000188643,ENST00000368706,S100A16
ENSG00000189334,ENST00000344616,S100A14
ENSG00000189171,ENST00000476133,S100A13
ENSG00000160678,ENST00000292169,S100A1
ENSG00000160679,ENST00000368694,CHTOP
ENSG00000143553,ENST00000368685,SNAPIN
ENSG00000143621,ENST00000361891,ILF2
ENSG00000169418,ENST00000368680,NPR1
ENSG00000143624,ENST00000318967,INTS3
ENSG00000143554,ENST00000624995,SLC27A3
ENSG00000143614,ENST00000368655,GATAD2B
ENSG00000198837,ENST00000361217,DENND4B
ENSG00000160741,ENST00000368633,CRTC2
ENSG00000143570,ENST00000356205,SLC39A1
ENSG00000143578,ENST00000368607,CREB3L4
ENSG00000143543,ENST00000271843,JTB
ENSG00000143545,ENST00000368575,RAB13
ENSG00000177954,ENST00000651669,RPS27
ENSG00000143552,ENST00000368559,NUP210L
ENSG00000143549,ENST00000651641,TPM3
ENSG00000163263,ENST00000368525,CFAP141
ENSG00000143612,ENST00000368521,C1orf43
ENSG00000143569,ENST00000428931,UBAP2L
ENSG00000143575,ENST00000328703,HAX1
ENSG00000143595,ENST00000324978,AQP10
ENSG00000143515,ENST00000368489,ATP8B2
ENSG00000160712,ENST00000368485,IL6R
ENSG00000169291,ENST00000304760,SHE
ENSG00000163239,ENST00000368482,TDRD10
ENSG00000160714,ENST00000292211,UBE2Q1
ENSG00000160716,ENST00000368476,CHRNB2
ENSG00000160710,ENST00000368474,ADAR
ENSG00000143603,ENST00000271915,KCNN3
ENSG00000163344,ENST00000368467,PMVK
ENSG00000163346,ENST00000368463,PBXIP1
ENSG00000163348,ENST00000368457,PYGO2
ENSG00000160691,ENST00000448116,SHC1
ENSG00000173207,ENST00000308987,CKS1B
ENSG00000160688,ENST00000292180,FLAD1
ENSG00000163352,ENST00000392487,LENEP
ENSG00000160685,ENST00000535420,ZBTB7B
ENSG00000163354,ENST00000368424,DCST2
ENSG00000163357,ENST00000295542,DCST1
ENSG00000143537,ENST00000356955,ADAM15
ENSG00000243364,ENST00000368409,EFNA4
ENSG00000143590,ENST00000368408,EFNA3
ENSG00000169242,ENST00000368407,EFNA1
ENSG00000169241,ENST00000368404,SLC50A1
ENSG00000179085,ENST00000368400,DPM3
ENSG00000163463,ENST00000295682,KRTCAP2
ENSG00000163462,ENST00000334634,TRIM46
ENSG00000169231,ENST00000368378,THBS3
ENSG00000173171,ENST00000368376,MTX1
ENSG00000177628,ENST00000368373,GBA1
ENSG00000160767,ENST00000361361,ENTREP3
ENSG00000116521,ENST00000302631,SCAMP3
ENSG00000176444,ENST00000368361,CLK2
ENSG00000143630,ENST00000368358,HCN3
ENSG00000143627,ENST00000342741,PKLR
ENSG00000160752,ENST00000368356,FDPS
ENSG00000160753,ENST00000368352,RUSC1
ENSG00000116539,ENST00000392403,ASH1L
ENSG00000125459,ENST00000245564,MSTO1
ENSG00000163374,ENST00000355499,YY1AP1
ENSG00000132676,ENST00000368336,DAP3
ENSG00000116580,ENST00000368331,GON4L
ENSG00000132718,ENST00000368324,SYT11
ENSG00000143622,ENST00000368323,RIT1
ENSG00000132680,ENST00000368321,KHDC4
ENSG00000173080,ENST00000368318,RXFP4
ENSG00000116584,ENST00000361247,ARHGEF2
ENSG00000163479,ENST00000295702,SSR2
ENSG00000160803,ENST00000368309,UBQLN4
ENSG00000116586,ENST00000368305,LAMTOR2
ENSG00000132698,ENST00000361084,RAB25
ENSG00000254726,ENST00000532414,MEX3A
ENSG00000160789,ENST00000368300,LMNA
ENSG00000196189,ENST00000368285,SEMA4A
ENSG00000160785,ENST00000359511,SLC25A44
ENSG00000160783,ENST00000368277,PMF1
ENSG00000242252,ENST00000368272,BGLAP
ENSG00000160781,ENST00000292291,PAQR6
ENSG00000198952,ENST00000361813,SMG5
ENSG00000163472,ENST00000405535,TMEM79
ENSG00000198715,ENST00000362007,GLMP
ENSG00000189030,ENST00000339922,VHLL
ENSG00000163468,ENST00000295688,CCT3
ENSG00000163467,ENST00000368254,TSACC
ENSG00000132677,ENST00000537040,RHBG
ENSG00000116604,ENST00000348159,MEF2D
ENSG00000183856,ENST00000361170,IQGAP3
ENSG00000187862,ENST00000368236,TTC24
ENSG00000163382,ENST00000368235,NAXE
ENSG00000132702,ENST00000255039,HAPLN2
ENSG00000132692,ENST00000329117,BCAN
ENSG00000132688,ENST00000368223,NES
ENSG00000143320,ENST00000368222,CRABP2
ENSG00000143319,ENST00000368219,ISG20L2
ENSG00000143303,ENST00000368216,METTL25B
ENSG00000143314,ENST00000361531,MRPL24
ENSG00000143321,ENST00000357325,HDGF
ENSG00000143294,ENST00000271526,PRCC
ENSG00000027869,ENST00000368199,SH2D2A
ENSG00000198400,ENST00000524377,NTRK1
ENSG00000027644,ENST00000368195,INSRR
ENSG00000187800,ENST00000292357,PEAR1
ENSG00000160838,ENST00000337428,LRRC71
ENSG00000132694,ENST00000368194,ARHGEF11
ENSG00000253831,ENST00000454449,ETV3L
ENSG00000117036,ENST00000368192,ETV3
ENSG00000143297,ENST00000361835,FCRL5
ENSG00000163518,ENST00000271532,FCRL4
ENSG00000160856,ENST00000368184,FCRL3
ENSG00000132704,ENST00000361516,FCRL2
ENSG00000163534,ENST00000368176,FCRL1
ENSG00000073754,ENST00000368174,CD5L
ENSG00000183853,ENST00000359209,KIRREL1
ENSG00000288460,ENST00000672824,SMIM42
ENSG00000158473,ENST00000674085,CD1D
ENSG00000158477,ENST00000289429,CD1A
ENSG00000158481,ENST00000368170,CD1C
ENSG00000158485,ENST00000368168,CD1B
ENSG00000158488,ENST00000368167,CD1E
ENSG00000186306,ENST00000334438,OR10T2
ENSG00000180708,ENST00000641042,OR10K2
ENSG00000173285,ENST00000641535,OR10K1
ENSG00000198965,ENST00000641067,OR10R2
ENSG00000197532,ENST00000641622,OR6Y1
ENSG00000186440,ENST00000641540,OR6P1
ENSG00000279111,ENST00000623167,OR10X1
ENSG00000198967,ENST00000641002,OR10Z1
ENSG00000163554,ENST00000643759,SPTA1
ENSG00000196171,ENST00000359610,OR6K2
ENSG00000203757,ENST00000368145,OR6K3
ENSG00000197403,ENST00000641846,OR6N1
ENSG00000180433,ENST00000641861,OR6K6
ENSG00000188340,ENST00000641131,OR6N2
ENSG00000163563,ENST00000368141,MNDA
ENSG00000163564,ENST00000368140,PYHIN1
ENSG00000163565,ENST00000295809,IFI16
ENSG00000289721,ENST00000696987,PYDC5
ENSG00000163568,ENST00000368130,AIM2
ENSG00000162706,ENST00000368125,CADM3
ENSG00000213088,ENST00000368122,ACKR1
ENSG00000179639,ENST00000693622,FCER1A
ENSG00000196184,ENST00000423932,OR10J1
ENSG00000184155,ENST00000334857,OR10J5
ENSG00000132703,ENST00000255040,APCS
ENSG00000132693,ENST00000255030,CRP
ENSG00000158716,ENST00000368107,DUSP23
ENSG00000181036,ENST00000368106,FCRL6
ENSG00000158714,ENST00000289707,SLAMF8
ENSG00000243284,ENST00000368100,VSIG8
ENSG00000213085,ENST00000368099,CFAP45
ENSG00000158710,ENST00000368097,TAGLN2
ENSG00000085552,ENST00000368094,IGSF9
ENSG00000162723,ENST00000368093,SLAMF9
ENSG00000177807,ENST00000644903,KCNJ10
ENSG00000143315,ENST00000368090,PIGM
ENSG00000162728,ENST00000368088,KCNJ9
ENSG00000162729,ENST00000314485,IGSF8
ENSG00000018625,ENST00000361216,ATP1A2
ENSG00000132681,ENST00000368081,ATP1A4
ENSG00000143318,ENST00000368078,CASQ1
ENSG00000162734,ENST00000360472,PEA15
ENSG00000132716,ENST00000368074,DCAF8
ENSG00000162735,ENST00000368072,PEX19
ENSG00000122218,ENST00000241704,COPA
ENSG00000162736,ENST00000294785,NCSTN
ENSG00000171786,ENST00000302101,NHLH1
ENSG00000162738,ENST00000368061,VANGL2
ENSG00000162739,ENST00000368057,SLAMF6
ENSG00000066294,ENST00000368054,CD84
ENSG00000117090,ENST00000302035,SLAMF1
ENSG00000117091,ENST00000368046,CD48
ENSG00000026751,ENST00000368043,SLAMF7
ENSG00000122224,ENST00000263285,LY9
ENSG00000122223,ENST00000368034,CD244
ENSG00000179914,ENST00000326245,ITLN1
ENSG00000158764,ENST00000368029,ITLN2
ENSG00000158769,ENST00000368026,F11R
ENSG00000215845,ENST00000423014,TSTD1
ENSG00000158773,ENST00000368021,USF1
ENSG00000186517,ENST00000368013,ARHGAP30
ENSG00000143217,ENST00000368012,NECTIN4
ENSG00000162755,ENST00000368011,KLHDC9
ENSG00000143256,ENST00000368010,PFDN2
ENSG00000158793,ENST00000368009,NIT1
ENSG00000158796,ENST00000368006,DEDD
ENSG00000143222,ENST00000368003,UFC1
ENSG00000143258,ENST00000368002,USP21
ENSG00000143224,ENST00000367999,PPOX
ENSG00000158850,ENST00000319769,B4GALT3
ENSG00000158859,ENST00000367996,ADAMTS4
ENSG00000158864,ENST00000676972,NDUFS2
ENSG00000158869,ENST00000289902,FCER1G
ENSG00000158874,ENST00000367990,APOA2
ENSG00000158882,ENST00000367988,TOMM40L
ENSG00000143257,ENST00000367983,NR1I3
ENSG00000248485,ENST00000504449,PCP4L1
ENSG00000158887,ENST00000533357,MPZ
ENSG00000143252,ENST00000367975,SDHC
ENSG00000188931,ENST00000367974,CFAP126
ENSG00000143226,ENST00000271450,FCGR2A
ENSG00000173110,ENST00000309758,HSPA6
ENSG00000203747,ENST00000443193,FCGR3A
ENSG00000162747,ENST00000650385,FCGR3B
ENSG00000072694,ENST00000358671,FCGR2B
ENSG00000132185,ENST00000236938,FCRLA
ENSG00000162746,ENST00000367948,FCRLB
ENSG00000081721,ENST00000367943,DUSP12
ENSG00000118217,ENST00000367942,ATF6
ENSG00000162745,ENST00000294794,OLFML2B
ENSG00000198929,ENST00000361897,NOS1AP
ENSG00000171722,ENST00000367935,SPATA46
ENSG00000239887,ENST00000458626,C1orf226
ENSG00000198574,ENST00000367929,SH2D1B
ENSG00000152332,ENST00000489294,UHMK1
ENSG00000117143,ENST00000367925,UAP1
ENSG00000162733,ENST00000367921,DDR2
ENSG00000132196,ENST00000254521,HSD17B7
ENSG00000185860,ENST00000367912,CCDC190
ENSG00000117152,ENST00000367909,RGS4
ENSG00000143248,ENST00000313961,RGS5
ENSG00000143228,ENST00000271452,NUF2
ENSG00000185630,ENST00000420696,PBX1
ENSG00000162761,ENST00000342310,LMX1A
ENSG00000143171,ENST00000359842,RXRG
ENSG00000162763,ENST00000294818,LRRC52
ENSG00000143198,ENST00000367889,MGST3
ENSG00000143149,ENST00000354775,ALDH9A1
ENSG00000143183,ENST00000367881,TMCO1
ENSG00000143179,ENST00000367879,UCK2
ENSG00000188859,ENST00000354422,FAM78B
ENSG00000143157,ENST00000367876,POGK
ENSG00000152382,ENST00000367874,TADA1
ENSG00000143195,ENST00000271417,ILDR2
ENSG00000143194,ENST00000367872,MAEL
ENSG00000143167,ENST00000367868,GPA33
ENSG00000198842,ENST00000361200,STYXL2
ENSG00000143190,ENST00000367866,POU2F1
ENSG00000198821,ENST00000362089,CD247
ENSG00000143162,ENST00000370509,CREG1
ENSG00000198771,ENST00000367854,RCSD1
ENSG00000197965,ENST00000359523,MPZL1
ENSG00000143199,ENST00000367851,ADCY10
ENSG00000143158,ENST00000271373,MPC2
ENSG00000143164,ENST00000367840,DCAF6
ENSG00000143147,ENST00000682931,GPR161
ENSG00000143155,ENST00000367833,TIPRL
ENSG00000213064,ENST00000271375,SFT2D2
ENSG00000143178,ENST00000367821,TBX19
ENSG00000143185,ENST00000367819,XCL2
ENSG00000143184,ENST00000367818,XCL1
ENSG00000143196,ENST00000367817,DPT
ENSG00000143153,ENST00000367815,ATP1B1
ENSG00000143156,ENST00000367811,NME7
ENSG00000117475,ENST00000367808,BLZF1
ENSG00000117477,ENST00000367806,CCDC181
ENSG00000117479,ENST00000236137,SLC19A2
ENSG00000198734,ENST00000367797,F5
ENSG00000174175,ENST00000263686,SELP
ENSG00000000460,ENST00000359326,FIRRM
ENSG00000188404,ENST00000236147,SELL
ENSG00000007908,ENST00000333360,SELE
ENSG00000171806,ENST00000310392,METTL18
ENSG00000000457,ENST00000367771,SCYL3
ENSG00000075945,ENST00000361580,KIFAP3
ENSG00000203740,ENST00000439373,NTMT2
ENSG00000120370,ENST00000367763,GORAB
ENSG00000116132,ENST00000239461,PRRX1
ENSG00000117501,ENST00000367759,MROH9
ENSG00000007933,ENST00000367755,FMO3
ENSG00000094963,ENST00000209929,FMO2
ENSG00000010932,ENST00000617670,FMO1
ENSG00000076258,ENST00000367749,FMO4
ENSG00000117523,ENST00000647382,PRRC2C
ENSG00000283683,ENST00000637642,MYOCOS
ENSG00000034971,ENST00000037502,MYOC
ENSG00000117533,ENST00000236192,VAMP4
ENSG00000010165,ENST00000361735,METTL13
ENSG00000197959,ENST00000627582,DNM3
ENSG00000135845,ENST00000344529,PIGC
ENSG00000180999,ENST00000367727,C1orf105
ENSG00000094975,ENST00000263688,SUCO
ENSG00000117560,ENST00000367721,FASLG
ENSG00000120337,ENST00000404377,TNFSF18
ENSG00000117586,ENST00000281834,TNFSF4
ENSG00000117592,ENST00000340385,PRDX6
ENSG00000162753,ENST00000367714,SLC9C2
ENSG00000183831,ENST00000333279,ANKRD45
ENSG00000232113,ENST00000417563,TEX50
ENSG00000076321,ENST00000209884,KLHL20
ENSG00000120334,ENST00000682279,CENPL
ENSG00000117593,ENST00000649689,DARS2
ENSG00000234741,ENST00000687189,GAS5
ENSG00000185278,ENST00000367701,ZBTB37
ENSG00000117601,ENST00000367698,SERPINC1
ENSG00000135870,ENST00000367696,RC3H1
ENSG00000152061,ENST00000681986,RABGAP1L
ENSG00000203737,ENST00000367685,GPR52
ENSG00000116161,ENST00000367679,CACYBP
ENSG00000120333,ENST00000476371,MRPS14
ENSG00000120332,ENST00000239462,TNN
ENSG00000235750,ENST00000423313,KIAA0040
ENSG00000116147,ENST00000367674,TNR
ENSG00000143207,ENST00000367669,COP1
ENSG00000116183,ENST00000367662,PAPPA2
ENSG00000152092,ENST00000361833,ASTN1
ENSG00000198797,ENST00000361539,BRINP2
ENSG00000120341,ENST00000308284,SEC16B
ENSG00000075391,ENST00000367649,RASAL2
ENSG00000188585,ENST00000623247,CLEC20A
ENSG00000240021,ENST00000319416,TEX35
ENSG00000116191,ENST00000367635,RALGPS2
ENSG00000116194,ENST00000234816,ANGPTL1
ENSG00000116199,ENST00000263733,FAM20B
ENSG00000186283,ENST00000367627,TOR3A
ENSG00000143322,ENST00000502732,ABL2
ENSG00000057252,ENST00000367619,SOAT1
ENSG00000162779,ENST00000367618,AXDND1
ENSG00000116218,ENST00000367615,NPHS2
ENSG00000162782,ENST00000444136,TDRD5
ENSG00000143340,ENST00000341785,FAM163A
ENSG00000169905,ENST00000609928,TOR1AIP2
ENSG00000143337,ENST00000606911,TOR1AIP1
ENSG00000135837,ENST00000367607,CEP350
ENSG00000116260,ENST00000367602,QSOX1
ENSG00000121454,ENST00000263726,LHX4
ENSG00000230124,ENST00000367595,ACBD6
ENSG00000236719,ENST00000442621,OVAAL
ENSG00000143324,ENST00000367590,XPR1
ENSG00000135835,ENST00000367588,KIAA1614
ENSG00000135823,ENST00000258301,STX6
ENSG00000153029,ENST00000367580,MR1
ENSG00000162783,ENST00000367577,IER5
ENSG00000198216,ENST00000367573,CACNA1E
ENSG00000179930,ENST00000339948,ZNF648
ENSG00000135821,ENST00000331872,GLUL
ENSG00000203730,ENST00000367565,TEDDM1
ENSG00000121446,ENST00000294854,RGSL1
ENSG00000135828,ENST00000367559,RNASEL
ENSG00000143333,ENST00000367558,RGS16
ENSG00000135824,ENST00000515211,RGS8
ENSG00000135838,ENST00000367553,NPL
ENSG00000135829,ENST00000367549,DHX9
ENSG00000157060,ENST00000367547,SHCBP1L
ENSG00000135862,ENST00000258341,LAMC1
ENSG00000058085,ENST00000264144,LAMC2
ENSG00000157064,ENST00000287713,NMNAT2
ENSG00000116698,ENST00000688051,SMG7
ENSG00000116701,ENST00000367535,NCF2
ENSG00000162704,ENST00000359856,ARPC5
ENSG00000143344,ENST00000360851,RGL1
ENSG00000173627,ENST00000308641,APOBEC4
ENSG00000198756,ENST00000361927,COLGALT2
ENSG00000198860,ENST00000645668,TSEN15
ENSG00000116667,ENST00000235307,C1orf21
ENSG00000116406,ENST00000318130,EDEM3
ENSG00000135842,ENST00000367511,NIBAN1
ENSG00000121481,ENST00000367510,RNF2
ENSG00000121486,ENST00000367506,TRMT1L
ENSG00000116668,ENST00000367500,SWT1
ENSG00000116679,ENST00000367498,IVNS1ABP
ENSG00000143341,ENST00000271588,HMCN1
ENSG00000116690,ENST00000445192,PRG4
ENSG00000047410,ENST00000367478,TPR
ENSG00000157181,ENST00000287859,ODR4
ENSG00000116703,ENST00000391997,PDC
ENSG00000073756,ENST00000367468,PTGS2
ENSG00000116711,ENST00000367466,PLA2G4A
ENSG00000162670,ENST00000367462,BRINP3
ENSG00000150681,ENST00000367460,RGS18
ENSG00000253148,ENST00000417209,RGS21
ENSG00000090104,ENST00000367459,RGS1
ENSG00000127074,ENST00000391995,RGS13
ENSG00000116741,ENST00000235382,RGS2
ENSG00000116750,ENST00000367454,UCHL5
ENSG00000116747,ENST00000400968,RO60
ENSG00000023572,ENST00000367439,GLRX2
ENSG00000134371,ENST00000367435,CDC73
ENSG00000162630,ENST00000367434,B3GALT2
ENSG00000162687,ENST00000294725,KCNT2
ENSG00000000971,ENST00000367429,CFH
ENSG00000116785,ENST00000367425,CFHR3
ENSG00000244414,ENST00000320493,CFHR1
ENSG00000134365,ENST00000608469,CFHR4
ENSG00000080910,ENST00000367415,CFHR2
ENSG00000134389,ENST00000256785,CFHR5
ENSG00000143278,ENST00000367412,F13B
ENSG00000066279,ENST00000367409,ASPM
ENSG00000177888,ENST00000367405,ZBTB41
ENSG00000134376,ENST00000367400,CRB1
ENSG00000213047,ENST00000620048,DENND1B
ENSG00000203724,ENST00000367393,C1orf53
ENSG00000143355,ENST00000367387,LHX9
ENSG00000151414,ENST00000367385,NEK7
ENSG00000151418,ENST00000367382,ATP6V1G3
ENSG00000081237,ENST00000442510,PTPRC
ENSG00000116833,ENST00000367362,NR5A2
ENSG00000162702,ENST00000367353,ZNF281
ENSG00000118193,ENST00000367350,KIF14
ENSG00000118197,ENST00000331314,DDX59
ENSG00000118200,ENST00000358823,CAMSAP2
ENSG00000170128,ENST00000304244,GPR25
ENSG00000163362,ENST00000413687,INAVA
ENSG00000116852,ENST00000461742,KIF21B
ENSG00000081248,ENST00000362061,CACNA1S
ENSG00000232237,ENST00000449188,ASCL5
ENSG00000116857,ENST00000367330,TMEM9
ENSG00000163395,ENST00000335211,IGFN1
ENSG00000081277,ENST00000367324,PKP1
ENSG00000118194,ENST00000656932,TNNT2
ENSG00000159166,ENST00000391967,LAD1
ENSG00000159173,ENST00000361379,TNNI1
ENSG00000174307,ENST00000367311,PHLDA3
ENSG00000159176,ENST00000340006,CSRP1
ENSG00000134369,ENST00000685211,NAV1
ENSG00000198700,ENST00000361565,IPO9
ENSG00000198892,ENST00000362011,SHISA4
ENSG00000163431,ENST00000367288,LMOD1
ENSG00000134375,ENST00000367287,TIMM17A
ENSG00000176393,ENST00000295640,RNPEP
ENSG00000163435,ENST00000367284,ELF3
ENSG00000170075,ENST00000367282,GPR37L1
ENSG00000143862,ENST00000272217,ARL8A
ENSG00000143851,ENST00000691036,PTPN7
ENSG00000133067,ENST00000367278,LGR6
ENSG00000077152,ENST00000646651,UBE2T
ENSG00000077157,ENST00000608999,PPP1R12B
ENSG00000143858,ENST00000367268,SYT2
ENSG00000117139,ENST00000367265,KDM5B
ENSG00000228288,ENST00000417262,PCAT6
ENSG00000183155,ENST00000367262,RABIF
ENSG00000117153,ENST00000367261,KLHL12
ENSG00000159346,ENST00000340990,ADIPOR1
ENSG00000159348,ENST00000367249,CYB5R1
ENSG00000163444,ENST00000367242,TMEM183A
ENSG00000143847,ENST00000295706,PPFIA4
ENSG00000122180,ENST00000241651,MYOG
ENSG00000163485,ENST00000337894,ADORA1
ENSG00000133055,ENST00000255416,MYBPH
ENSG00000133048,ENST00000255409,CHI3L1
ENSG00000133063,ENST00000367229,CHIT1
ENSG00000159388,ENST00000290551,BTG2
ENSG00000122176,ENST00000354955,FMOD
ENSG00000188783,ENST00000343110,PRELP
ENSG00000188770,ENST00000367222,OPTC
ENSG00000058668,ENST00000357681,ATP2B4
ENSG00000122188,ENST00000442561,LAX1
ENSG00000257315,ENST00000550078,ZBED6
ENSG00000058673,ENST00000367210,ZC3H11A
ENSG00000288644,ENST00000675181,ENSG00000288644
ENSG00000182004,ENST00000414487,SNRPE
ENSG00000143842,ENST00000367204,SOX13
ENSG00000143845,ENST00000367202,ETNK2
ENSG00000143839,ENST00000272190,REN
ENSG00000170498,ENST00000367194,KISS1
ENSG00000174567,ENST00000308302,GOLT1A
ENSG00000143850,ENST00000272203,PLEKHA6
ENSG00000158615,ENST00000367188,PPP1R15B
ENSG00000133056,ENST00000684373,PIK3C2B
ENSG00000198625,ENST00000367182,MDM4
ENSG00000170382,ENST00000367177,LRRN2
ENSG00000163531,ENST00000339876,NFASC
ENSG00000184144,ENST00000331830,CNTN2
ENSG00000174529,ENST00000367167,TMEM81
ENSG00000117222,ENST00000264515,RBBP5
ENSG00000133059,ENST00000367162,DSTYK
ENSG00000133069,ENST00000358024,TMCC2
ENSG00000163545,ENST00000367157,NUAK2
ENSG00000162873,ENST00000367155,KLHDC8A
ENSG00000186007,ENST00000367153,LEMD1
ENSG00000281406,ENST00000629624,BLACAT1
ENSG00000117266,ENST00000429964,CDK18
ENSG00000174514,ENST00000367147,MFSD4A
ENSG00000158711,ENST00000357992,ELK4
ENSG00000158715,ENST00000367145,SLC45A3
ENSG00000069275,ENST00000367142,NUCKS1
ENSG00000117280,ENST00000367139,RAB29
ENSG00000133065,ENST00000367137,SLC41A1
ENSG00000162877,ENST00000367136,PM20D1
ENSG00000174502,ENST00000367135,SLC26A9
ENSG00000276600,ENST00000617070,RAB7B
ENSG00000196188,ENST00000358184,CTSE
ENSG00000263961,ENST00000331555,RHEX
ENSG00000198049,ENST00000367126,AVPR1B
ENSG00000196550,ENST00000367128,FAM72A
ENSG00000266028,ENST00000573034,SRGAP2
ENSG00000263528,ENST00000581977,IKBKE
ENSG00000266094,ENST00000579436,RASSF5
ENSG00000143486,ENST00000271764,EIF2D
ENSG00000143479,ENST00000367109,DYRK3
ENSG00000162889,ENST00000367103,MAPKAPK2
ENSG00000136634,ENST00000423557,IL10
ENSG00000142224,ENST00000659997,IL19
ENSG00000162891,ENST00000367098,IL20
ENSG00000162892,ENST00000294984,IL24
ENSG00000162894,ENST00000367091,FCMR
ENSG00000162896,ENST00000356495,PIGR
ENSG00000162897,ENST00000324852,FCAMR
ENSG00000182795,ENST00000359470,C1orf116
ENSG00000123836,ENST00000367080,PFKFB2
ENSG00000180667,ENST00000315927,YOD1
ENSG00000123843,ENST00000367078,C4BPB
ENSG00000123838,ENST00000367070,C4BPA
ENSG00000196352,ENST00000367064,CD55
ENSG00000117322,ENST00000367057,CR2
ENSG00000203710,ENST00000367049,CR1
ENSG00000197721,ENST00000508064,CR1L
ENSG00000117335,ENST00000367042,CD46
ENSG00000174059,ENST00000310833,CD34
ENSG00000076356,ENST00000367033,PLXNA2
ENSG00000008118,ENST00000361322,CAMK1G
ENSG00000196878,ENST00000356082,LAMB3
ENSG00000123689,ENST00000367029,G0S2
ENSG00000117594,ENST00000367027,HSD11B1
ENSG00000009790,ENST00000367025,TRAF3IP3
ENSG00000162757,ENST00000294811,C1orf74
ENSG00000117595,ENST00000367021,IRF6
ENSG00000117597,ENST00000491415,UTP25
ENSG00000143469,ENST00000367019,SYT14
ENSG00000082497,ENST00000367012,SERTAD4
ENSG00000054392,ENST00000261458,HHAT
ENSG00000143473,ENST00000271751,KCNH1
ENSG00000117625,ENST00000419091,RCOR3
ENSG00000082512,ENST00000261464,TRAF5
ENSG00000198570,ENST00000680073,RD3
ENSG00000170385,ENST00000367001,SLC30A1
ENSG00000117650,ENST00000366999,NEK2
ENSG00000123684,ENST00000366997,LPGAT1
ENSG00000143493,ENST00000366994,INTS7
ENSG00000143476,ENST00000366991,DTL
ENSG00000066027,ENST00000261461,PPP2R5A
ENSG00000065600,ENST00000261455,PACC1
ENSG00000117691,ENST00000366988,NENF
ENSG00000162772,ENST00000341491,ATF3
ENSG00000162771,ENST00000294829,GARIN4
ENSG00000123685,ENST00000243440,BATF3
ENSG00000117697,ENST00000366977,NSL1
ENSG00000203705,ENST00000366974,TATDN3
ENSG00000185523,ENST00000332912,SPATA45
ENSG00000162769,ENST00000366971,FLVCR1
ENSG00000143494,ENST00000517399,VASH2
ENSG00000174606,ENST00000366962,ANGEL2
ENSG00000136643,ENST00000366960,RPS6KC1
ENSG00000117707,ENST00000366958,PROX1
ENSG00000143499,ENST00000366957,SMYD2
ENSG00000152104,ENST00000366956,PTPN14
ENSG00000117724,ENST00000366955,CENPF
ENSG00000082482,ENST00000444842,KCNK2
ENSG00000136636,ENST00000259154,KCTD3
ENSG00000042781,ENST00000307340,USH2A
ENSG00000196482,ENST00000408911,ESRRG
ENSG00000092978,ENST00000366935,GPATCH2
ENSG00000162814,ENST00000366933,SPATA17
ENSG00000067533,ENST00000366932,RRP15
ENSG00000092969,ENST00000366930,TGFB2
ENSG00000143353,ENST00000366928,LYPLAL1
ENSG00000215817,ENST00000651890,ZC3H11B
ENSG00000196660,ENST00000366926,SLC30A10
ENSG00000136628,ENST00000366923,EPRS1
ENSG00000162813,ENST00000322067,BPNT1
ENSG00000067704,ENST00000366922,IARS2
ENSG00000118873,ENST00000358951,RAB3GAP2
ENSG00000116141,ENST00000366917,MARK1
ENSG00000162817,ENST00000294889,C1orf115
ENSG00000117791,ENST00000366913,MTARC2
ENSG00000186205,ENST00000366910,MTARC1
ENSG00000136630,ENST00000366903,HLX
ENSG00000143507,ENST00000366899,DUSP10
ENSG00000143512,ENST00000343410,HHIPL2
ENSG00000143498,ENST00000352967,TAF1A
ENSG00000154305,ENST00000344922,MIA3
ENSG00000186063,ENST00000340020,AIDA
ENSG00000162819,ENST00000340934,BROX
ENSG00000197520,ENST00000445590,FAM177B
ENSG00000154309,ENST00000675850,DISP1
ENSG00000187554,ENST00000642603,TLR5
ENSG00000143502,ENST00000366878,SUSD4
ENSG00000178395,ENST00000366875,CCDC185
ENSG00000203697,ENST00000366872,CAPN8
ENSG00000162909,ENST00000295006,CAPN2
ENSG00000143514,ENST00000343537,TP53BP2
ENSG00000143756,ENST00000366862,FBXO28
ENSG00000143753,ENST00000323699,DEGS1
ENSG00000143748,ENST00000281701,NVL
ENSG00000143771,ENST00000465271,CNIH4
ENSG00000162923,ENST00000414423,WDR26
ENSG00000143786,ENST00000272133,CNIH3
ENSG00000185842,ENST00000682510,DNAH14
ENSG00000143815,ENST00000272163,LBR
ENSG00000154380,ENST00000366843,ENAH
ENSG00000143742,ENST00000304786,SRP9
ENSG00000143819,ENST00000272167,EPHX1
ENSG00000196187,ENST00000366835,TMEM63A
ENSG00000243709,ENST00000272134,LEFTY1
ENSG00000143811,ENST00000343818,PYCR2
ENSG00000143768,ENST00000366820,LEFTY2
ENSG00000143751,ENST00000272091,SDE2
ENSG00000163041,ENST00000366815,H3-3A
ENSG00000182827,ENST00000366812,ACBD3
ENSG00000185155,ENST00000366810,MIXL1
ENSG00000183814,ENST00000681046,LIN9
ENSG00000143799,ENST00000366794,PARP1
ENSG00000203685,ENST00000366788,STUM
ENSG00000143772,ENST00000429204,ITPKB
ENSG00000143801,ENST00000366783,PSEN2
ENSG00000163050,ENST00000366777,COQ8A
ENSG00000143776,ENST00000366766,CDC42BPA
ENSG00000181450,ENST00000343776,ZNF678
ENSG00000143740,ENST00000617596,SNAP47
ENSG00000081692,ENST00000620518,JMJD4
ENSG00000185888,ENST00000366757,PRSS38
ENSG00000143816,ENST00000272164,WNT9A
ENSG00000154342,ENST00000284523,WNT3A
ENSG00000143761,ENST00000272102,ARF1
ENSG00000143793,ENST00000272139,C1orf35
ENSG00000162910,ENST00000336520,MRPL55
ENSG00000143774,ENST00000453943,GUK1
ENSG00000198835,ENST00000366714,GJC2
ENSG00000181873,ENST00000366711,IBA57
ENSG00000154358,ENST00000680850,OBSCN
ENSG00000154370,ENST00000284551,TRIM11
ENSG00000162931,ENST00000366698,TRIM17
ENSG00000168148,ENST00000366696,H3-4
ENSG00000181218,ENST00000689584,H2AC25
ENSG00000196890,ENST00000693095,H2BC26
ENSG00000168159,ENST00000305943,RNF187
ENSG00000116574,ENST00000366691,RHOU
ENSG00000168118,ENST00000366690,RAB4A
ENSG00000154429,ENST00000284617,CCSAP
ENSG00000143632,ENST00000366684,ACTA1
ENSG00000069248,ENST00000261396,NUP133
ENSG00000135776,ENST00000344517,ABCB10
ENSG00000135801,ENST00000258281,TAF5L
ENSG00000135763,ENST00000258243,URB2
ENSG00000143641,ENST00000366672,GALNT2
ENSG00000177614,ENST00000391860,PGBD5
ENSG00000135775,ENST00000366669,COG2
ENSG00000135744,ENST00000366667,AGT
ENSG00000135773,ENST00000271971,CAPN9
ENSG00000119280,ENST00000366663,C1orf198
ENSG00000143643,ENST00000366661,TTC13
ENSG00000173409,ENST00000310256,ARV1
ENSG00000182118,ENST00000366654,FAM89A
ENSG00000119283,ENST00000366653,TRIM67
ENSG00000143633,ENST00000366649,FSAF1
ENSG00000116906,ENST00000366647,GNPAT
ENSG00000116903,ENST00000366645,EXOC8
ENSG00000010072,ENST00000295050,SPRTN
ENSG00000135766,ENST00000366641,EGLN1
ENSG00000116918,ENST00000366639,TSNAX
ENSG00000162946,ENST00000439617,DISC1
ENSG00000116991,ENST00000674635,SIPA1L2
ENSG00000212916,ENST00000418460,MAP10
ENSG00000135778,ENST00000366628,NTPCR
ENSG00000135749,ENST00000258229,PCNX2
ENSG00000143674,ENST00000366624,MAP3K21
ENSG00000135750,ENST00000366621,KCNK1
ENSG00000183780,ENST00000366618,SLC35F3
ENSG00000168275,ENST00000366615,COA6
ENSG00000059588,ENST00000040877,TARBP1
ENSG00000168264,ENST00000366609,IRF2BP2
ENSG00000173726,ENST00000366607,TOMM20
ENSG00000188739,ENST00000408888,RBM34
ENSG00000054267,ENST00000264183,ARID4B
ENSG00000152904,ENST00000282841,GGPS1
ENSG00000284770,ENST00000642610,TBCE
ENSG00000162885,ENST00000366600,B3GALNT2
ENSG00000168243,ENST00000391854,GNG4
ENSG00000143669,ENST00000389793,LYST
ENSG00000116962,ENST00000264187,NID1
ENSG00000077585,ENST00000366592,GPR137B
ENSG00000086619,ENST00000354619,ERO1B
ENSG00000186197,ENST00000334232,EDARADD
ENSG00000116977,ENST00000366584,LGALS8
ENSG00000119285,ENST00000366582,HEATR1
ENSG00000077522,ENST00000366578,ACTN2
ENSG00000116984,ENST00000366577,MTR
ENSG00000244020,ENST00000464121,MT1HL1
ENSG00000198626,ENST00000366574,RYR2
ENSG00000116996,ENST00000366570,ZP4
ENSG00000133019,ENST00000676153,CHRM3
ENSG00000155816,ENST00000319653,FMN2
ENSG00000180875,ENST00000318160,GREM2
ENSG00000182901,ENST00000440928,RGS7
ENSG00000091483,ENST00000366560,FH
ENSG00000117009,ENST00000366559,KMO
ENSG00000054277,ENST00000366554,OPN3
ENSG00000203668,ENST00000366553,CHML
ENSG00000162843,ENST00000437684,WDR64
ENSG00000174371,ENST00000366548,EXO1
ENSG00000196289,ENST00000419583,BECN2
ENSG00000197769,ENST00000357246,MAP1LC3C
ENSG00000180287,ENST00000536534,PLD5
ENSG00000143702,ENST00000366542,CEP170
ENSG00000054282,ENST00000366541,SDCCAG8
ENSG00000117020,ENST00000673466,AKT3
ENSG00000179456,ENST00000358704,ZBTB18
ENSG00000173728,ENST00000308105,SPMIP3
ENSG00000035687,ENST00000366535,ADSS2
ENSG00000179397,ENST00000366534,CATSPERE
ENSG00000121644,ENST00000302550,DESI2
ENSG00000284188,ENST00000640271,C1orf202
ENSG00000203667,ENST00000411948,COX20
ENSG00000153187,ENST00000640218,HNRNPU
ENSG00000203666,ENST00000366523,EFCAB2
ENSG00000162849,ENST00000407071,KIF26B
ENSG00000185420,ENST00000490107,SMYD3
ENSG00000162851,ENST00000366514,TFB2M
ENSG00000162852,ENST00000366513,CNST
ENSG00000143653,ENST00000366510,SCCPDH
ENSG00000153207,ENST00000648844,AHCTF1
ENSG00000197472,ENST00000339986,ZNF695
ENSG00000277462,ENST00000366503,ZNF670
ENSG00000188295,ENST00000448299,ZNF669
ENSG00000196418,ENST00000543802,ZNF124
ENSG00000162714,ENST00000682384,ZNF496
ENSG00000162711,ENST00000336119,NLRP3
ENSG00000177535,ENST00000641149,OR2B11
ENSG00000169224,ENST00000366488,GCSAML
ENSG00000196242,ENST00000641802,OR2C3
ENSG00000177489,ENST00000320065,OR2G2
ENSG00000177476,ENST00000320002,OR2G3
ENSG00000198452,ENST00000641545,OR14L1
ENSG00000197437,ENST00000642119,OR13G1
ENSG00000169214,ENST00000641470,OR6F1
ENSG00000241128,ENST00000366485,OR14A2
ENSG00000153230,ENST00000283225,OR14K1
ENSG00000221888,ENST00000641256,OR1C1
ENSG00000196772,ENST00000641093,OR14A16
ENSG00000197591,ENST00000355784,OR11L1
ENSG00000162722,ENST00000366481,TRIM58
ENSG00000238243,ENST00000360358,OR2W3
ENSG00000177462,ENST00000641945,OR2T8
ENSG00000177275,ENST00000318244,OR2AJ1
ENSG00000279263,ENST00000623922,OR2L8
ENSG00000187080,ENST00000366480,OR2AK2
ENSG00000197454,ENST00000355281,OR2L5
ENSG00000203663,ENST00000641771,OR2L2
ENSG00000198128,ENST00000359959,OR2L3
ENSG00000196071,ENST00000358120,OR2L13
ENSG00000162727,ENST00000366476,OR2M5
ENSG00000198601,ENST00000641836,OR2M2
ENSG00000228198,ENST00000641626,OR2M3
ENSG00000171180,ENST00000641868,OR2M4
ENSG00000177212,ENST00000641220,OR2T33
ENSG00000177201,ENST00000641276,OR2T12
ENSG00000177186,ENST00000317965,OR2M7
ENSG00000177174,ENST00000317861,OR14C36
ENSG00000196944,ENST00000366473,OR2T4
ENSG00000198104,ENST00000641644,OR2T6
ENSG00000175143,ENST00000642005,OR2T1
ENSG00000196240,ENST00000641925,OR2T2
ENSG00000196539,ENST00000359594,OR2T3
ENSG00000203661,ENST00000641363,OR2T5
ENSG00000188558,ENST00000641804,OR2G6
ENSG00000182783,ENST00000641069,OR2T29
ENSG00000183310,ENST00000328782,OR2T34
ENSG00000184022,ENST00000642090,OR2T10
ENSG00000279301,ENST00000641193,OR2T11
ENSG00000177151,ENST00000641268,OR2T35
ENSG00000187701,ENST00000460972,OR2T27
ENSG00000189181,ENST00000695265,OR14I1
ENSG00000259823,ENST00000590317,LYPD8
ENSG00000175137,ENST00000366472,SH3BP5L
ENSG00000171161,ENST00000306562,ZNF672
ENSG00000171163,ENST00000306601,ZNF692
ENSG00000185220,ENST00000329291,PGBD2
ENSG00000184731,ENST00000327669,FAM110C
ENSG00000035115,ENST00000356150,SH3YL1
ENSG00000143727,ENST00000272065,ACP1
ENSG00000189292,ENST00000403610,ALKAL2
ENSG00000151353,ENST00000281017,TMEM18
ENSG00000172554,ENST00000308624,SNTG2
ENSG00000115705,ENST00000329066,TPO
ENSG00000130508,ENST00000252804,PXDN
ENSG00000186487,ENST00000647738,MYT1L
ENSG00000032389,ENST00000382125,EIPR1
ENSG00000171853,ENST00000324266,TRAPPC12
ENSG00000182551,ENST00000327435,ADI1
ENSG00000171865,ENST00000315212,RNASEH1
ENSG00000171863,ENST00000645674,RPS7
ENSG00000118004,ENST00000349077,COLEC11
ENSG00000151360,ENST00000252505,ALLC
ENSG00000214866,ENST00000399143,DCDC2C
ENSG00000176887,ENST00000322002,SOX11
ENSG00000134326,ENST00000256722,CMPK2
ENSG00000134321,ENST00000382040,RSAD2
ENSG00000151692,ENST00000320892,RNF144A
ENSG00000115738,ENST00000396290,ID2
ENSG00000134313,ENST00000256707,KIDINS220
ENSG00000143797,ENST00000305997,MBOAT2
ENSG00000151693,ENST00000281419,ASAP2
ENSG00000119185,ENST00000355346,ITGB1BP1
ENSG00000119203,ENST00000238112,CPSF3
ENSG00000134330,ENST00000497473,IAH1
ENSG00000151694,ENST00000310823,ADAM17
ENSG00000134308,ENST00000238081,YWHAQ
ENSG00000115750,ENST00000263663,TAF1B
ENSG00000134317,ENST00000324907,GRHL1
ENSG00000172059,ENST00000305883,KLF11
ENSG00000205795,ENST00000381813,CYS1
ENSG00000171848,ENST00000304567,RRM2
ENSG00000115756,ENST00000307845,HPCAL1
ENSG00000115758,ENST00000234111,ODC1
ENSG00000115761,ENST00000381685,NOL10
ENSG00000143882,ENST00000272238,ATP6V1C2
ENSG00000143870,ENST00000272227,PDIA6
ENSG00000162975,ENST00000295082,KCNF1
ENSG00000150873,ENST00000381585,CIMIP5
ENSG00000162976,ENST00000295083,SLC66A3
ENSG00000134318,ENST00000315872,ROCK2
ENSG00000169016,ENST00000381525,E2F6
ENSG00000196208,ENST00000381486,GREB1
ENSG00000169006,ENST00000306928,NTSR2
ENSG00000134324,ENST00000674199,LPIN1
ENSG00000071575,ENST00000155926,TRIB2
ENSG00000162981,ENST00000295092,LRATD1
ENSG00000151779,ENST00000281513,NBAS
ENSG00000079785,ENST00000233084,DDX1
ENSG00000134323,ENST00000281043,MYCN
ENSG00000197872,ENST00000381323,CYRIA
ENSG00000214842,ENST00000399080,RAD51AP2
ENSG00000163032,ENST00000295156,VSNL1
ENSG00000163029,ENST00000448223,SMC6
ENSG00000178295,ENST00000381254,GEN1
ENSG00000151379,ENST00000281047,MSGN1
ENSG00000170745,ENST00000304101,KCNS3
ENSG00000240857,ENST00000381249,RDH14
ENSG00000185013,ENST00000304081,NT5C1B
ENSG00000143867,ENST00000272223,OSR1
ENSG00000183891,ENST00000333610,TTC32
ENSG00000118965,ENST00000281405,WDR35
ENSG00000132031,ENST00000407540,MATN3
ENSG00000068697,ENST00000175091,LAPTM4A
ENSG00000115884,ENST00000254351,SDC1
ENSG00000055917,ENST00000361078,PUM2
ENSG00000143878,ENST00000272233,RHOB
ENSG00000118960,ENST00000304031,HS1BP3
ENSG00000143869,ENST00000272224,GDF7
ENSG00000118961,ENST00000237822,LDAH
ENSG00000084674,ENST00000233242,APOB
ENSG00000218819,ENST00000405799,TDRD15
ENSG00000119771,ENST00000486442,KLHL29
ENSG00000119778,ENST00000238789,ATAD2B
ENSG00000173960,ENST00000309033,UBXN2A
ENSG00000205639,ENST00000338315,MFSD2B
ENSG00000163026,ENST00000295148,WDCP
ENSG00000119782,ENST00000380986,FKBP1B
ENSG00000115128,ENST00000233468,SF3B6
ENSG00000219626,ENST00000615575,FAM228B
ENSG00000115129,ENST00000238721,TP53I3
ENSG00000176732,ENST00000313213,PFN4
ENSG00000186453,ENST00000295150,FAM228A
ENSG00000198399,ENST00000355123,ITSN2
ENSG00000084676,ENST00000348332,NCOA1
ENSG00000184924,ENST00000328379,PTRHD1
ENSG00000138092,ENST00000380834,CENPO
ENSG00000138031,ENST00000679454,ADCY3
ENSG00000115137,ENST00000264711,DNAJC27
ENSG00000084710,ENST00000403714,EFR3B
ENSG00000115138,ENST00000395826,POMC
ENSG00000119772,ENST00000321117,DNMT3A
ENSG00000138101,ENST00000406818,DTNB
ENSG00000143970,ENST00000435504,ASXL2
ENSG00000084731,ENST00000264712,KIF3C
ENSG00000084733,ENST00000264710,RAB10
ENSG00000157833,ENST00000401533,GAREM2
ENSG00000084754,ENST00000380649,HADHA
ENSG00000138029,ENST00000317799,HADHB
ENSG00000173567,ENST00000651242,ADGRF3
ENSG00000138018,ENST00000260585,SELENOI
ENSG00000157856,ENST00000288710,DRC1
ENSG00000115155,ENST00000272371,OTOF
ENSG00000173557,ENST00000329615,CIMIP2C
ENSG00000157884,ENST00000288861,CIB4
ENSG00000171303,ENST00000302909,KCNK3
ENSG00000213699,ENST00000344420,SLC35F6
ENSG00000115163,ENST00000335756,CENPA
ENSG00000157851,ENST00000288699,DPYSL5
ENSG00000084764,ENST00000233121,MAPRE3
ENSG00000119777,ENST00000238788,TMEM214
ENSG00000084693,ENST00000360131,AGBL5
ENSG00000228474,ENST00000456793,OST4
ENSG00000138080,ENST00000380320,EMILIN1
ENSG00000138030,ENST00000260598,KHK
ENSG00000138028,ENST00000402394,CGREF1
ENSG00000143994,ENST00000316470,ABHD1
ENSG00000138073,ENST00000260643,PREB
ENSG00000186143,ENST00000335524,PRR30
ENSG00000163792,ENST00000296096,TCF23
ENSG00000138074,ENST00000310574,SLC5A6
ENSG00000138085,ENST00000380171,ATRAID
ENSG00000084774,ENST00000264705,CAD
ENSG00000115194,ENST00000233535,SLC30A3
ENSG00000163793,ENST00000296097,DNAJC5G
ENSG00000138100,ENST00000380075,TRIM54
ENSG00000163794,ENST00000296099,UCN
ENSG00000115204,ENST00000380044,MPV17
ENSG00000115207,ENST00000264720,GTF3C2
ENSG00000115211,ENST00000347454,EIF2B4
ENSG00000115234,ENST00000233575,SNX17
ENSG00000163795,ENST00000323703,ZNF513
ENSG00000115241,ENST00000344034,PPM1G
ENSG00000115216,ENST00000379852,NRBP1
ENSG00000157992,ENST00000288873,KRTCAP3
ENSG00000138002,ENST00000260570,IFT172
ENSG00000115226,ENST00000264703,FNDC4
ENSG00000084734,ENST00000264717,GCKR
ENSG00000221843,ENST00000447166,SPATA31H1
ENSG00000243943,ENST00000355467,ZNF512
ENSG00000176714,ENST00000324364,CCDC121
ENSG00000198522,ENST00000610189,GPN1
ENSG00000119760,ENST00000337768,SUPT7L
ENSG00000163798,ENST00000326019,SLC4A1AP
ENSG00000243147,ENST00000296102,MRPL33
ENSG00000171174,ENST00000302188,RBKS
ENSG00000158019,ENST00000379624,BABAM2
ENSG00000075426,ENST00000264716,FOSL2
ENSG00000163803,ENST00000327757,PLB1
ENSG00000213639,ENST00000395366,PPP1CB
ENSG00000163806,ENST00000334056,SPDYA
ENSG00000171103,ENST00000306108,TRMT61B
ENSG00000163811,ENST00000407426,WDR43
ENSG00000189350,ENST00000379558,TOGARAM2
ENSG00000179270,ENST00000331664,PCARE
ENSG00000115295,ENST00000320081,CLIP4
ENSG00000171094,ENST00000389048,ALK
ENSG00000119801,ENST00000261353,YPEL5
ENSG00000213626,ENST00000395323,LBH
ENSG00000172954,ENST00000379509,LCLAT1
ENSG00000162949,ENST00000295055,CAPN13
ENSG00000158089,ENST00000349752,GALNT14
ENSG00000214711,ENST00000403897,CAPN14
ENSG00000013016,ENST00000322054,EHD3
ENSG00000158125,ENST00000379416,XDH
ENSG00000277893,ENST00000622030,SRD5A2
ENSG00000162959,ENST00000404530,MEMO1
ENSG00000162961,ENST00000342166,DPY30
ENSG00000021574,ENST00000315285,SPAST
ENSG00000152683,ENST00000282587,SLC30A6
ENSG00000091106,ENST00000402280,NLRC4
ENSG00000119820,ENST00000238831,YIPF4
ENSG00000115760,ENST00000421745,BIRC6
ENSG00000018699,ENST00000317907,TTC27
ENSG00000049323,ENST00000404816,LTBP1
ENSG00000152689,ENST00000403687,RASGRP3
ENSG00000119812,ENST00000238823,FAM98A
ENSG00000150938,ENST00000280527,CRIM1
ENSG00000171055,ENST00000405912,FEZ2
ENSG00000205221,ENST00000379242,VIT
ENSG00000115808,ENST00000263918,STRN
ENSG00000008869,ENST00000233099,HEATR5B
ENSG00000152133,ENST00000674370,GPATCH11
ENSG00000055332,ENST00000233057,EIF2AK2
ENSG00000138068,ENST00000535679,SULT6B1
ENSG00000218739,ENST00000402297,CEBPZOS
ENSG00000115816,ENST00000234170,CEBPZ
ENSG00000003509,ENST00000002125,NDUFAF7
ENSG00000115825,ENST00000234179,PRKD3
ENSG00000115828,ENST00000338415,QPCT
ENSG00000163171,ENST00000295324,CDC42EP3
ENSG00000115841,ENST00000354545,RMDN2
ENSG00000138061,ENST00000610745,CYP1B1
ENSG00000119787,ENST00000378954,ATL2
ENSG00000143889,ENST00000449105,HNRNPLL
ENSG00000143891,ENST00000272252,GALM
ENSG00000115875,ENST00000313117,SRSF7
ENSG00000152147,ENST00000281950,GEMIN6
ENSG00000163214,ENST00000457308,DHX57
ENSG00000188010,ENST00000644631,MORN2
ENSG00000214694,ENST00000409978,ARHGEF33
ENSG00000115904,ENST00000402219,SOS1
ENSG00000205111,ENST00000451199,CDKL4
ENSG00000011566,ENST00000263881,MAP4K3
ENSG00000152154,ENST00000281961,TMEM178A
ENSG00000138050,ENST00000505747,THUMPD2
ENSG00000183023,ENST00000332839,SLC8A1
ENSG00000162878,ENST00000294964,PKDCC
ENSG00000143924,ENST00000318522,EML4
ENSG00000115944,ENST00000234301,COX7A2L
ENSG00000171126,ENST00000306078,KCNG3
ENSG00000057935,ENST00000405094,MTA3
ENSG00000162881,ENST00000378661,OXER1
ENSG00000162882,ENST00000294973,HAAO
ENSG00000152518,ENST00000282388,ZFP36L2
ENSG00000115970,ENST00000405975,THADA
ENSG00000152527,ENST00000282406,PLEKHH2
ENSG00000223658,ENST00000475092,C1GALT1C1L
ENSG00000138036,ENST00000260605,DYNC2LI1
ENSG00000138075,ENST00000405322,ABCG5
ENSG00000143921,ENST00000272286,ABCG8
ENSG00000138095,ENST00000260665,LRPPRC
ENSG00000138032,ENST00000282412,PPM1B
ENSG00000138079,ENST00000260649,SLC3A1
ENSG00000138078,ENST00000409411,PREPL
ENSG00000143919,ENST00000378494,CAMKMT
ENSG00000138083,ENST00000260653,SIX3
ENSG00000170577,ENST00000303077,SIX2
ENSG00000068784,ENST00000263736,SRBD1
ENSG00000171132,ENST00000306156,PRKCE
ENSG00000116016,ENST00000263734,EPAS1
ENSG00000284701,ENST00000434431,TMEM247
ENSG00000250565,ENST00000522587,ATP6V1E2
ENSG00000119729,ENST00000238738,RHOQ
ENSG00000151665,ENST00000281382,PIGF
ENSG00000119878,ENST00000238892,CRIPT
ENSG00000171150,ENST00000394861,SOCS5
ENSG00000180398,ENST00000319466,MCFD2
ENSG00000068724,ENST00000319190,TTC7A
ENSG00000239605,ENST00000445927,STPG4
ENSG00000143933,ENST00000272298,CALM2
ENSG00000119888,ENST00000263735,EPCAM
ENSG00000095002,ENST00000233146,MSH2
ENSG00000184261,ENST00000327876,KCNK12
ENSG00000116062,ENST00000234420,MSH6
ENSG00000138081,ENST00000403359,FBXO11
ENSG00000170802,ENST00000340553,FOXN2
ENSG00000162869,ENST00000294952,PPP1R21
ENSG00000243244,ENST00000404752,STON1
ENSG00000242441,ENST00000403751,GTF2A1L
ENSG00000138039,ENST00000294954,LHCGR
ENSG00000170820,ENST00000406846,FSHR
ENSG00000179915,ENST00000401669,NRXN1
ENSG00000115239,ENST00000263634,ASB3
ENSG00000143942,ENST00000295304,CHAC2
ENSG00000068912,ENST00000185150,ERLEC1
ENSG00000119737,ENST00000394705,GPR75
ENSG00000068878,ENST00000404125,PSME4
ENSG00000170634,ENST00000394666,ACYP2
ENSG00000178021,ENST00000317802,TSPYL6
ENSG00000177994,ENST00000398634,CIMIP6
ENSG00000115306,ENST00000356805,SPTBN1
ENSG00000214595,ENST00000356458,EML6
ENSG00000115310,ENST00000337526,RTN4
ENSG00000162994,ENST00000401408,CLHC1
ENSG00000143947,ENST00000272317,RPS27A
ENSG00000085760,ENST00000263629,MTIF2
ENSG00000115355,ENST00000436346,CCDC88A
ENSG00000163001,ENST00000349456,CFAP36
ENSG00000275052,ENST00000616407,PPP4R3B
ENSG00000138035,ENST00000447944,PNPT1
ENSG00000115380,ENST00000355426,EFEMP1
ENSG00000055813,ENST00000407595,CCDC85A
ENSG00000028116,ENST00000340157,VRK2
ENSG00000115392,ENST00000233741,FANCL
ENSG00000119866,ENST00000642384,BCL11A
ENSG00000115421,ENST00000238714,PAPOLG
ENSG00000162924,ENST00000394479,REL
ENSG00000162927,ENST00000316752,PUS10
ENSG00000162928,ENST00000295030,PEX13
ENSG00000162929,ENST00000402291,SANBR
ENSG00000237651,ENST00000432605,C2orf74
ENSG00000115464,ENST00000398571,USP34
ENSG00000082898,ENST00000401558,XPO1
ENSG00000170264,ENST00000404929,FAM161A
ENSG00000115484,ENST00000394440,CCT4
ENSG00000173163,ENST00000311832,COMMD1
ENSG00000170340,ENST00000301998,B3GNT2
ENSG00000186889,ENST00000335390,TMEM17
ENSG00000115504,ENST00000431489,EHBP1
ENSG00000115507,ENST00000282549,OTX1
ENSG00000143951,ENST00000272321,WDPCP
ENSG00000014641,ENST00000233114,MDH1
ENSG00000169764,ENST00000337130,UGP2
ENSG00000143952,ENST00000272322,VPS54
ENSG00000197329,ENST00000358912,PELI1
ENSG00000119862,ENST00000238875,LGALSL
ENSG00000119844,ENST00000409933,AFTPH
ENSG00000179833,ENST00000313349,SERTAD2
ENSG00000115902,ENST00000234256,SLC1A4
ENSG00000011523,ENST00000377990,CEP68
ENSG00000138069,ENST00000409784,RAB1A
ENSG00000138071,ENST00000260641,ACTR2
ENSG00000198369,ENST00000356388,SPRED2
ENSG00000143995,ENST00000272369,MEIS1
ENSG00000143971,ENST00000272342,ETAA1
ENSG00000197223,ENST00000410067,C1D
ENSG00000243667,ENST00000295121,DNAAF10
ENSG00000115946,ENST00000263657,PNO1
ENSG00000221823,ENST00000234310,PPP3R1
ENSG00000119865,ENST00000263655,CNRIP1
ENSG00000115956,ENST00000234313,PLEK
ENSG00000204923,ENST00000377957,FBXO48
ENSG00000169621,ENST00000303795,APLF
ENSG00000169618,ENST00000303786,PROKR1
ENSG00000163219,ENST00000409202,ARHGAP25
ENSG00000163217,ENST00000295379,BMP10
ENSG00000183607,ENST00000328895,GKN2
ENSG00000169605,ENST00000377938,GKN1
ENSG00000169604,ENST00000303714,ANTXR1
ENSG00000198380,ENST00000357308,GFPT1
ENSG00000169599,ENST00000410022,NFU1
ENSG00000115977,ENST00000409085,AAK1
ENSG00000196975,ENST00000394295,ANXA4
ENSG00000087338,ENST00000282570,GMCL1
ENSG00000124380,ENST00000244227,SNRNP27
ENSG00000059728,ENST00000264444,MXD1
ENSG00000244617,ENST00000320256,ASPRV1
ENSG00000169564,ENST00000303577,PCBP1
ENSG00000115998,ENST00000264434,C2orf42
ENSG00000116001,ENST00000433529,TIA1
ENSG00000116005,ENST00000433351,PCYOX1
ENSG00000143977,ENST00000272348,SNRPG
ENSG00000035141,ENST00000430566,FAM136A
ENSG00000163235,ENST00000295400,TGFA
ENSG00000075340,ENST00000264436,ADD2
ENSG00000183733,ENST00000332372,FIGLA
ENSG00000152672,ENST00000272367,CLEC4F
ENSG00000116031,ENST00000410009,CD207
ENSG00000116035,ENST00000234392,VAX2
ENSG00000116039,ENST00000234396,ATP6V1B1
ENSG00000144043,ENST00000272438,TEX261
ENSG00000144031,ENST00000360589,ANKRD53
ENSG00000124357,ENST00000244204,NAGK
ENSG00000124370,ENST00000244217,MCEE
ENSG00000124383,ENST00000244230,MPHOSPH10
ENSG00000124374,ENST00000244221,PAIP2B
ENSG00000075292,ENST00000264447,ZNF638
ENSG00000135636,ENST00000410020,DYSF
ENSG00000003137,ENST00000001146,CYP26B1
ENSG00000144036,ENST00000272427,EXOC6B
ENSG00000116096,ENST00000234454,SPR
ENSG00000135638,ENST00000258106,EMX1
ENSG00000144040,ENST00000272433,SFXN5
ENSG00000135631,ENST00000486777,RAB11FIP5
ENSG00000214513,ENST00000398468,NOTO
ENSG00000135632,ENST00000389501,SMYD5
ENSG00000135617,ENST00000258083,PRADC1
ENSG00000135624,ENST00000258091,CCT7
ENSG00000163013,ENST00000520530,FBXO41
ENSG00000135625,ENST00000436467,EGR4
ENSG00000116127,ENST00000613296,ALMS1
ENSG00000144035,ENST00000272425,NAT8
ENSG00000144034,ENST00000272424,TPRKB
ENSG00000144048,ENST00000272444,DUSP11
ENSG00000187833,ENST00000409561,C2orf78
ENSG00000124356,ENST00000394070,STAMBP
ENSG00000163017,ENST00000345517,ACTG2
ENSG00000114956,ENST00000264093,DGUOK
ENSG00000187605,ENST00000409262,TET3
ENSG00000163170,ENST00000327428,BOLA3
ENSG00000114978,ENST00000396049,MOB1A
ENSG00000065911,ENST00000394053,MTHFD2
ENSG00000188687,ENST00000394019,SLC4A5
ENSG00000204843,ENST00000628224,DCTN1
ENSG00000284308,ENST00000684111,C2orf81
ENSG00000005448,ENST00000348227,WDR54
ENSG00000114993,ENST00000272430,RTKN
ENSG00000115274,ENST00000233331,INO80B
ENSG00000239779,ENST00000233615,WBP1
ENSG00000115275,ENST00000448666,MOGS
ENSG00000204822,ENST00000258105,MRPL53
ENSG00000135637,ENST00000393965,CCDC142
ENSG00000115282,ENST00000233623,TTC31
ENSG00000179528,ENST00000377566,LBX2
ENSG00000115289,ENST00000233630,PCGF1
ENSG00000115297,ENST00000233638,TLX2
ENSG00000144045,ENST00000404568,DQX1
ENSG00000115307,ENST00000377526,AUP1
ENSG00000115317,ENST00000258080,HTRA2
ENSG00000115318,ENST00000264094,LOXL3
ENSG00000115325,ENST00000233668,DOK1
ENSG00000159374,ENST00000421985,M1AP
ENSG00000135622,ENST00000357877,SEMA4F
ENSG00000159399,ENST00000290573,HK2
ENSG00000115350,ENST00000483063,POLE4
ENSG00000115353,ENST00000305249,TACR1
ENSG00000115363,ENST00000393913,EVA1A
ENSG00000115364,ENST00000393909,MRPL19
ENSG00000005436,ENST00000321027,GCFC2
ENSG00000176204,ENST00000409884,LRRTM4
ENSG00000143954,ENST00000272324,REG3G
ENSG00000172023,ENST00000305089,REG1B
ENSG00000115386,ENST00000233735,REG1A
ENSG00000172016,ENST00000305165,REG3A
ENSG00000066032,ENST00000402739,CTNNA2
ENSG00000162951,ENST00000295057,LRRTM1
ENSG00000163541,ENST00000393868,SUCLG1
ENSG00000115423,ENST00000389394,DNAH6
ENSG00000186854,ENST00000409520,TRABD2A
ENSG00000034510,ENST00000233143,TMSB10
ENSG00000176407,ENST00000409785,KCMF1
ENSG00000152284,ENST00000282111,TCF7L1
ENSG00000152291,ENST00000377386,TGOLN2
ENSG00000042445,ENST00000295802,RETSAT
ENSG00000115459,ENST00000409013,ELMOD3
ENSG00000042493,ENST00000263867,CAPG
ENSG00000152292,ENST00000469800,SH2D6
ENSG00000168906,ENST00000306434,MAT2A
ENSG00000115486,ENST00000233838,GGCX
ENSG00000118640,ENST00000263864,VAMP8
ENSG00000168899,ENST00000306384,VAMP5
ENSG00000168894,ENST00000306368,RNF181
ENSG00000168890,ENST00000334462,TMEM150A
ENSG00000168883,ENST00000323701,USP39
ENSG00000168887,ENST00000306336,C2orf68
ENSG00000168878,ENST00000519937,SFTPB
ENSG00000115523,ENST00000263863,GNLY
ENSG00000168874,ENST00000306279,ATOH8
ENSG00000115525,ENST00000638572,ST3GAL5
ENSG00000068654,ENST00000263857,POLR1A
ENSG00000132300,ENST00000254630,PTCD3
ENSG00000132305,ENST00000410111,IMMT
ENSG00000132313,ENST00000337109,MRPL35
ENSG00000068615,ENST00000538924,REEP1
ENSG00000115548,ENST00000312912,KDM3A
ENSG00000115561,ENST00000263856,CHMP3
ENSG00000239305,ENST00000237455,RNF103
ENSG00000153561,ENST00000283632,RMND5A
ENSG00000153563,ENST00000283635,CD8A
ENSG00000172116,ENST00000390655,CD8B
ENSG00000187627,ENST00000641458,RGPD1
ENSG00000183281,ENST00000355705,PLGLB1
ENSG00000125551,ENST00000359481,PLGLB2
ENSG00000185304,ENST00000398146,RGPD2
ENSG00000172086,ENST00000347055,KRCC1
ENSG00000115593,ENST00000419482,SMYD1
ENSG00000163586,ENST00000295834,FABP1
ENSG00000144115,ENST00000674334,THNSL2
ENSG00000214336,ENST00000428390,FOXI3
ENSG00000172073,ENST00000303254,SPMIP9
ENSG00000172071,ENST00000303236,EIF2AK3
ENSG00000153574,ENST00000283646,RPIA
ENSG00000259916,ENST00000561882,AQP7B
ENSG00000163060,ENST00000295201,TEKT4
ENSG00000172005,ENST00000309988,MAL
ENSG00000144029,ENST00000272418,MRPS5
ENSG00000144026,ENST00000295208,ZNF514
ENSG00000275111,ENST00000614034,ZNF2
ENSG00000233757,ENST00000425953,ZNF892
ENSG00000155066,ENST00000317620,PROM2
ENSG00000115041,ENST00000295225,KCNIP3
ENSG00000115042,ENST00000233379,FAHD2A
ENSG00000144010,ENST00000639673,TRIM43B
ENSG00000144015,ENST00000272395,TRIM43
ENSG00000174501,ENST00000295246,ANKRD36C
ENSG00000186281,ENST00000434632,GPAT2
ENSG00000274286,ENST00000620793,ADRA2B
ENSG00000188886,ENST00000342380,ASTL
ENSG00000158050,ENST00000288943,DUSP2
ENSG00000084090,ENST00000337288,STARD7
ENSG00000135956,ENST00000258439,TMEM127
ENSG00000144021,ENST00000488633,CIAO1
ENSG00000144028,ENST00000323853,SNRNP200
ENSG00000198885,ENST00000439118,ITPRIPL1
ENSG00000121152,ENST00000240423,NCAPH
ENSG00000163121,ENST00000451794,NEURL3
ENSG00000196843,ENST00000357485,ARID5A
ENSG00000114982,ENST00000431828,KANSL3
ENSG00000249715,ENST00000624922,FER1L5
ENSG00000114988,ENST00000264963,LMAN2L
ENSG00000158158,ENST00000377075,CNNM4
ENSG00000168763,ENST00000305510,CNNM3
ENSG00000163126,ENST00000318357,ANKRD23
ENSG00000213337,ENST00000393537,ANKRD39
ENSG00000168758,ENST00000305476,SEMA4C
ENSG00000168754,ENST00000490605,FAM178B
ENSG00000144199,ENST00000414820,FAHD2B
ENSG00000135976,ENST00000420699,ANKRD36
ENSG00000196912,ENST00000359901,ANKRD36B
ENSG00000135940,ENST00000258424,COX5B
ENSG00000115073,ENST00000289228,ACTR1B
ENSG00000228486,ENST00000627399,C2orf92
ENSG00000115085,ENST00000264972,ZAP70
ENSG00000075568,ENST00000186436,TMEM131
ENSG00000168658,ENST00000477737,VWA3B
ENSG00000144191,ENST00000272602,CNGA3
ENSG00000040933,ENST00000409851,INPP4A
ENSG00000183513,ENST00000328709,COA5
ENSG00000115446,ENST00000357765,UNC50
ENSG00000071073,ENST00000393487,MGAT4A
ENSG00000196872,ENST00000397899,CRACDL
ENSG00000135951,ENST00000393483,TSGA10
ENSG00000273045,ENST00000650052,C2orf15
ENSG00000144182,ENST00000651691,LIPT1
ENSG00000158411,ENST00000289359,MITD1
ENSG00000185414,ENST00000338148,MRPL30
ENSG00000185674,ENST00000333017,LYG2
ENSG00000144214,ENST00000308528,LYG1
ENSG00000115514,ENST00000264255,TXNDC9
ENSG00000158417,ENST00000289371,EIF5B
ENSG00000135945,ENST00000258428,REV1
ENSG00000144218,ENST00000672756,AFF3
ENSG00000170500,ENST00000393437,LONRF2
ENSG00000115526,ENST00000264249,CHST10
ENSG00000204640,ENST00000376865,NMS
ENSG00000115539,ENST00000264254,PDCL3
ENSG00000170485,ENST00000335681,NPAS2
ENSG00000071082,ENST00000264258,RPL31
ENSG00000204634,ENST00000409318,TBC1D8
ENSG00000158435,ENST00000289382,CNOT11
ENSG00000163162,ENST00000295317,RNF149
ENSG00000175874,ENST00000324768,CREG2
ENSG00000196460,ENST00000428343,RFX8
ENSG00000071054,ENST00000324219,MAP4K4
ENSG00000115590,ENST00000332549,IL1R2
ENSG00000115594,ENST00000410023,IL1R1
ENSG00000115598,ENST00000264257,IL1RL2
ENSG00000115602,ENST00000233954,IL1RL1
ENSG00000115604,ENST00000233957,IL18R1
ENSG00000115607,ENST00000687160,IL18RAP
ENSG00000180251,ENST00000295269,SLC9A4
ENSG00000115616,ENST00000233969,SLC9A2
ENSG00000135953,ENST00000258436,MFSD9
ENSG00000170417,ENST00000412401,TMEM182
ENSG00000198914,ENST00000361360,POU3F3
ENSG00000135972,ENST00000258455,MRPS9
ENSG00000135973,ENST00000258456,GPR45
ENSG00000135966,ENST00000393359,TGFBRAP1
ENSG00000135974,ENST00000258457,C2orf49
ENSG00000115641,ENST00000530340,FHL2
ENSG00000071051,ENST00000233154,NCK2
ENSG00000119147,ENST00000238044,ECRG4
ENSG00000115652,ENST00000283148,UXS1
ENSG00000153165,ENST00000409886,RGPD3
ENSG00000254126,ENST00000643224,CD8B2
ENSG00000144057,ENST00000409382,ST6GAL2
ENSG00000196862,ENST00000408999,RGPD4
ENSG00000115665,ENST00000264047,SLC5A7
ENSG00000196228,ENST00000681802,SULT1C3
ENSG00000198203,ENST00000251481,SULT1C2
ENSG00000198075,ENST00000272452,SULT1C4
ENSG00000135968,ENST00000309863,GCC2
ENSG00000169756,ENST00000544547,LIMS1
ENSG00000153201,ENST00000283195,RANBP2
ENSG00000163006,ENST00000295124,CCDC138
ENSG00000135960,ENST00000258443,EDAR
ENSG00000172985,ENST00000309415,SH3RF3
ENSG00000186522,ENST00000397712,SEPTIN10
ENSG00000198142,ENST00000356454,SOWAHC
ENSG00000015568,ENST00000016946,RGPD5
ENSG00000256977,ENST00000480744,LIMS3
ENSG00000144063,ENST00000272462,MALL
ENSG00000144061,ENST00000445609,NPHP1
ENSG00000175701,ENST00000611969,MTLN
ENSG00000256671,ENST00000632897,LIMS4
ENSG00000183054,ENST00000329516,RGPD6
ENSG00000169679,ENST00000302759,BUB1
ENSG00000153093,ENST00000439055,ACOXL
ENSG00000153094,ENST00000393256,BCL2L11
ENSG00000153107,ENST00000341068,ANAPC1
ENSG00000153208,ENST00000295408,MERTK
ENSG00000153214,ENST00000283206,TMEM87B
ENSG00000144152,ENST00000331203,FBLN7
ENSG00000144161,ENST00000409573,ZC3H8
ENSG00000188177,ENST00000409871,ZC3H6
ENSG00000169629,ENST00000302558,RGPD8
ENSG00000114999,ENST00000233336,TTL
ENSG00000125630,ENST00000263331,POLR1B
ENSG00000125611,ENST00000324913,CHCHD5
ENSG00000144136,ENST00000272542,SLC20A1
ENSG00000144130,ENST00000688554,NT5DC4
ENSG00000169607,ENST00000302450,CKAP2L
ENSG00000115008,ENST00000263339,IL1A
ENSG00000125538,ENST00000263341,IL1B
ENSG00000125571,ENST00000263326,IL37
ENSG00000136688,ENST00000259205,IL36G
ENSG00000136694,ENST00000259211,IL36A
ENSG00000136696,ENST00000327407,IL36B
ENSG00000136695,ENST00000393200,IL36RN
ENSG00000136697,ENST00000341010,IL1F10
ENSG00000136689,ENST00000409930,IL1RN
ENSG00000125637,ENST00000245796,PSD4
ENSG00000125618,ENST00000429538,PAX8
ENSG00000136682,ENST00000259199,ZNG1B
ENSG00000184492,ENST00000306507,FOXD4L1
ENSG00000144134,ENST00000683472,RABL2A
ENSG00000115084,ENST00000245680,SLC35F5
ENSG00000115091,ENST00000263238,ACTR3
ENSG00000175497,ENST00000410059,DPP10
ENSG00000088205,ENST00000263239,DDX18
ENSG00000125633,ENST00000376300,CCDC93
ENSG00000125629,ENST00000245787,INSIG2
ENSG00000163064,ENST00000295206,EN1
ENSG00000019169,ENST00000327097,MARCO
ENSG00000144119,ENST00000272520,C1QL2
ENSG00000115107,ENST00000393110,STEAP3
ENSG00000186132,ENST00000334816,C2orf76
ENSG00000155368,ENST00000355857,DBI
ENSG00000171227,ENST00000306406,TMEM37
ENSG00000080293,ENST00000019103,SCTR
ENSG00000163075,ENST00000413369,CFAP221
ENSG00000144120,ENST00000272521,TMEM177
ENSG00000088179,ENST00000263708,PTPN4
ENSG00000115109,ENST00000263713,EPB41L5
ENSG00000226479,ENST00000426077,TMEM185B
ENSG00000144118,ENST00000272519,RALB
ENSG00000163083,ENST00000295228,INHBB
ENSG00000074047,ENST00000361492,GLI2
ENSG00000115112,ENST00000263707,TFCP2L1
ENSG00000074054,ENST00000696935,CLASP1
ENSG00000264229,ENST00000580972,RNU4ATAC
ENSG00000155438,ENST00000285814,NIFK
ENSG00000211460,ENST00000389682,TSN
ENSG00000155052,ENST00000682447,CNTNAP5
ENSG00000136732,ENST00000259254,GYPC
ENSG00000237524,ENST00000568484,TEX51
ENSG00000136717,ENST00000316724,BIN1
ENSG00000186684,ENST00000664447,CYP27C1
ENSG00000163161,ENST00000285398,ERCC3
ENSG00000169967,ENST00000682094,MAP3K2
ENSG00000115718,ENST00000234071,PROC
ENSG00000163166,ENST00000295321,IWS1
ENSG00000169994,ENST00000409816,MYO7B
ENSG00000072163,ENST00000355119,LIMS2
ENSG00000144230,ENST00000486700,GPR17
ENSG00000136709,ENST00000322313,WDR33
ENSG00000173349,ENST00000310981,SFT2D3
ENSG00000144231,ENST00000272645,POLR2D
ENSG00000144233,ENST00000272647,AMMECR1L
ENSG00000136715,ENST00000643581,SAP130
ENSG00000136731,ENST00000259253,UGGT1
ENSG00000136720,ENST00000259241,HS6ST1
ENSG00000222014,ENST00000410061,RAB6C
ENSG00000196604,ENST00000409914,POTEF
ENSG00000152076,ENST00000409943,CCDC74B
ENSG00000136699,ENST00000680298,SMPD4
ENSG00000152082,ENST00000281871,MZT2B
ENSG00000152086,ENST00000312988,TUBA3E
ENSG00000136710,ENST00000259229,VMA22
ENSG00000136718,ENST00000259239,IMP4
ENSG00000072135,ENST00000175756,PTPN18
ENSG00000196834,ENST00000451531,POTEI
ENSG00000152093,ENST00000281882,CFC1B
ENSG00000136698,ENST00000259216,CFC1
ENSG00000222038,ENST00000409602,POTEJ
ENSG00000173302,ENST00000309926,GPR148
ENSG00000178171,ENST00000321420,AMER3
ENSG00000136002,ENST00000409359,ARHGEF4
ENSG00000284479,ENST00000711663,SMIM39
ENSG00000152102,ENST00000389915,FAM168B
ENSG00000115762,ENST00000693505,PLEKHB2
ENSG00000188219,ENST00000683005,POTEE
ENSG00000233087,ENST00000623617,RAB6D
ENSG00000173272,ENST00000309451,MZT2A
ENSG00000075886,ENST00000321253,TUBA3D
ENSG00000163040,ENST00000409856,CCDC74A
ENSG00000163046,ENST00000409867,ANKRD30BL
ENSG00000183840,ENST00000329321,GPR39
ENSG00000150551,ENST00000397463,LYPD1
ENSG00000176771,ENST00000409261,NCKAP5
ENSG00000152127,ENST00000281923,MGAT5
ENSG00000152128,ENST00000281924,TMEM163
ENSG00000153086,ENST00000356140,ACMSD
ENSG00000082258,ENST00000264157,CCNT2
ENSG00000176601,ENST00000392915,MAP3K19
ENSG00000115839,ENST00000264158,RAB3GAP1
ENSG00000121988,ENST00000264159,ZRANB3
ENSG00000048991,ENST00000683871,R3HDM1
ENSG00000144224,ENST00000272638,UBXN4
ENSG00000115850,ENST00000264162,LCT
ENSG00000076003,ENST00000264156,MCM6
ENSG00000115866,ENST00000264161,DARS1
ENSG00000121966,ENST00000241393,CXCR4
ENSG00000144229,ENST00000409968,THSD7B
ENSG00000150540,ENST00000280097,HNMT
ENSG00000144228,ENST00000280098,SPOPL
ENSG00000144227,ENST00000272641,NXPH2
ENSG00000168702,ENST00000389484,LRP1B
ENSG00000115919,ENST00000264170,KYNU
ENSG00000075884,ENST00000295095,ARHGAP15
ENSG00000121964,ENST00000682281,GTDC1
ENSG00000169554,ENST00000627532,ZEB2
ENSG00000121989,ENST00000241416,ACVR2A
ENSG00000115947,ENST00000392857,ORC4
ENSG00000204406,ENST00000642680,MBD5
ENSG00000135999,ENST00000258484,EPC2
ENSG00000168280,ENST00000435030,KIF5C
ENSG00000150556,ENST00000409642,LYPD6B
ENSG00000187123,ENST00000334166,LYPD6
ENSG00000168288,ENST00000303319,MMADHC
ENSG00000115963,ENST00000263895,RND3
ENSG00000184898,ENST00000331426,RBM43
ENSG00000123609,ENST00000243346,NMI
ENSG00000123610,ENST00000243347,TNFAIP6
ENSG00000080345,ENST00000444746,RIF1
ENSG00000183091,ENST00000397345,NEB
ENSG00000162980,ENST00000295087,ARL5A
ENSG00000182389,ENST00000539935,CACNB4
ENSG00000115145,ENST00000263904,STAM2
ENSG00000157827,ENST00000288670,FMNL2
ENSG00000196504,ENST00000545856,PRPF40A
ENSG00000177917,ENST00000326446,ARL6IP6
ENSG00000177519,ENST00000325926,RPRM
ENSG00000144278,ENST00000392825,GALNT13
ENSG00000162989,ENST00000295101,KCNJ3
ENSG00000153234,ENST00000339562,NR4A2
ENSG00000115159,ENST00000438166,GPD2
ENSG00000136542,ENST00000259056,GALNT5
ENSG00000136541,ENST00000410096,ERMN
ENSG00000115165,ENST00000264192,CYTIP
ENSG00000123612,ENST00000243349,ACVR1C
ENSG00000115170,ENST00000434821,ACVR1
ENSG00000007001,ENST00000005756,UPP2
ENSG00000153237,ENST00000283233,CCDC148
ENSG00000144283,ENST00000389759,PKP4
ENSG00000163331,ENST00000309950,DAPL1
ENSG00000115183,ENST00000263635,TANC1
ENSG00000196151,ENST00000359774,WDSUB1
ENSG00000123636,ENST00000392783,BAZ2B
ENSG00000136536,ENST00000409175,MARCHF7
ENSG00000241399,ENST00000259053,CD302
ENSG00000054219,ENST00000263636,LY75
ENSG00000153246,ENST00000283243,PLA2R1
ENSG00000115221,ENST00000283249,ITGB6
ENSG00000153250,ENST00000348849,RBMS1
ENSG00000136560,ENST00000392749,TANK
ENSG00000115233,ENST00000409682,PSMD14
ENSG00000136535,ENST00000389554,TBR1
ENSG00000144290,ENST00000446997,SLC4A10
ENSG00000197635,ENST00000360534,DPP4
ENSG00000115263,ENST00000418842,GCG
ENSG00000078098,ENST00000188790,FAP
ENSG00000115267,ENST00000649979,IFIH1
ENSG00000115271,ENST00000437150,GCA
ENSG00000184611,ENST00000332142,KCNH7
ENSG00000182263,ENST00000333129,FIGN
ENSG00000115290,ENST00000263915,GRB14
ENSG00000082438,ENST00000652658,COBLL1
ENSG00000169507,ENST00000685975,SLC38A11
ENSG00000153253,ENST00000283254,SCN3A
ENSG00000136531,ENST00000375437,SCN2A
ENSG00000178662,ENST00000651982,CSRNP3
ENSG00000115339,ENST00000392701,GALNT3
ENSG00000123607,ENST00000243344,TTC21B
ENSG00000144285,ENST00000674923,SCN1A
ENSG00000169432,ENST00000642356,SCN9A
ENSG00000136546,ENST00000643258,SCN7A
ENSG00000163092,ENST00000409195,XIRP2
ENSG00000172318,ENST00000392690,B3GALT1
ENSG00000198648,ENST00000355999,STK39
ENSG00000172292,ENST00000305747,CERS6
ENSG00000163072,ENST00000317647,NOSTRIN
ENSG00000152253,ENST00000282074,SPC25
ENSG00000152254,ENST00000375363,G6PC2
ENSG00000073734,ENST00000650372,ABCB11
ENSG00000073737,ENST00000674881,DHRS9
ENSG00000081479,ENST00000649046,LRP2
ENSG00000163093,ENST00000295240,BBS5
ENSG00000239474,ENST00000284669,KLHL41
ENSG00000138399,ENST00000453153,FASTKD1
ENSG00000138398,ENST00000260970,PPIG
ENSG00000154479,ENST00000447353,CFAP210
ENSG00000144362,ENST00000359744,PHOSPHO2
ENSG00000213160,ENST00000392647,KLHL23
ENSG00000138385,ENST00000260956,SSB
ENSG00000138382,ENST00000260953,METTL5
ENSG00000144357,ENST00000272793,UBR3
ENSG00000071909,ENST00000408978,MYO3B
ENSG00000204335,ENST00000375281,SP5
ENSG00000204334,ENST00000697325,ERICH2
ENSG00000128683,ENST00000358196,GAD1
ENSG00000115806,ENST00000234160,GORASP2
ENSG00000198586,ENST00000431350,TLK1
ENSG00000123600,ENST00000375258,METTL8
ENSG00000115827,ENST00000375255,DCAF17
ENSG00000071967,ENST00000321348,CYBRD1
ENSG00000077380,ENST00000397119,DYNC1I2
ENSG00000115840,ENST00000422440,SLC25A12
ENSG00000128708,ENST00000264108,HAT1
ENSG00000172878,ENST00000315796,METAP1D
ENSG00000144355,ENST00000361725,DLX1
ENSG00000115844,ENST00000234198,DLX2
ENSG00000091409,ENST00000684293,ITGA6
ENSG00000152256,ENST00000282077,PDK1
ENSG00000091428,ENST00000397081,RAPGEF4
ENSG00000091436,ENST00000375213,MAP3K20
ENSG00000144354,ENST00000306721,CDCA7
ENSG00000172845,ENST00000310015,SP3
ENSG00000138430,ENST00000284719,OLA1
ENSG00000217236,ENST00000394967,SP9
ENSG00000138433,ENST00000342016,CIR1
ENSG00000144306,ENST00000272732,SCRN3
ENSG00000163328,ENST00000392552,GPR155
ENSG00000115935,ENST00000679041,WIPF1
ENSG00000138435,ENST00000348749,CHRNA1
ENSG00000128656,ENST00000409900,CHN1
ENSG00000115966,ENST00000264110,ATF2
ENSG00000154518,ENST00000284727,ATP5MC3
ENSG00000144320,ENST00000272748,LNPK
ENSG00000174279,ENST00000308618,EVX2
ENSG00000128714,ENST00000392539,HOXD13
ENSG00000170178,ENST00000406506,HOXD12
ENSG00000128713,ENST00000249504,HOXD11
ENSG00000128710,ENST00000249501,HOXD10
ENSG00000128709,ENST00000249499,HOXD9
ENSG00000175879,ENST00000313173,HOXD8
ENSG00000128652,ENST00000683222,HOXD3
ENSG00000170166,ENST00000306324,HOXD4
ENSG00000128645,ENST00000331462,HOXD1
ENSG00000128654,ENST00000249442,MTX2
ENSG00000170144,ENST00000392524,HNRNPA3
ENSG00000116044,ENST00000397062,NFE2L2
ENSG00000018510,ENST00000264167,AGPS
ENSG00000196659,ENST00000408939,IFT70B
ENSG00000197557,ENST00000355689,IFT70A
ENSG00000128655,ENST00000286063,PDE11A
ENSG00000155636,ENST00000286070,RBM45
ENSG00000079156,ENST00000190611,OSBPL6
ENSG00000180228,ENST00000325748,PRKRA
ENSG00000204311,ENST00000644580,PJVK
ENSG00000079150,ENST00000424785,FKBP7
ENSG00000116095,ENST00000234453,PLEKHA3
ENSG00000155657,ENST00000589042,TTN
ENSG00000163492,ENST00000443758,CCDC141
ENSG00000187231,ENST00000428443,SESTD1
ENSG00000144331,ENST00000410066,ZNF385B
ENSG00000163510,ENST00000410053,CWC22
ENSG00000170035,ENST00000410062,UBE2E3
ENSG00000115232,ENST00000397033,ITGA4
ENSG00000188452,ENST00000410087,CERKL
ENSG00000162992,ENST00000295108,NEUROD1
ENSG00000138434,ENST00000431877,ITPRID2
ENSG00000150722,ENST00000682840,PPP1R1C
ENSG00000115252,ENST00000409365,PDE1A
ENSG00000077232,ENST00000264065,DNAJC10
ENSG00000162998,ENST00000295113,FRZB
ENSG00000061676,ENST00000361354,NCKAP1
ENSG00000162999,ENST00000354221,DUSP19
ENSG00000163002,ENST00000295119,NUP35
ENSG00000170396,ENST00000302277,ZNF804A
ENSG00000188738,ENST00000424728,FSIP2
ENSG00000065548,ENST00000337859,ZC3H15
ENSG00000138448,ENST00000261023,ITGAV
ENSG00000144369,ENST00000304698,FAM171B
ENSG00000163012,ENST00000295131,ZSWIM2
ENSG00000064989,ENST00000392370,CALCRL
ENSG00000003436,ENST00000233156,TFPI
ENSG00000144366,ENST00000409830,GULP1
ENSG00000168542,ENST00000304636,COL3A1
ENSG00000204262,ENST00000374866,COL5A2
ENSG00000115368,ENST00000314761,WDR75
ENSG00000138449,ENST00000261024,SLC40A1
ENSG00000138381,ENST00000260952,ASNSD1
ENSG00000286053,ENST00000607829,ASDURF
ENSG00000151687,ENST00000684021,ANKAR
ENSG00000128694,ENST00000264151,OSGEPL1
ENSG00000128699,ENST00000392349,ORMDL1
ENSG00000064933,ENST00000441310,PMS1
ENSG00000187699,ENST00000340623,C2orf88
ENSG00000138379,ENST00000260950,MSTN
ENSG00000198130,ENST00000359678,HIBCH
ENSG00000151689,ENST00000392329,INPP1
ENSG00000151690,ENST00000392328,MFSD6
ENSG00000189362,ENST00000409150,NEMP2
ENSG00000138386,ENST00000337386,NAB1
ENSG00000115419,ENST00000320717,GLS
ENSG00000115415,ENST00000361099,STAT1
ENSG00000138378,ENST00000392320,STAT4
ENSG00000128641,ENST00000392318,MYO1B
ENSG00000173559,ENST00000425611,NABP1
ENSG00000168497,ENST00000304141,CAVIN2
ENSG00000144339,ENST00000272771,TMEFF2
ENSG00000196950,ENST00000359634,SLC39A10
ENSG00000118997,ENST00000312428,DNAH7
ENSG00000081320,ENST00000263955,STK17B
ENSG00000138411,ENST00000644978,HECW2
ENSG00000144395,ENST00000389175,CCDC150
ENSG00000119041,ENST00000263956,GTF3C3
ENSG00000187944,ENST00000342506,C2orf66
ENSG00000197121,ENST00000354764,PGAP1
ENSG00000065413,ENST00000282272,ANKRD44
ENSG00000115524,ENST00000335508,SF3B1
ENSG00000115520,ENST00000263960,COQ10B
ENSG00000144381,ENST00000388968,HSPD1
ENSG00000115541,ENST00000233893,HSPE1
ENSG00000115540,ENST00000323303,MOB4
ENSG00000162944,ENST00000295049,RFTN2
ENSG00000247626,ENST00000282276,MARS2
ENSG00000152430,ENST00000392296,BOLL
ENSG00000115896,ENST00000428675,PLCL1
ENSG00000119042,ENST00000417098,SATB2
ENSG00000226124,ENST00000420128,FTCDNL1
ENSG00000178074,ENST00000319974,C2orf69
ENSG00000162971,ENST00000354611,TYW5
ENSG00000162972,ENST00000392290,MAIP1
ENSG00000196141,ENST00000409140,SPATS2L
ENSG00000155729,ENST00000359878,KCTD18
ENSG00000163535,ENST00000357799,SGO2
ENSG00000138356,ENST00000374700,AOX1
ENSG00000082153,ENST00000409600,BZW1
ENSG00000013441,ENST00000321356,CLK1
ENSG00000240344,ENST00000392283,PPIL3
ENSG00000196290,ENST00000409020,NIF3L1
ENSG00000115942,ENST00000234296,ORC2
ENSG00000155744,ENST00000681958,HYCC2
ENSG00000119013,ENST00000237889,NDUFB3
ENSG00000003402,ENST00000309955,CFLAR
ENSG00000003400,ENST00000286186,CASP10
ENSG00000064012,ENST00000673742,CASP8
ENSG00000155749,ENST00000392257,FLACC1
ENSG00000115993,ENST00000332624,TRAK2
ENSG00000082146,ENST00000194530,STRADB
ENSG00000155754,ENST00000439140,C2CD6
ENSG00000155755,ENST00000409883,TMEM237
ENSG00000082126,ENST00000409474,MPP4
ENSG00000003393,ENST00000264276,ALS2
ENSG00000138395,ENST00000652192,CDK15
ENSG00000155760,ENST00000286201,FZD7
ENSG00000182329,ENST00000498697,KIAA2012
ENSG00000116030,ENST00000392246,SUMO1
ENSG00000055044,ENST00000264279,NOP58
ENSG00000204217,ENST00000374580,BMPR2
ENSG00000138439,ENST00000392238,FAM117B
ENSG00000163596,ENST00000358299,ICA1L
ENSG00000138442,ENST00000261015,WDR12
ENSG00000138380,ENST00000438828,CARF
ENSG00000144426,ENST00000683969,NBEAL1
ENSG00000119004,ENST00000356079,CYP20A1
ENSG00000138443,ENST00000261018,ABI2
ENSG00000173166,ENST00000319170,RAPH1
ENSG00000178562,ENST00000324106,CD28
ENSG00000163599,ENST00000648405,CTLA4
ENSG00000163600,ENST00000316386,ICOS
ENSG00000116117,ENST00000406610,PARD3B
ENSG00000118257,ENST00000357785,NRP2
ENSG00000114933,ENST00000403263,INO80D
ENSG00000023228,ENST00000233190,NDUFS1
ENSG00000114942,ENST00000392222,EEF1B2
ENSG00000183671,ENST00000621141,CMKLR2
ENSG00000204186,ENST00000374423,ZDBF2
ENSG00000114948,ENST00000264377,ADAM23
ENSG00000235118,ENST00000441223,FAM237A
ENSG00000232125,ENST00000452335,DYTN
ENSG00000138400,ENST00000374412,MDH1B
ENSG00000118246,ENST00000402774,FASTKD2
ENSG00000144410,ENST00000272852,CPO
ENSG00000118263,ENST00000309446,KLF7
ENSG00000118260,ENST00000353267,CREB1
ENSG00000144401,ENST00000411432,METTL21A
ENSG00000163249,ENST00000295414,CCNYL1
ENSG00000163251,ENST00000295417,FZD5
ENSG00000178385,ENST00000427836,PLEKHM3
ENSG00000118231,ENST00000264376,CRYGD
ENSG00000163254,ENST00000282141,CRYGC
ENSG00000182187,ENST00000260988,CRYGB
ENSG00000168582,ENST00000304502,CRYGA
ENSG00000188674,ENST00000341287,C2orf80
ENSG00000138413,ENST00000345146,IDH1
ENSG00000115020,ENST00000264380,PIKFYVE
ENSG00000144407,ENST00000272847,PTH2R
ENSG00000078018,ENST00000682079,MAP2
ENSG00000144406,ENST00000673920,UNC80
ENSG00000197713,ENST00000359429,RPE
ENSG00000144445,ENST00000281772,KANSL1L
ENSG00000115361,ENST00000233710,ACADL
ENSG00000168530,ENST00000352451,MYL1
ENSG00000115365,ENST00000450366,LANCL1
ENSG00000021826,ENST00000233072,CPS1
ENSG00000178568,ENST00000342788,ERBB4
ENSG00000030419,ENST00000434687,IKZF2
ENSG00000144451,ENST00000331683,SPAG16
ENSG00000174453,ENST00000312504,VWC2L
ENSG00000138376,ENST00000260947,BARD1
ENSG00000144452,ENST00000272895,ABCA12
ENSG00000138363,ENST00000236959,ATIC
ENSG00000115414,ENST00000354785,FN1
ENSG00000118242,ENST00000263268,MREG
ENSG00000115425,ENST00000265322,PECR
ENSG00000163449,ENST00000437356,TMEM169
ENSG00000079246,ENST00000392132,XRCC5
ENSG00000144583,ENST00000273067,MARCHF4
ENSG00000138375,ENST00000357276,SMARCAL1
ENSG00000197756,ENST00000491306,RPL37A
ENSG00000115457,ENST00000233809,IGFBP2
ENSG00000115461,ENST00000233813,IGFBP5
ENSG00000118245,ENST00000236979,TNP1
ENSG00000079308,ENST00000682258,TNS1
ENSG00000188282,ENST00000697321,RUFY4
ENSG00000180871,ENST00000318507,CXCR2
ENSG00000163464,ENST00000295683,CXCR1
ENSG00000163466,ENST00000315717,ARPC2
ENSG00000179921,ENST00000519574,GPBAR1
ENSG00000127837,ENST00000248450,AAMP
ENSG00000127838,ENST00000273077,PNKD
ENSG00000135926,ENST00000258412,TMBIM1
ENSG00000158428,ENST00000289388,CATIP
ENSG00000018280,ENST00000233202,SLC11A1
ENSG00000144579,ENST00000273062,CTDSP1
ENSG00000127831,ENST00000248444,VIL1
ENSG00000135913,ENST00000258399,USP37
ENSG00000144580,ENST00000273064,CNOT9
ENSG00000115556,ENST00000450993,PLCD4
ENSG00000115568,ENST00000411696,ZNF142
ENSG00000074582,ENST00000359273,BCS1L
ENSG00000163481,ENST00000295704,RNF25
ENSG00000163482,ENST00000295709,STK36
ENSG00000135912,ENST00000392102,TTLL4
ENSG00000135929,ENST00000258415,CYP27A1
ENSG00000115592,ENST00000439262,PRKAG3
ENSG00000115596,ENST00000233948,WNT6
ENSG00000135925,ENST00000258411,WNT10A
ENSG00000171450,ENST00000302625,CDK5R2
ENSG00000163497,ENST00000295727,FEV
ENSG00000163499,ENST00000295728,CRYBA2
ENSG00000181378,ENST00000341552,CFAP65
ENSG00000163501,ENST00000295731,IHH
ENSG00000187736,ENST00000356853,NHEJ1
ENSG00000213901,ENST00000409878,SLC23A3
ENSG00000115649,ENST00000360507,CNPPD1
ENSG00000144567,ENST00000430297,RETREG2
ENSG00000158552,ENST00000289528,ZFAND2B
ENSG00000115657,ENST00000265316,ABCB6
ENSG00000198925,ENST00000361242,ATG9A
ENSG00000163516,ENST00000323348,ANKZF1
ENSG00000163521,ENST00000295759,GLB1L
ENSG00000115661,ENST00000396738,STK16
ENSG00000127824,ENST00000248437,TUBA4A
ENSG00000243910,ENST00000490341,TUBA4B
ENSG00000135924,ENST00000336576,DNAJB2
ENSG00000054356,ENST00000295718,PTPRN
ENSG00000182698,ENST00000333527,RESP18
ENSG00000123992,ENST00000273075,DNPEP
ENSG00000175084,ENST00000373960,DES
ENSG00000072195,ENST00000312358,SPEG
ENSG00000286095,ENST00000651166,SPEGNB
ENSG00000144591,ENST00000313597,GMPPA
ENSG00000072182,ENST00000358078,ASIC4
ENSG00000123989,ENST00000243776,CHPF
ENSG00000188760,ENST00000373883,TMEM198
ENSG00000124006,ENST00000404537,OBSL1
ENSG00000123999,ENST00000243786,INHA
ENSG00000144589,ENST00000456909,STK11IP
ENSG00000114923,ENST00000358055,SLC4A3
ENSG00000116106,ENST00000281821,EPHA4
ENSG00000135903,ENST00000392070,PAX3
ENSG00000288658,ENST00000678139,RNF228
ENSG00000163082,ENST00000321276,SGPP2
ENSG00000116120,ENST00000281828,FARSB
ENSG00000124003,ENST00000446656,MOGAT1
ENSG00000123983,ENST00000357430,ACSL3
ENSG00000152049,ENST00000281830,KCNE4
ENSG00000171951,ENST00000305409,SCG2
ENSG00000152056,ENST00000396654,AP1S3
ENSG00000085449,ENST00000233055,WDFY1
ENSG00000135900,ENST00000258383,MRPL44
ENSG00000135919,ENST00000409304,SERPINE2
ENSG00000124019,ENST00000409685,FAM124B
ENSG00000036257,ENST00000264414,CUL3
ENSG00000283428,ENST00000638102,CCDC195
ENSG00000135905,ENST00000258390,DOCK10
ENSG00000144460,ENST00000272907,NYAP2
ENSG00000169047,ENST00000305123,IRS1
ENSG00000144468,ENST00000392062,RHBDD1
ENSG00000081052,ENST00000396625,COL4A4
ENSG00000169031,ENST00000396578,COL4A3
ENSG00000168958,ENST00000304593,MFF
ENSG00000168955,ENST00000304568,TM4SF20
ENSG00000284629,ENST00000641359,SCYGR1
ENSG00000173744,ENST00000310078,AGFG1
ENSG00000284643,ENST00000641394,SCYGR2
ENSG00000284704,ENST00000642029,SCYGR3
ENSG00000284631,ENST00000641801,SCYGR4
ENSG00000284667,ENST00000641976,SCYGR5
ENSG00000135917,ENST00000644224,SLC19A3
ENSG00000284725,ENST00000641918,SCYGR6
ENSG00000284718,ENST00000641700,SCYGR7
ENSG00000284635,ENST00000641981,SCYGR8
ENSG00000115009,ENST00000358813,CCL20
ENSG00000123977,ENST00000309931,DAW1
ENSG00000153820,ENST00000392056,SPHKAP
ENSG00000153823,ENST00000392055,PID1
ENSG00000187957,ENST00000341772,DNER
ENSG00000153827,ENST00000675903,TRIP12
ENSG00000153832,ENST00000283946,FBXO36
ENSG00000163053,ENST00000295190,SLC16A14
ENSG00000135899,ENST00000258381,SP110
ENSG00000079263,ENST00000392045,SP140
ENSG00000185404,ENST00000415673,SP140L
ENSG00000067066,ENST00000340126,SP100
ENSG00000135932,ENST00000258418,CAB39
ENSG00000135916,ENST00000326427,ITM2C
ENSG00000135898,ENST00000650999,GPR55
ENSG00000173699,ENST00000433428,SPATA3
ENSG00000204128,ENST00000373640,C2orf72
ENSG00000173692,ENST00000308696,PSMD1
ENSG00000135914,ENST00000258400,HTR2B
ENSG00000135931,ENST00000611582,ARMC9
ENSG00000156966,ENST00000287590,B3GNT7
ENSG00000115053,ENST00000322723,NCL
ENSG00000171596,ENST00000305141,NMUR1
ENSG00000177673,ENST00000313965,TEX44
ENSG00000187514,ENST00000409115,PTMA
ENSG00000156973,ENST00000287600,PDE6D
ENSG00000144524,ENST00000350033,COPS7B
ENSG00000163273,ENST00000409852,NPPC
ENSG00000144535,ENST00000325385,DIS3L2
ENSG00000163283,ENST00000392027,ALPP
ENSG00000163286,ENST00000295453,ALPG
ENSG00000163295,ENST00000295463,ALPI
ENSG00000171551,ENST00000304546,ECEL1
ENSG00000237412,ENST00000617714,PRSS56
ENSG00000135902,ENST00000258385,CHRND
ENSG00000196811,ENST00000651502,CHRNG
ENSG00000221944,ENST00000408957,TIGD1
ENSG00000135930,ENST00000258416,EIF4E2
ENSG00000115468,ENST00000264059,EFHD1
ENSG00000204120,ENST00000373563,GIGYF2
ENSG00000115474,ENST00000233826,KCNJ13
ENSG00000182600,ENST00000331342,SNORC
ENSG00000066248,ENST00000264051,NGEF
ENSG00000115488,ENST00000233840,NEU2
ENSG00000168918,ENST00000445964,INPP5D
ENSG00000085978,ENST00000392017,ATG16L1
ENSG00000130561,ENST00000409110,SAG
ENSG00000077044,ENST00000264057,DGKD
ENSG00000085982,ENST00000678225,USP40
ENSG00000242366,ENST00000373450,UGT1A8
ENSG00000242515,ENST00000344644,UGT1A10
ENSG00000241119,ENST00000354728,UGT1A9
ENSG00000244122,ENST00000373426,UGT1A7
ENSG00000167165,ENST00000305139,UGT1A6
ENSG00000288705,ENST00000373414,UGT1A5
ENSG00000244474,ENST00000373409,UGT1A4
ENSG00000288702,ENST00000482026,UGT1A3
ENSG00000241635,ENST00000305208,UGT1A1
ENSG00000185038,ENST00000389758,MROH2A
ENSG00000123485,ENST00000411486,HJURP
ENSG00000293137,ENST00000438684,MSL3B
ENSG00000144481,ENST00000324695,TRPM8
ENSG00000072080,ENST00000168148,SPP2
ENSG00000188042,ENST00000339728,ARL4C
ENSG00000130147,ENST00000392011,SH3BP4
ENSG00000157985,ENST00000304032,AGAP1
ENSG00000168505,ENST00000306318,GBX2
ENSG00000182177,ENST00000409749,ASB18
ENSG00000132321,ENST00000409907,IQCA1
ENSG00000144476,ENST00000272928,ACKR3
ENSG00000198612,ENST00000354371,COPS8
ENSG00000163359,ENST00000295550,COL6A3
ENSG00000115648,ENST00000264605,MLPH
ENSG00000071677,ENST00000165524,PRLH
ENSG00000124839,ENST00000264601,RAB17
ENSG00000124831,ENST00000308482,LRRFIP1
ENSG00000177483,ENST00000316997,RBM44
ENSG00000132329,ENST00000254661,RAMP1
ENSG00000184182,ENST00000272930,UBE2F
ENSG00000132330,ENST00000254663,SCLY
ENSG00000144488,ENST00000343063,ESPNL
ENSG00000168427,ENST00000409223,KLHL30
ENSG00000178752,ENST00000546354,ERFE
ENSG00000132323,ENST00000254654,ILKAP
ENSG00000144485,ENST00000272937,HES6
ENSG00000132326,ENST00000254657,PER2
ENSG00000204104,ENST00000373327,TRAF3IP1
ENSG00000065802,ENST00000264607,ASB1
ENSG00000233608,ENST00000612363,TWIST2
ENSG00000068024,ENST00000543185,HDAC4
ENSG00000130414,ENST00000252711,NDUFA10
ENSG00000182083,ENST00000319423,OR6B2
ENSG00000178586,ENST00000641019,OR6B3
ENSG00000172428,ENST00000607357,COPS9
ENSG00000178602,ENST00000319460,OTOS
ENSG00000063660,ENST00000264039,GPC1
ENSG00000144504,ENST00000401804,ANKMY1
ENSG00000188542,ENST00000405954,DUSP28
ENSG00000142327,ENST00000270357,RNPEPL1
ENSG00000142330,ENST00000391984,CAPN10
ENSG00000178623,ENST00000407714,GPR35
ENSG00000185176,ENST00000407834,AQP12B
ENSG00000184945,ENST00000337801,AQP12A
ENSG00000130294,ENST00000498729,KIF1A
ENSG00000172482,ENST00000307503,AGXT
ENSG00000172478,ENST00000388934,MAB21L4
ENSG00000226321,ENST00000690015,CROCC2
ENSG00000162804,ENST00000310397,SNED1
ENSG00000122085,ENST00000391980,MTERF4
ENSG00000115687,ENST00000234040,PASK
ENSG00000115685,ENST00000234038,PPP1R7
ENSG00000146205,ENST00000674324,ANO7
ENSG00000115677,ENST00000310931,HDLBP
ENSG00000168385,ENST00000391971,SEPTIN2
ENSG00000006607,ENST00000264042,FARP2
ENSG00000115694,ENST00000316586,STK25
ENSG00000176720,ENST00000318407,BOK
ENSG00000176946,ENST00000407315,THAP4
ENSG00000168397,ENST00000404914,ATG4B
ENSG00000168393,ENST00000305784,DTYMK
ENSG00000168395,ENST00000313552,ING5
ENSG00000180902,ENST00000321264,D2HGDH
ENSG00000154252,ENST00000192314,GAL3ST2
ENSG00000204099,ENST00000407683,NEU4
ENSG00000188389,ENST00000334409,PDCD1
ENSG00000188011,ENST00000343216,RTP5
ENSG00000216921,ENST00000404031,FAM240C
ENSG00000134121,ENST00000256509,CHL1
ENSG00000134115,ENST00000446702,CNTN6
ENSG00000144619,ENST00000418658,CNTN4
ENSG00000091181,ENST00000446632,IL5RA
ENSG00000072756,ENST00000251607,TRNT1
ENSG00000113851,ENST00000231948,CRBN
ENSG00000144455,ENST00000272902,SUMF1
ENSG00000175928,ENST00000319331,LRRN1
ENSG00000170364,ENST00000358065,SETMAR
ENSG00000150995,ENST00000649015,ITPR1
ENSG00000134107,ENST00000256495,BHLHE40
ENSG00000134108,ENST00000256496,ARL8B
ENSG00000134109,ENST00000256497,EDEM1
ENSG00000196277,ENST00000357716,GRM7
ENSG00000071282,ENST00000157600,LMCD1
ENSG00000125046,ENST00000544814,SSUH2
ENSG00000182533,ENST00000343849,CAV3
ENSG00000180914,ENST00000316793,OXTR
ENSG00000070950,ENST00000264926,RAD18
ENSG00000196220,ENST00000383836,SRGAP3
ENSG00000134077,ENST00000452837,THUMPD3
ENSG00000168137,ENST00000402198,SETD5
ENSG00000156959,ENST00000287585,LHFPL4
ENSG00000163719,ENST00000296003,MTMR14
ENSG00000144550,ENST00000383832,CPNE9
ENSG00000156983,ENST00000383829,BRPF1
ENSG00000114026,ENST00000344629,OGG1
ENSG00000134072,ENST00000256460,CAMK1
ENSG00000171148,ENST00000301964,TADA3
ENSG00000241553,ENST00000397261,ARPC4
ENSG00000214021,ENST00000685419,TTLL3
ENSG00000156990,ENST00000383820,RPUSD3
ENSG00000187288,ENST00000336832,CIDEC
ENSG00000171135,ENST00000647897,JAGN1
ENSG00000163701,ENST00000383814,IL17RE
ENSG00000163702,ENST00000403601,IL17RC
ENSG00000163703,ENST00000452070,CRELD1
ENSG00000163704,ENST00000412055,PRRT3
ENSG00000125037,ENST00000245046,EMC3
ENSG00000144554,ENST00000675286,FANCD2
ENSG00000163705,ENST00000450660,FANCD2OS
ENSG00000254999,ENST00000530758,BRK1
ENSG00000134086,ENST00000256474,VHL
ENSG00000134070,ENST00000256458,IRAK2
ENSG00000157014,ENST00000448281,TATDN2
ENSG00000157017,ENST00000335542,GHRL
ENSG00000157020,ENST00000350697,SEC13
ENSG00000157087,ENST00000360273,ATP2B2
ENSG00000132164,ENST00000254488,SLC6A11
ENSG00000157103,ENST00000287766,SLC6A1
ENSG00000196639,ENST00000431010,HRH1
ENSG00000197548,ENST00000693202,ATG7
ENSG00000144560,ENST00000430365,VGLL4
ENSG00000144559,ENST00000455809,TAMM41
ENSG00000157152,ENST00000621198,SYN2
ENSG00000157150,ENST00000287814,TIMP4
ENSG00000132170,ENST00000651735,PPARG
ENSG00000154743,ENST00000284995,TSEN2
ENSG00000225526,ENST00000564146,MKRN2OS
ENSG00000075975,ENST00000170447,MKRN2
ENSG00000132155,ENST00000251849,RAF1
ENSG00000088726,ENST00000314124,TMEM40
ENSG00000144712,ENST00000456430,CAND2
ENSG00000144713,ENST00000429711,RPL32
ENSG00000144711,ENST00000613206,IQSEC1
ENSG00000132182,ENST00000254508,NUP210
ENSG00000163517,ENST00000295757,HDAC11
ENSG00000163520,ENST00000404922,FBLN2
ENSG00000154764,ENST00000285018,WNT7A
ENSG00000163528,ENST00000396914,CHCHD4
ENSG00000170876,ENST00000306077,TMEM43
ENSG00000154767,ENST00000285021,XPC
ENSG00000170860,ENST00000306024,LSM3
ENSG00000131389,ENST00000622186,SLC6A6
ENSG00000144596,ENST00000621039,GRIP2
ENSG00000154781,ENST00000383794,CCDC174
ENSG00000131379,ENST00000253697,C3orf20
ENSG00000154783,ENST00000285046,FGD5
ENSG00000177463,ENST00000425241,NR2C2
ENSG00000131368,ENST00000253686,MRPS25
ENSG00000131381,ENST00000253699,RBSN
ENSG00000131375,ENST00000253693,CAPN7
ENSG00000131370,ENST00000383791,SH3BP5
ENSG00000206562,ENST00000383790,METTL6
ENSG00000144597,ENST00000396842,EAF1
ENSG00000206561,ENST00000383788,COLQ
ENSG00000131373,ENST00000321169,HACL1
ENSG00000169814,ENST00000643237,BTD
ENSG00000206560,ENST00000683139,ANKRD28
ENSG00000131386,ENST00000339732,GALNT15
ENSG00000154813,ENST00000488423,DPH3
ENSG00000154814,ENST00000285083,OXNAD1
ENSG00000131378,ENST00000334133,RFTN1
ENSG00000092345,ENST00000399444,DAZL
ENSG00000154822,ENST00000615277,PLCL2
ENSG00000131374,ENST00000696125,TBC1D5
ENSG00000182568,ENST00000338745,SATB1
ENSG00000183960,ENST00000328405,KCNH8
ENSG00000163576,ENST00000295824,EFHB
ENSG00000144566,ENST00000273047,RAB5A
ENSG00000183977,ENST00000389050,PP2D1
ENSG00000114166,ENST00000263754,KAT2B
ENSG00000129810,ENST00000412997,SGO1
ENSG00000151789,ENST00000281523,ZNF385D
ENSG00000182247,ENST00000396703,UBE2E2
ENSG00000170142,ENST00000306627,UBE2E1
ENSG00000197885,ENST00000425478,NKIRAS1
ENSG00000174748,ENST00000307839,RPL15
ENSG00000174738,ENST00000312521,NR1D2
ENSG00000151090,ENST00000646209,THRB
ENSG00000077092,ENST00000330688,RARB
ENSG00000077097,ENST00000264331,TOP2B
ENSG00000151092,ENST00000280700,NGLY1
ENSG00000151093,ENST00000280701,OXSM
ENSG00000179796,ENST00000396641,LRRC3B
ENSG00000163491,ENST00000691995,NEK10
ENSG00000033867,ENST00000454389,SLC4A7
ENSG00000163508,ENST00000449599,EOMES
ENSG00000187118,ENST00000466830,CMC1
ENSG00000163512,ENST00000479665,AZI2
ENSG00000206559,ENST00000383768,ZCWPW2
ENSG00000144642,ENST00000383767,RBMS3
ENSG00000163513,ENST00000295754,TGFBR2
ENSG00000144644,ENST00000282538,GADL1
ENSG00000163527,ENST00000295770,STT3B
ENSG00000144645,ENST00000396556,OSBPL10
ENSG00000197385,ENST00000360311,ZNF860
ENSG00000152642,ENST00000282541,GPD1L
ENSG00000170293,ENST00000307526,CMTM8
ENSG00000153551,ENST00000334983,CMTM7
ENSG00000091317,ENST00000205636,CMTM6
ENSG00000144635,ENST00000273130,DYNC1LI1
ENSG00000182973,ENST00000328834,CNOT10
ENSG00000206557,ENST00000383763,TRIM71
ENSG00000183813,ENST00000330953,CCR4
ENSG00000170266,ENST00000307363,GLB1
ENSG00000188167,ENST00000342462,TMPPE
ENSG00000170275,ENST00000320954,CRTAP
ENSG00000173705,ENST00000309558,SUSD5
ENSG00000153558,ENST00000484457,FBXL2
ENSG00000153560,ENST00000283629,UBP1
ENSG00000163539,ENST00000682230,CLASP2
ENSG00000170248,ENST00000307296,PDCD6IP
ENSG00000172995,ENST00000684406,ARPP21
ENSG00000144681,ENST00000273183,STAC
ENSG00000163673,ENST00000636136,DCLK3
ENSG00000168016,ENST00000645898,TRANK1
ENSG00000178567,ENST00000322716,EPM2AIP1
ENSG00000076242,ENST00000231790,MLH1
ENSG00000093167,ENST00000336686,LRRFIP2
ENSG00000144674,ENST00000361924,GOLGA4
ENSG00000144668,ENST00000264741,ITGA9
ENSG00000144677,ENST00000273179,CTDSPL
ENSG00000136059,ENST00000383759,VILL
ENSG00000187091,ENST00000334661,PLCD1
ENSG00000008226,ENST00000308059,DLEC1
ENSG00000060971,ENST00000333167,ACAA1
ENSG00000172936,ENST00000650905,MYD88
ENSG00000172939,ENST00000311806,OXSR1
ENSG00000172940,ENST00000311856,SLC22A13
ENSG00000144671,ENST00000448498,SLC22A14
ENSG00000093217,ENST00000207870,XYLB
ENSG00000114739,ENST00000352511,ACVR2B
ENSG00000157036,ENST00000287675,EXOG
ENSG00000183873,ENST00000423572,SCN5A
ENSG00000185313,ENST00000449082,SCN10A
ENSG00000168356,ENST00000302328,SCN11A
ENSG00000114742,ENST00000302313,WDR48
ENSG00000114745,ENST00000319283,GORASP1
ENSG00000168026,ENST00000683103,TTC21A
ENSG00000144655,ENST00000273153,CSRNP1
ENSG00000168334,ENST00000340369,XIRP1
ENSG00000168329,ENST00000399220,CX3CR1
ENSG00000179934,ENST00000326306,CCR8
ENSG00000144659,ENST00000650617,SLC25A38
ENSG00000168028,ENST00000301821,RPSA
ENSG00000168314,ENST00000684792,MOBP
ENSG00000170011,ENST00000302541,MYRIP
ENSG00000114784,ENST00000232905,EIF1B
ENSG00000168032,ENST00000301825,ENTPD3
ENSG00000188846,ENST00000396203,RPL14
ENSG00000177873,ENST00000432264,ZNF619
ENSG00000177842,ENST00000314529,ZNF620
ENSG00000172888,ENST00000339296,ZNF621
ENSG00000168036,ENST00000349496,CTNNB1
ENSG00000168038,ENST00000301831,ULK4
ENSG00000182606,ENST00000327628,TRAK1
ENSG00000187094,ENST00000396169,CCK
ENSG00000157093,ENST00000287748,LYZL4
ENSG00000114812,ENST00000325123,VIPR1
ENSG00000093183,ENST00000264454,SEC22C
ENSG00000008324,ENST00000011691,SS18L2
ENSG00000114857,ENST00000232978,NKTR
ENSG00000114853,ENST00000232974,ZBTB47
ENSG00000157119,ENST00000287777,KLHL40
ENSG00000010282,ENST00000441594,HHATL
ENSG00000244607,ENST00000310232,CCDC13
ENSG00000181061,ENST00000321331,HIGD1A
ENSG00000144648,ENST00000422265,ACKR2
ENSG00000180432,ENST00000316161,CYP8B1
ENSG00000182983,ENST00000440367,ZNF662
ENSG00000240747,ENST00000383748,KRBOX1
ENSG00000144649,ENST00000430121,GASK1A
ENSG00000144647,ENST00000344697,POMGNT2
ENSG00000163788,ENST00000296088,SNRK
ENSG00000160746,ENST00000292246,ANO10
ENSG00000011198,ENST00000644371,ABHD5
ENSG00000173769,ENST00000309765,TOPAZ1
ENSG00000179152,ENST00000342649,TCAIM
ENSG00000185219,ENST00000396077,ZNF445
ENSG00000196345,ENST00000426540,ZKSCAN7
ENSG00000144792,ENST00000322734,ZNF660
ENSG00000186448,ENST00000344387,ZNF197
ENSG00000169981,ENST00000396056,ZNF35
ENSG00000196653,ENST00000436624,ZNF502
ENSG00000186446,ENST00000620116,ZNF501
ENSG00000163807,ENST00000296121,KIAA1143
ENSG00000163808,ENST00000326047,KIF15
ENSG00000169964,ENST00000302392,TMEM42
ENSG00000163810,ENST00000296125,TGM4
ENSG00000163812,ENST00000424952,ZDHHC3
ENSG00000075914,ENST00000265564,EXOSC7
ENSG00000163815,ENST00000296130,CLEC3B
ENSG00000163814,ENST00000296129,CDCP1
ENSG00000249992,ENST00000503771,TMEM158
ENSG00000011376,ENST00000645846,LARS2
ENSG00000144791,ENST00000273317,LIMD1
ENSG00000211456,ENST00000389061,SACM1L
ENSG00000163817,ENST00000358525,SLC6A20
ENSG00000163818,ENST00000296135,LZTFL1
ENSG00000173585,ENST00000357632,CCR9
ENSG00000163820,ENST00000296137,FYCO1
ENSG00000172215,ENST00000304552,CXCR6
ENSG00000173578,ENST00000309285,XCR1
ENSG00000183625,ENST00000395940,CCR3
ENSG00000163823,ENST00000296140,CCR1
ENSG00000121807,ENST00000445132,CCR2
ENSG00000223552,ENST00000451485,CCR5AS
ENSG00000160791,ENST00000292303,CCR5
ENSG00000121797,ENST00000399036,CCRL2
ENSG00000012223,ENST00000231751,LTF
ENSG00000163825,ENST00000296142,RTP3
ENSG00000163827,ENST00000395905,LRRC2
ENSG00000241186,ENST00000296145,CRIPTO
ENSG00000283473,ENST00000640551,FAM240A
ENSG00000178038,ENST00000318962,ALS2CL
ENSG00000181585,ENST00000643606,TMIE
ENSG00000283706,ENST00000315170,PRSS50
ENSG00000160808,ENST00000292327,MYL3
ENSG00000160801,ENST00000449590,PTH1R
ENSG00000160799,ENST00000683445,CCDC12
ENSG00000160796,ENST00000450053,NBEAL2
ENSG00000181555,ENST00000409792,SETD2
ENSG00000088727,ENST00000684063,KIF9
ENSG00000114648,ENST00000232766,KLHL18
ENSG00000076201,ENST00000265562,PTPN23
ENSG00000114650,ENST00000265565,SCAP
ENSG00000163832,ENST00000296149,ELP6
ENSG00000114646,ENST00000264723,CSPG5
ENSG00000173473,ENST00000254480,SMARCC1
ENSG00000132153,ENST00000445061,DHX30
ENSG00000047849,ENST00000683076,MAP4
ENSG00000164045,ENST00000302506,CDC25A
ENSG00000164047,ENST00000652295,CAMP
ENSG00000164048,ENST00000354698,ZNF589
ENSG00000172113,ENST00000442597,NME6
ENSG00000229453,ENST00000434006,SPINK8
ENSG00000164049,ENST00000296438,FBXW12
ENSG00000164050,ENST00000296440,PLXNB1
ENSG00000164051,ENST00000395694,CCDC51
ENSG00000232112,ENST00000438607,TMA7
ENSG00000164053,ENST00000320211,ATRIP
ENSG00000213689,ENST00000625293,TREX1
ENSG00000164054,ENST00000296444,SHISA5
ENSG00000114268,ENST00000232375,PFKFB4
ENSG00000145040,ENST00000273610,UCN2
ENSG00000114270,ENST00000681320,COL7A1
ENSG00000010256,ENST00000203407,UQCRC1
ENSG00000183396,ENST00000330862,TMEM89
ENSG00000225697,ENST00000395550,SLC26A6
ENSG00000008300,ENST00000164024,CELSR3
ENSG00000213672,ENST00000294129,NCKIPSD
ENSG00000068745,ENST00000328631,IP6K2
ENSG00000114302,ENST00000265563,PRKAR2A
ENSG00000178537,ENST00000319017,SLC25A20
ENSG00000177479,ENST00000356401,ARIH2
ENSG00000178467,ENST00000383729,P4HTM
ENSG00000178252,ENST00000608424,WDR6
ENSG00000178149,ENST00000341949,DALRD3
ENSG00000178057,ENST00000326925,NDUFAF3
ENSG00000178035,ENST00000326739,IMPDH2
ENSG00000198218,ENST00000395443,QRICH1
ENSG00000172053,ENST00000306125,QARS1
ENSG00000172046,ENST00000417901,USP19
ENSG00000172037,ENST00000305544,LAMB2
ENSG00000177352,ENST00000321895,CCDC71
ENSG00000185909,ENST00000332780,KLHDC8B
ENSG00000236980,ENST00000545770,CIMIP7
ENSG00000173421,ENST00000452691,IHO1
ENSG00000188315,ENST00000343010,C3orf62
ENSG00000114316,ENST00000265560,USP4
ENSG00000233276,ENST00000419783,GPX1
ENSG00000067560,ENST00000418115,RHOA
ENSG00000145022,ENST00000273590,TCTA
ENSG00000145020,ENST00000273588,AMT
ENSG00000145029,ENST00000273598,NICN1
ENSG00000173402,ENST00000308775,DAG1
ENSG00000164061,ENST00000296452,BSN
ENSG00000164062,ENST00000296456,APEH
ENSG00000173531,ENST00000449682,MST1
ENSG00000164068,ENST00000327697,RNF123
ENSG00000176020,ENST00000320431,AMIGO3
ENSG00000173540,ENST00000308388,GMPPB
ENSG00000176095,ENST00000321599,IP6K1
ENSG00000187492,ENST00000412678,CDHR4
ENSG00000185614,ENST00000333323,INKA1
ENSG00000182179,ENST00000333486,UBA7
ENSG00000183763,ENST00000331456,TRAIP
ENSG00000164076,ENST00000477224,CAMKV
ENSG00000164078,ENST00000296474,MST1R
ENSG00000164077,ENST00000296473,MON1A
ENSG00000004534,ENST00000266022,RBM6
ENSG00000003756,ENST00000347869,RBM5
ENSG00000001617,ENST00000002829,SEMA3F
ENSG00000114349,ENST00000232461,GNAT1
ENSG00000188338,ENST00000614032,SLC38A3
ENSG00000114353,ENST00000313601,GNAI2
ENSG00000012171,ENST00000616701,SEMA3B
ENSG00000179564,ENST00000316436,LSMEM2
ENSG00000214706,ENST00000417626,IFRD2
ENSG00000186792,ENST00000336307,HYAL3
ENSG00000243477,ENST00000443094,NAA80
ENSG00000114378,ENST00000395144,HYAL1
ENSG00000068001,ENST00000357750,HYAL2
ENSG00000114383,ENST00000232496,TUSC2
ENSG00000068028,ENST00000359365,RASSF1
ENSG00000004838,ENST00000231749,ZMYND10
ENSG00000114388,ENST00000232501,NPRL2
ENSG00000114395,ENST00000425346,CYB561D2
ENSG00000126062,ENST00000266025,TMEM115
ENSG00000007402,ENST00000424201,CACNA2D2
ENSG00000088543,ENST00000357203,C3orf18
ENSG00000114735,ENST00000232854,HEMK1
ENSG00000114737,ENST00000348721,CISH
ENSG00000114738,ENST00000621469,MAPKAPK3
ENSG00000088538,ENST00000266037,DOCK3
ENSG00000145050,ENST00000528157,MANF
ENSG00000259956,ENST00000563281,RBM15B
ENSG00000145041,ENST00000684031,DCAF1
ENSG00000164080,ENST00000684192,RAD54L2
ENSG00000164081,ENST00000341333,TEX264
ENSG00000164082,ENST00000395052,GRM2
ENSG00000214686,ENST00000667863,IQCF6
ENSG00000229972,ENST00000440739,IQCF3
ENSG00000184345,ENST00000333127,IQCF2
ENSG00000214681,ENST00000446461,IQCF5
ENSG00000173389,ENST00000310914,IQCF1
ENSG00000114767,ENST00000232888,RRP9
ENSG00000041880,ENST00000398755,PARP3
ENSG00000180929,ENST00000322241,GPR62
ENSG00000090097,ENST00000461554,PCBP4
ENSG00000114779,ENST00000361143,ABHD14B
ENSG00000248487,ENST00000273596,ABHD14A
ENSG00000243989,ENST00000636358,ACY1
ENSG00000162244,ENST00000294189,RPL29
ENSG00000164086,ENST00000495880,DUSP7
ENSG00000164087,ENST00000296484,POC1A
ENSG00000023330,ENST00000484952,ALAS1
ENSG00000239732,ENST00000360658,TLR9
ENSG00000247596,ENST00000305533,TWF2
ENSG00000164088,ENST00000323588,PPM1M
ENSG00000164091,ENST00000296490,WDR82
ENSG00000168237,ENST00000436784,GLYCTK
ENSG00000114841,ENST00000420323,DNAH1
ENSG00000163930,ENST00000460680,BAP1
ENSG00000010318,ENST00000327906,PHF7
ENSG00000010319,ENST00000231721,SEMA3G
ENSG00000114854,ENST00000232975,TNNC1
ENSG00000010322,ENST00000345716,NISCH
ENSG00000010327,ENST00000321725,STAB1
ENSG00000168268,ENST00000422318,NT5DC2
ENSG00000168273,ENST00000477703,UQCC5
ENSG00000163939,ENST00000707071,PBRM1
ENSG00000163938,ENST00000418458,GNL3
ENSG00000016864,ENST00000266014,GLT8D1
ENSG00000114902,ENST00000619898,SPCS1
ENSG00000114904,ENST00000233027,NEK4
ENSG00000055957,ENST00000273283,ITIH1
ENSG00000162267,ENST00000449956,ITIH3
ENSG00000055955,ENST00000266041,ITIH4
ENSG00000272573,ENST00000446157,MUSTN1
ENSG00000213533,ENST00000355083,STIMATE
ENSG00000163935,ENST00000394752,SFMBT1
ENSG00000163933,ENST00000296292,RFT1
ENSG00000163932,ENST00000330452,PRKCD
ENSG00000163931,ENST00000462138,TKT
ENSG00000272886,ENST00000610213,DCP1A
ENSG00000157388,ENST00000350061,CACNA1D
ENSG00000016391,ENST00000315251,CHDH
ENSG00000056736,ENST00000288167,IL17RB
ENSG00000113812,ENST00000335754,ACTR8
ENSG00000113811,ENST00000495461,SELENOK
ENSG00000157445,ENST00000474759,CACNA2D3
ENSG00000144771,ENST00000273286,LRTM1
ENSG00000114251,ENST00000264634,WNT5A
ENSG00000187672,ENST00000288221,ERC2
ENSG00000180376,ENST00000394672,CCDC66
ENSG00000163946,ENST00000683822,TASOR
ENSG00000163947,ENST00000296315,ARHGEF3
ENSG00000186451,ENST00000334325,SPATA12
ENSG00000144730,ENST00000296318,IL17RD
ENSG00000163666,ENST00000295934,HESX1
ENSG00000157500,ENST00000288266,APPL1
ENSG00000239388,ENST00000487349,ASB14
ENSG00000174844,ENST00000495027,DNAH12
ENSG00000174840,ENST00000311180,PDE12
ENSG00000168374,ENST00000303436,ARF4
ENSG00000174839,ENST00000311128,DENND6A
ENSG00000163681,ENST00000671191,SLMAP
ENSG00000136068,ENST00000295956,FLNB
ENSG00000163687,ENST00000394549,DNASE1L3
ENSG00000163686,ENST00000478253,ABHD6
ENSG00000163684,ENST00000295959,RPP14
ENSG00000255154,ENST00000461393,HTD2
ENSG00000168297,ENST00000356151,PXK
ENSG00000168291,ENST00000302746,PDHB
ENSG00000168301,ENST00000404589,KCTD6
ENSG00000168306,ENST00000302819,ACOX2
ENSG00000168309,ENST00000360997,FAM107A
ENSG00000198643,ENST00000358781,FAM3D
ENSG00000163689,ENST00000482387,CFAP20DC
ENSG00000189283,ENST00000492590,FHIT
ENSG00000144724,ENST00000474889,PTPRG
ENSG00000114405,ENST00000462069,CEP15
ENSG00000153266,ENST00000283268,FEZF2
ENSG00000163618,ENST00000383710,CADPS
ENSG00000163630,ENST00000478300,SYNPR
ENSG00000188817,ENST00000343837,SNTN
ENSG00000163632,ENST00000295896,C3orf49
ENSG00000163634,ENST00000295899,THOC7
ENSG00000163635,ENST00000674280,ATXN7
ENSG00000280620,ENST00000626439,SCAANT1
ENSG00000163636,ENST00000295901,PSMD6
ENSG00000163637,ENST00000638394,PRICKLE2
ENSG00000163638,ENST00000498707,ADAMTS9
ENSG00000151276,ENST00000402939,MAGI1
ENSG00000144741,ENST00000354883,SLC25A26
ENSG00000144749,ENST00000273261,LRIG1
ENSG00000163376,ENST00000417314,KBTBD8
ENSG00000172340,ENST00000307227,SUCLG2
ENSG00000183662,ENST00000478136,TAFA1
ENSG00000163377,ENST00000295569,TAFA4
ENSG00000163378,ENST00000383701,EOGT
ENSG00000144747,ENST00000398559,TMF1
ENSG00000144744,ENST00000361055,UBA3
ENSG00000144746,ENST00000273258,ARL6IP5
ENSG00000163380,ENST00000420581,LMOD3
ENSG00000114541,ENST00000398540,FRMD4B
ENSG00000187098,ENST00000352241,MITF
ENSG00000240405,ENST00000641901,SAMMSON
ENSG00000242120,ENST00000567252,MDFIC2
ENSG00000114861,ENST00000649528,FOXP1
ENSG00000163412,ENST00000425534,EIF4E3
ENSG00000170837,ENST00000304411,GPR27
ENSG00000163421,ENST00000295619,PROK2
ENSG00000144736,ENST00000325599,SHQ1
ENSG00000172986,ENST00000389617,GXYLT2
ENSG00000163605,ENST00000356692,PPP4R2
ENSG00000255423,ENST00000533473,EBLN2
ENSG00000121440,ENST00000263666,PDZRN3
ENSG00000113805,ENST00000263665,CNTN3
ENSG00000172969,ENST00000308062,FRG2C
ENSG00000227124,ENST00000652011,ZNF717
ENSG00000185008,ENST00000696593,ROBO2
ENSG00000169855,ENST00000464233,ROBO1
ENSG00000114480,ENST00000429644,GBE1
ENSG00000175161,ENST00000383699,CADM2
ENSG00000206538,ENST00000398399,VGLL3
ENSG00000083937,ENST00000263780,CHMP2B
ENSG00000064835,ENST00000350375,POU1F1
ENSG00000179097,ENST00000319595,HTR1F
ENSG00000163320,ENST00000482016,CGGBP1
ENSG00000288654,ENST00000677770,ENSG00000288654
ENSG00000175105,ENST00000636215,ZNF654
ENSG00000179021,ENST00000318887,C3orf38
ENSG00000283434,ENST00000637986,CSNK2A2IP
ENSG00000044524,ENST00000336596,EPHA3
ENSG00000184500,ENST00000394236,PROS1
ENSG00000169379,ENST00000394222,ARL13B
ENSG00000178750,ENST00000315099,STX19
ENSG00000178700,ENST00000314636,DHFR2
ENSG00000178694,ENST00000314622,NSUN3
ENSG00000080224,ENST00000389672,EPHA6
ENSG00000113966,ENST00000463745,ARL6
ENSG00000080200,ENST00000389622,CRYBG3
ENSG00000170854,ENST00000394198,RIOX2
ENSG00000183185,ENST00000472788,GABRR3
ENSG00000196578,ENST00000358642,OR5AC2
ENSG00000231192,ENST00000641874,OR5H1
ENSG00000236032,ENST00000641380,OR5H14
ENSG00000233412,ENST00000641450,OR5H15
ENSG00000230301,ENST00000615035,OR5H6
ENSG00000197938,ENST00000355273,OR5H2
ENSG00000196098,ENST00000354924,OR5K4
ENSG00000206536,ENST00000383695,OR5K3
ENSG00000232382,ENST00000642057,OR5K1
ENSG00000231861,ENST00000427338,OR5K2
ENSG00000080822,ENST00000341181,CLDND1
ENSG00000154165,ENST00000284311,GPR15
ENSG00000080819,ENST00000647941,CPOX
ENSG00000064225,ENST00000483910,ST3GAL6
ENSG00000057019,ENST00000326840,DCBLD2
ENSG00000144810,ENST00000652472,COL8A1
ENSG00000184220,ENST00000421999,CMSS1
ENSG00000168386,ENST00000477258,FILIP1L
ENSG00000036054,ENST00000394144,TBC1D23
ENSG00000114021,ENST00000394140,NIT2
ENSG00000154174,ENST00000284320,TOMM70
ENSG00000206535,ENST00000383693,LNP1
ENSG00000181458,ENST00000323523,TMEM45A
ENSG00000144820,ENST00000273352,ADGRG7
ENSG00000114354,ENST00000240851,TFG
ENSG00000154175,ENST00000471714,ABI3BP
ENSG00000081148,ENST00000193391,IMPG2
ENSG00000138468,ENST00000394095,SENP7
ENSG00000174173,ENST00000309922,TRMT10C
ENSG00000081154,ENST00000265260,PCNP
ENSG00000066422,ENST00000312938,ZBTB11
ENSG00000114391,ENST00000394077,RPL24
ENSG00000182504,ENST00000341893,CEP97
ENSG00000144815,ENST00000273347,NXPE3
ENSG00000144802,ENST00000326172,NFKBIZ
ENSG00000170044,ENST00000466937,ZPLD1
ENSG00000170017,ENST00000306107,ALCAM
ENSG00000114423,ENST00000394030,CBLB
ENSG00000138483,ENST00000261058,CCDC54
ENSG00000114439,ENST00000325805,BBX
ENSG00000196776,ENST00000361309,CD47
ENSG00000114446,ENST00000264538,IFT57
ENSG00000114455,ENST00000467761,HHLA2
ENSG00000144821,ENST00000693548,MYH15
ENSG00000163507,ENST00000295746,CIP2A
ENSG00000198919,ENST00000361582,DZIP3
ENSG00000163515,ENST00000295755,RETNLB
ENSG00000163519,ENST00000295756,TRAT1
ENSG00000138472,ENST00000261047,GUCA1C
ENSG00000114487,ENST00000232603,MORC1
ENSG00000241224,ENST00000622536,C3orf85
ENSG00000163530,ENST00000478945,DPPA2
ENSG00000121570,ENST00000335658,DPPA4
ENSG00000177707,ENST00000485303,NECTIN3
ENSG00000153283,ENST00000352690,CD96
ENSG00000177494,ENST00000317012,ZBED2
ENSG00000240891,ENST00000636933,PLCXD2
ENSG00000144824,ENST00000431670,PHLDB2
ENSG00000144827,ENST00000273359,ABHD10
ENSG00000144834,ENST00000478951,TAGLN3
ENSG00000176040,ENST00000452346,TMPRSS7
ENSG00000114529,ENST00000264848,C3orf52
ENSG00000174500,ENST00000308910,GCSAM
ENSG00000172139,ENST00000305815,SLC9C1
ENSG00000091972,ENST00000315711,CD200
ENSG00000186265,ENST00000334529,BTLA
ENSG00000144848,ENST00000283290,ATG3
ENSG00000138459,ENST00000492406,SLC35A5
ENSG00000091986,ENST00000206423,CCDC80
ENSG00000206531,ENST00000488794,CD200R1L
ENSG00000163606,ENST00000308611,CD200R1
ENSG00000163607,ENST00000383678,GTPBP8
ENSG00000163608,ENST00000314400,NEPRO
ENSG00000144857,ENST00000682979,BOC
ENSG00000206530,ENST00000393845,CFAP44
ENSG00000163611,ENST00000295872,SPICE1
ENSG00000072858,ENST00000264852,SIDT1
ENSG00000176542,ENST00000316407,USF3
ENSG00000121579,ENST00000240922,NAA50
ENSG00000114573,ENST00000273398,ATP6V1A
ENSG00000178075,ENST00000358160,GRAMD1C
ENSG00000184307,ENST00000638807,ZDHHC23
ENSG00000163617,ENST00000295878,CCDC191
ENSG00000151576,ENST00000281273,QTRT2
ENSG00000151577,ENST00000383673,DRD3
ENSG00000174255,ENST00000482457,ZNF80
ENSG00000181847,ENST00000383671,TIGIT
ENSG00000181722,ENST00000675478,ZBTB20
ENSG00000172020,ENST00000305124,GAP43
ENSG00000185565,ENST00000490035,LSAMP
ENSG00000243197,ENST00000496242,TUSC7
ENSG00000144847,ENST00000393775,IGSF11
ENSG00000163424,ENST00000295622,TEX55
ENSG00000114638,ENST00000264234,UPK1B
ENSG00000121578,ENST00000393765,B4GALT4
ENSG00000031081,ENST00000264245,ARHGAP31
ENSG00000176142,ENST00000319172,TMEM39A
ENSG00000163389,ENST00000295588,POGLUT1
ENSG00000113845,ENST00000494664,TIMMDC1
ENSG00000121594,ENST00000264246,CD80
ENSG00000144843,ENST00000357003,ADPRH
ENSG00000144837,ENST00000273371,PLA1A
ENSG00000121577,ENST00000493094,POPDC2
ENSG00000138495,ENST00000261070,COX17
ENSG00000183833,ENST00000273390,CFAP91
ENSG00000144852,ENST00000393716,NR1I2
ENSG00000082701,ENST00000264235,GSK3B
ENSG00000175697,ENST00000464295,GPR156
ENSG00000163428,ENST00000295628,LRRC58
ENSG00000163430,ENST00000295633,FSTL1
ENSG00000065518,ENST00000184266,NDUFB4
ENSG00000113924,ENST00000283871,HGD
ENSG00000144840,ENST00000273375,RABL3
ENSG00000153767,ENST00000283875,GTF2E1
ENSG00000145087,ENST00000471454,STXBP5L
ENSG00000051341,ENST00000264233,POLQ
ENSG00000186103,ENST00000334384,ARGFX
ENSG00000163833,ENST00000338040,FBXO40
ENSG00000180353,ENST00000314583,HCLS1
ENSG00000173230,ENST00000614479,GOLGB1
ENSG00000173226,ENST00000310864,IQCB1
ENSG00000145088,ENST00000273668,EAF2
ENSG00000163406,ENST00000489711,SLC15A2
ENSG00000145103,ENST00000344209,ILDR1
ENSG00000114013,ENST00000330540,CD86
ENSG00000036828,ENST00000639785,CASR
ENSG00000121552,ENST00000264474,CSTA
ENSG00000160124,ENST00000291458,MIX23
ENSG00000114023,ENST00000477892,FAM162A
ENSG00000196981,ENST00000330689,WDR5B
ENSG00000114030,ENST00000344337,KPNA1
ENSG00000138496,ENST00000682323,PARP9
ENSG00000163840,ENST00000296161,DTX3L
ENSG00000173200,ENST00000464300,PARP15
ENSG00000173193,ENST00000474629,PARP14
ENSG00000169087,ENST00000306103,HSPBAP1
ENSG00000138463,ENST00000261038,SLC49A4
ENSG00000082684,ENST00000357599,SEMA5B
ENSG00000065485,ENST00000316218,PDIA5
ENSG00000121542,ENST00000492595,SEC22A
ENSG00000173175,ENST00000462833,ADCY5
ENSG00000206527,ENST00000383657,HACD2
ENSG00000065534,ENST00000360304,MYLK
ENSG00000175455,ENST00000409697,CCDC14
ENSG00000065371,ENST00000405845,ROPN1
ENSG00000160145,ENST00000682506,KALRN
ENSG00000114491,ENST00000232607,UMPS
ENSG00000082781,ENST00000296181,ITGB5
ENSG00000173702,ENST00000616727,MUC13
ENSG00000173706,ENST00000311127,HEG1
ENSG00000221955,ENST00000469902,SLC12A8
ENSG00000163848,ENST00000360647,ZNF148
ENSG00000114520,ENST00000251775,SNX4
ENSG00000144909,ENST00000296220,OSBPL11
ENSG00000114547,ENST00000514116,ROPN1B
ENSG00000114544,ENST00000360370,SLC41A3
ENSG00000144908,ENST00000393434,ALDH1L1
ENSG00000163884,ENST00000296233,KLF15
ENSG00000163885,ENST00000352312,CFAP100
ENSG00000070476,ENST00000389709,ZXDC
ENSG00000159650,ENST00000290868,UROC1
ENSG00000180767,ENST00000319340,CHST13
ENSG00000180697,ENST00000318225,C3orf22
ENSG00000197763,ENST00000524230,TXNRD3
ENSG00000159685,ENST00000290913,CHCHD6
ENSG00000114554,ENST00000393409,PLXNA1
ENSG00000214324,ENST00000624688,PRR23E
ENSG00000239620,ENST00000465482,PRR20G
ENSG00000163870,ENST00000355552,TPRA1
ENSG00000073111,ENST00000265056,MCM2
ENSG00000114631,ENST00000342480,PODXL2
ENSG00000114626,ENST00000232744,ABTB1
ENSG00000074416,ENST00000265052,MGLL
ENSG00000187715,ENST00000405109,KBTBD12
ENSG00000058262,ENST00000243253,SEC61A1
ENSG00000175792,ENST00000322623,RUVBL1
ENSG00000132394,ENST00000254730,EEFSEC
ENSG00000179407,ENST00000319153,DNAJB8
ENSG00000179348,ENST00000341105,GATA2
ENSG00000163902,ENST00000296255,RPN1
ENSG00000075785,ENST00000265062,RAB7A
ENSG00000177646,ENST00000308982,ACAD9
ENSG00000114656,ENST00000645291,CFAP92
ENSG00000114654,ENST00000683648,EFCC1
ENSG00000169704,ENST00000307395,GP9
ENSG00000172780,ENST00000315150,RAB43
ENSG00000240682,ENST00000393295,ISY1
ENSG00000169714,ENST00000422453,CNBP
ENSG00000181789,ENST00000314797,COPG1
ENSG00000183624,ENST00000383463,HMCES
ENSG00000184897,ENST00000333762,H1-10
ENSG00000172771,ENST00000505956,EFCAB12
ENSG00000163913,ENST00000348417,IFT122
ENSG00000129071,ENST00000429544,MBD4
ENSG00000163914,ENST00000296271,RHO
ENSG00000178804,ENST00000324382,H1-8
ENSG00000004399,ENST00000324093,PLXND1
ENSG00000172765,ENST00000393238,TMCC1
ENSG00000170893,ENST00000302649,TRH
ENSG00000251287,ENST00000425059,ALG1L2
ENSG00000172752,ENST00000373157,COL6A5
ENSG00000206384,ENST00000358511,COL6A6
ENSG00000196455,ENST00000356763,PIK3R4
ENSG00000017260,ENST00000510168,ATP2C1
ENSG00000034533,ENST00000264992,ASTE1
ENSG00000114670,ENST00000383366,NEK11
ENSG00000198585,ENST00000521288,NUDT16
ENSG00000114686,ENST00000264995,MRPL3
ENSG00000196353,ENST00000429747,CPNE4
ENSG00000014257,ENST00000336375,ACP3
ENSG00000138246,ENST00000260818,DNAJC13
ENSG00000240303,ENST00000264990,ACAD11
ENSG00000129048,ENST00000249887,ACKR4
ENSG00000081307,ENST00000356232,UBA5
ENSG00000113971,ENST00000337331,NPHP3
ENSG00000144868,ENST00000321871,TMEM108
ENSG00000170819,ENST00000302334,BFSP2
ENSG00000091527,ENST00000264993,CDV3
ENSG00000163781,ENST00000260810,TOPBP1
ENSG00000091513,ENST00000402696,TF
ENSG00000144867,ENST00000678299,SRPRB
ENSG00000154917,ENST00000285208,RAB6B
ENSG00000174640,ENST00000310926,SLCO2A1
ENSG00000163785,ENST00000623711,RYK
ENSG00000114019,ENST00000249883,AMOTL2
ENSG00000129055,ENST00000354910,ANAPC13
ENSG00000182923,ENST00000675561,CEP63
ENSG00000174611,ENST00000423778,KY
ENSG00000154928,ENST00000398015,EPHB1
ENSG00000073711,ENST00000264977,PPP2R3A
ENSG00000174579,ENST00000309993,MSL2
ENSG00000114054,ENST00000251654,PCCB
ENSG00000118007,ENST00000383202,STAG1
ENSG00000168917,ENST00000446465,SLC35G2
ENSG00000158092,ENST00000481752,NCK1
ENSG00000174564,ENST00000329582,IL20RB
ENSG00000168875,ENST00000306087,SOX14
ENSG00000066405,ENST00000183605,CLDN18
ENSG00000158163,ENST00000327532,DZIP1L
ENSG00000118017,ENST00000236709,A4GNT
ENSG00000138231,ENST00000260803,DBR1
ENSG00000114098,ENST00000469044,ARMC8
ENSG00000181322,ENST00000333911,NME9
ENSG00000158186,ENST00000423968,MRAS
ENSG00000158220,ENST00000389567,ESYT3
ENSG00000114107,ENST00000264982,CEP70
ENSG00000158234,ENST00000360570,FAIM
ENSG00000051382,ENST00000674063,PIK3CB
ENSG00000183770,ENST00000648323,FOXL2
ENSG00000206262,ENST00000383165,FOXL2NB
ENSG00000206260,ENST00000383163,PRR23A
ENSG00000175110,ENST00000680020,MRPS22
ENSG00000184814,ENST00000329447,PRR23B
ENSG00000233701,ENST00000413199,PRR23C
ENSG00000184432,ENST00000333188,COPB2
ENSG00000114113,ENST00000232217,RBP2
ENSG00000114115,ENST00000672186,RBP1
ENSG00000163864,ENST00000704800,NMNAT3
ENSG00000158258,ENST00000458420,CLSTN2
ENSG00000155890,ENST00000286349,TRIM42
ENSG00000114120,ENST00000324194,SLC25A36
ENSG00000175093,ENST00000310546,SPSB4
ENSG00000155893,ENST00000286353,PXYLP1
ENSG00000177311,ENST00000321464,ZBTB38
ENSG00000155903,ENST00000286364,RASA2
ENSG00000114125,ENST00000273480,RNF7
ENSG00000114124,ENST00000682958,GRK7
ENSG00000069849,ENST00000286371,ATP1B3
ENSG00000114126,ENST00000489671,TFDP2
ENSG00000175066,ENST00000392993,GK5
ENSG00000114127,ENST00000392981,XRN1
ENSG00000175054,ENST00000350721,ATR
ENSG00000120756,ENST00000457734,PLS1
ENSG00000144935,ENST00000476941,TRPC1
ENSG00000163710,ENST00000295992,PCOLCE2
ENSG00000188582,ENST00000340634,PAQR9
ENSG00000163714,ENST00000473835,U2SURP
ENSG00000175040,ENST00000309575,CHST2
ENSG00000181804,ENST00000316549,SLC9A9
ENSG00000181744,ENST00000315691,DIPK2A
ENSG00000152952,ENST00000282903,PLOD2
ENSG00000114698,ENST00000354952,PLSCR4
ENSG00000163746,ENST00000696113,PLSCR2
ENSG00000188313,ENST00000342435,PLSCR1
ENSG00000231213,ENST00000443512,PLSCR5
ENSG00000174963,ENST00000383075,ZIC4
ENSG00000152977,ENST00000282928,ZIC1
ENSG00000144891,ENST00000349243,AGTR1
ENSG00000153002,ENST00000282957,CPB1
ENSG00000163751,ENST00000296046,CPA3
ENSG00000163754,ENST00000345003,GYG1
ENSG00000071794,ENST00000310053,HLTF
ENSG00000163755,ENST00000296051,HPS3
ENSG00000047457,ENST00000264613,CP
ENSG00000163762,ENST00000296059,TM4SF18
ENSG00000169908,ENST00000305366,TM4SF1
ENSG00000169903,ENST00000305354,TM4SF4
ENSG00000018408,ENST00000360632,WWTR1
ENSG00000114744,ENST00000473414,COMMD2
ENSG00000206199,ENST00000446160,ANKUB1
ENSG00000082996,ENST00000392894,RNF13
ENSG00000070087,ENST00000239940,PFN2
ENSG00000196428,ENST00000688009,TSC22D2
ENSG00000120742,ENST00000239944,SERP1
ENSG00000144895,ENST00000460851,EIF2A
ENSG00000198843,ENST00000471696,SELENOT
ENSG00000163645,ENST00000295910,ERICH6
ENSG00000181788,ENST00000312960,SIAH2
ENSG00000214237,ENST00000465419,MINDY4B
ENSG00000163646,ENST00000327047,CLRN1
ENSG00000144893,ENST00000687756,MED12L
ENSG00000174946,ENST00000309180,GPR171
ENSG00000174944,ENST00000309170,P2RY14
ENSG00000138271,ENST00000260843,GPR87
ENSG00000181631,ENST00000325602,P2RY13
ENSG00000169313,ENST00000302632,P2RY12
ENSG00000152580,ENST00000282466,IGSF10
ENSG00000197953,ENST00000356517,AADACL2
ENSG00000114771,ENST00000232892,AADAC
ENSG00000198829,ENST00000362032,SUCNR1
ENSG00000152601,ENST00000324210,MBNL1
ENSG00000169860,ENST00000305097,P2RY1
ENSG00000181467,ENST00000323534,RAP2B
ENSG00000114790,ENST00000465093,ARHGEF26
ENSG00000174953,ENST00000496811,DHX36
ENSG00000174948,ENST00000389740,GPR149
ENSG00000196549,ENST00000360490,MME
ENSG00000240045,ENST00000489090,STRIT1
ENSG00000114805,ENST00000460012,PLCH1
ENSG00000174928,ENST00000340171,C3orf33
ENSG00000169359,ENST00000643144,SLC33A1
ENSG00000163655,ENST00000496455,GMPS
ENSG00000169282,ENST00000490337,KCNAB1
ENSG00000114850,ENST00000265044,SSR3
ENSG00000163659,ENST00000295924,TIPARP
ENSG00000197980,ENST00000356539,LEKR1
ENSG00000163660,ENST00000295926,CCNL1
ENSG00000197415,ENST00000362010,VEPH1
ENSG00000163661,ENST00000295927,PTX3
ENSG00000168779,ENST00000483851,SHOX2
ENSG00000174891,ENST00000611884,RSRC1
ENSG00000178053,ENST00000466246,MLF1
ENSG00000168827,ENST00000486715,GFM1
ENSG00000079257,ENST00000264265,LXN
ENSG00000118849,ENST00000237696,RARRES1
ENSG00000118855,ENST00000415822,MFSD1
ENSG00000214216,ENST00000397832,IQCJ
ENSG00000151967,ENST00000638749,SCHIP1
ENSG00000168811,ENST00000699704,IL12A
ENSG00000180044,ENST00000326474,C3orf80
ENSG00000068885,ENST00000326448,IFT80
ENSG00000113810,ENST00000357388,SMC4
ENSG00000213186,ENST00000309784,TRIM59
ENSG00000186432,ENST00000334256,KPNA4
ENSG00000179674,ENST00000320767,ARL14
ENSG00000163590,ENST00000498165,PPM1L
ENSG00000169255,ENST00000320474,B3GALNT1
ENSG00000169251,ENST00000351193,NMD3
ENSG00000196542,ENST00000620149,SPTSSB
ENSG00000182447,ENST00000327928,OTOL1
ENSG00000090402,ENST00000264382,SI
ENSG00000121871,ENST00000475390,SLITRK3
ENSG00000114200,ENST00000264381,BCHE
ENSG00000169064,ENST00000675490,ZBBX
ENSG00000114204,ENST00000264677,SERPINI2
ENSG00000174776,ENST00000682715,WDR49
ENSG00000114209,ENST00000392750,PDCD10
ENSG00000163536,ENST00000446050,SERPINI1
ENSG00000173905,ENST00000470487,GOLIM4
ENSG00000085276,ENST00000651503,MECOM
ENSG00000270141,ENST00000602385,TERC
ENSG00000184378,ENST00000330368,ACTRT3
ENSG00000085274,ENST00000349841,MYNN
ENSG00000171757,ENST00000446859,LRRC34
ENSG00000188306,ENST00000340806,LRRIQ4
ENSG00000114248,ENST00000316428,LRRC31
ENSG00000187033,ENST00000335556,SAMD7
ENSG00000008952,ENST00000337002,SEC62
ENSG00000173890,ENST00000355897,GPR160
ENSG00000173889,ENST00000495893,PHC3
ENSG00000163558,ENST00000295797,PRKCI
ENSG00000136603,ENST00000259119,SKIL
ENSG00000013297,ENST00000064724,CLDN11
ENSG00000013293,ENST00000231706,SLC7A14
ENSG00000163584,ENST00000295830,RPL22L1
ENSG00000163577,ENST00000295822,EIF5A2
ENSG00000163581,ENST00000314251,SLC2A2
ENSG00000154310,ENST00000436636,TNIK
ENSG00000075651,ENST00000351298,PLD1
ENSG00000186329,ENST00000334567,TMEM212
ENSG00000075420,ENST00000415807,FNDC3B
ENSG00000121853,ENST00000241256,GHSR
ENSG00000121858,ENST00000241261,TNFSF10
ENSG00000144959,ENST00000475381,NCEH1
ENSG00000114346,ENST00000392692,ECT2
ENSG00000144962,ENST00000351008,SPATA16
ENSG00000169760,ENST00000695368,NLGN1
ENSG00000177694,ENST00000454872,NAALADL2
ENSG00000177565,ENST00000457928,TBL1XR1
ENSG00000197584,ENST00000452583,KCNMB2
ENSG00000172667,ENST00000311417,ZMAT3
ENSG00000121879,ENST00000263967,PIK3CA
ENSG00000171121,ENST00000392685,KCNMB3
ENSG00000121864,ENST00000496856,ZNF639
ENSG00000171109,ENST00000471841,MFN1
ENSG00000114450,ENST00000232564,GNB4
ENSG00000136518,ENST00000429709,ACTL6A
ENSG00000136522,ENST00000476781,MRPL47
ENSG00000136521,ENST00000259037,NDUFB5
ENSG00000058056,ENST00000263966,USP13
ENSG00000114757,ENST00000467460,PEX5L
ENSG00000163728,ENST00000296015,TTC14
ENSG00000284862,ENST00000476379,CCDC39
ENSG00000114416,ENST00000357559,FXR1
ENSG00000205981,ENST00000382564,DNAJC19
ENSG00000181449,ENST00000325404,SOX2
ENSG00000058063,ENST00000323116,ATP11B
ENSG00000043093,ENST00000292782,DCUN1D1
ENSG00000078070,ENST00000265594,MCCC1
ENSG00000078081,ENST00000265598,LAMP3
ENSG00000053524,ENST00000328913,MCF2L2
ENSG00000176597,ENST00000326505,B3GNT5
ENSG00000172578,ENST00000341319,KLHL6
ENSG00000114796,ENST00000242810,KLHL24
ENSG00000163872,ENST00000305135,YEATS2
ENSG00000180834,ENST00000318631,MAP6D1
ENSG00000175193,ENST00000317096,PARL
ENSG00000114770,ENST00000334444,ABCC5
ENSG00000186090,ENST00000428798,HTR3D
ENSG00000178084,ENST00000318351,HTR3C
ENSG00000186038,ENST00000415389,HTR3E
ENSG00000145191,ENST00000648915,EIF2B5
ENSG00000161202,ENST00000313143,DVL3
ENSG00000161203,ENST00000292807,AP2M1
ENSG00000161204,ENST00000429586,ABCF3
ENSG00000145198,ENST00000691901,VWA5B2
ENSG00000214160,ENST00000397676,ALG3
ENSG00000284753,ENST00000324557,EEF1AKMT4
ENSG00000163888,ENST00000296238,CAMK2N2
ENSG00000145194,ENST00000404464,ECE2
ENSG00000175166,ENST00000310118,PSMD2
ENSG00000114867,ENST00000346169,EIF4G1
ENSG00000175182,ENST00000383847,FAM131A
ENSG00000114859,ENST00000265593,CLCN2
ENSG00000163882,ENST00000456318,POLR2H
ENSG00000090534,ENST00000647395,THPO
ENSG00000090539,ENST00000204604,CHRD
ENSG00000182580,ENST00000330394,EPHB3
ENSG00000177383,ENST00000317897,MAGEF1
ENSG00000156931,ENST00000625842,VPS8
ENSG00000187068,ENST00000335012,C3orf70
ENSG00000113790,ENST00000231887,EHHADH
ENSG00000073803,ENST00000265026,MAP3K13
ENSG00000163900,ENST00000421852,TMEM41A
ENSG00000163898,ENST00000296252,LIPH
ENSG00000163904,ENST00000296257,SENP2
ENSG00000073792,ENST00000382199,IGF2BP2
ENSG00000136527,ENST00000453386,TRA2B
ENSG00000244405,ENST00000306376,ETV5
ENSG00000058866,ENST00000265022,DGKG
ENSG00000213139,ENST00000307944,CRYGS
ENSG00000113838,ENST00000338733,TBCCD1
ENSG00000090520,ENST00000265028,DNAJB11
ENSG00000145192,ENST00000411641,AHSG
ENSG00000090512,ENST00000265029,FETUB
ENSG00000113905,ENST00000232003,HRG
ENSG00000113889,ENST00000644859,KNG1
ENSG00000156976,ENST00000323963,EIF4A2
ENSG00000163918,ENST00000296273,RFC4
ENSG00000181092,ENST00000320741,ADIPOQ
ENSG00000073849,ENST00000169298,ST6GAL1
ENSG00000163923,ENST00000296277,RPL39L
ENSG00000175077,ENST00000312295,RTP1
ENSG00000127241,ENST00000296280,MASP1
ENSG00000136514,ENST00000259030,RTP4
ENSG00000157005,ENST00000287641,SST
ENSG00000198471,ENST00000358241,RTP2
ENSG00000113916,ENST00000406870,BCL6
ENSG00000145012,ENST00000617246,LPP
ENSG00000188001,ENST00000345063,TPRG1
ENSG00000073282,ENST00000264731,TP63
ENSG00000090530,ENST00000319332,P3H2
ENSG00000163347,ENST00000295522,CLDN1
ENSG00000113946,ENST00000264734,CLDN16
ENSG00000198398,ENST00000354905,TMEM207
ENSG00000196083,ENST00000447382,IL1RAP
ENSG00000205835,ENST00000442080,GMNC
ENSG00000188729,ENST00000682035,OSTN
ENSG00000188958,ENST00000340524,UTS2B
ENSG00000152492,ENST00000392455,CCDC50
ENSG00000253548,ENST00000518817,PYDC2
ENSG00000114279,ENST00000445105,FGF12
ENSG00000180611,ENST00000392452,MB21D2
ENSG00000127252,ENST00000264735,PLAAT1
ENSG00000187527,ENST00000342358,ATP13A5
ENSG00000127249,ENST00000342695,ATP13A4
ENSG00000198836,ENST00000361510,OPA1
ENSG00000114315,ENST00000232424,HES1
ENSG00000178772,ENST00000323830,CPN2
ENSG00000172061,ENST00000347624,LRRC15
ENSG00000178732,ENST00000692618,GP5
ENSG00000133657,ENST00000645319,ATP13A3
ENSG00000145014,ENST00000347147,TMEM44
ENSG00000041802,ENST00000265245,LSG1
ENSG00000185112,ENST00000329759,FAM43A
ENSG00000173950,ENST00000310380,XXYLT1
ENSG00000114331,ENST00000326793,ACAP2
ENSG00000184203,ENST00000618156,PPP1R2
ENSG00000189058,ENST00000343267,APOD
ENSG00000176945,ENST00000447234,MUC20
ENSG00000145113,ENST00000463781,MUC4
ENSG00000061938,ENST00000672887,TNK2
ENSG00000072274,ENST00000360110,TFRC
ENSG00000163958,ENST00000296326,ZDHHC19
ENSG00000163959,ENST00000296327,SLC51A
ENSG00000161217,ENST00000431016,PCYT1A
ENSG00000213123,ENST00000325318,DYNLT2B
ENSG00000145107,ENST00000273695,TM4SF19
ENSG00000163960,ENST00000296328,UBXN7
ENSG00000163961,ENST00000318037,RNF168
ENSG00000214097,ENST00000397537,SMCO1
ENSG00000185798,ENST00000332629,WDR53
ENSG00000174013,ENST00000311630,FBXO45
ENSG00000174004,ENST00000328557,NRROS
ENSG00000163964,ENST00000392391,PIGX
ENSG00000174007,ENST00000409690,CEP19
ENSG00000180370,ENST00000327134,PAK2
ENSG00000119231,ENST00000323460,SENP5
ENSG00000114503,ENST00000321256,NCBP2
ENSG00000270170,ENST00000602845,NCBP2AS2
ENSG00000119227,ENST00000412723,PIGZ
ENSG00000163975,ENST00000296350,MELTF
ENSG00000075711,ENST00000667157,DLG1
ENSG00000161267,ENST00000392379,BDH1
ENSG00000145016,ENST00000296343,RUBCN
ENSG00000122068,ENST00000241502,FYTTD1
ENSG00000186001,ENST00000425562,LRCH3
ENSG00000114473,ENST00000265239,IQCG
ENSG00000182899,ENST00000647248,RPL35A
ENSG00000185621,ENST00000420910,LMLN
ENSG00000272602,ENST00000610261,ZNF595
ENSG00000250312,ENST00000510175,ZNF718
ENSG00000186777,ENST00000419098,ZNF732
ENSG00000131127,ENST00000240499,ZNF141
ENSG00000182903,ENST00000511833,ZNF721
ENSG00000174227,ENST00000453061,PIGG
ENSG00000273238,ENST00000610212,TMEM271
ENSG00000133256,ENST00000496514,PDE6B
ENSG00000169020,ENST00000304312,ATP5ME
ENSG00000215375,ENST00000400159,MYL5
ENSG00000169026,ENST00000322224,SLC49A3
ENSG00000185619,ENST00000362003,PCGF3
ENSG00000168993,ENST00000304062,CPLX1
ENSG00000178950,ENST00000314167,GAK
ENSG00000127419,ENST00000264771,TMEM175
ENSG00000145214,ENST00000273814,DGKQ
ENSG00000145217,ENST00000398516,SLC26A1
ENSG00000127415,ENST00000514224,IDUA
ENSG00000127418,ENST00000510644,FGFRL1
ENSG00000178222,ENST00000433731,RNF212
ENSG00000159674,ENST00000290902,SPON2
ENSG00000159692,ENST00000382952,CTBP1
ENSG00000090316,ENST00000303400,MAEA
ENSG00000163945,ENST00000389851,UVSSA
ENSG00000235608,ENST00000422806,NKX1-1
ENSG00000174137,ENST00000308132,FAM53A
ENSG00000163950,ENST00000489418,SLBP
ENSG00000013810,ENST00000313288,TACC3
ENSG00000168936,ENST00000382936,TMEM129
ENSG00000068078,ENST00000440486,FGFR3
ENSG00000168924,ENST00000302787,LETM1
ENSG00000109685,ENST00000508803,NSD2
ENSG00000185049,ENST00000382882,NELFA
ENSG00000243449,ENST00000409248,NICOL1
ENSG00000185818,ENST00000423729,NAT8L
ENSG00000130997,ENST00000511885,POLN
ENSG00000214367,ENST00000443786,HAUS3
ENSG00000123933,ENST00000337190,MXD4
ENSG00000159733,ENST00000290974,ZFYVE28
ENSG00000206113,ENST00000635017,CFAP99
ENSG00000063978,ENST00000314289,RNF4
ENSG00000125386,ENST00000637812,FAM193A
ENSG00000168884,ENST00000315423,TNIP2
ENSG00000087266,ENST00000503393,SH3BP2
ENSG00000087274,ENST00000683351,ADD1
ENSG00000109736,ENST00000355443,MFSD10
ENSG00000087269,ENST00000416614,NOP14
ENSG00000125388,ENST00000398052,GRK4
ENSG00000197386,ENST00000355072,HTT
ENSG00000251075,ENST00000660368,HTT-AS
ENSG00000188981,ENST00000438480,MSANTD1
ENSG00000159788,ENST00000336727,RGS12
ENSG00000109758,ENST00000382774,HGFAC
ENSG00000175920,ENST00000340083,DOK7
ENSG00000163956,ENST00000650182,LRPAP1
ENSG00000184160,ENST00000330055,ADRA2C
ENSG00000163982,ENST00000296358,OTOP1
ENSG00000132406,ENST00000382753,TMEM128
ENSG00000145220,ENST00000343470,LYAR
ENSG00000168826,ENST00000337872,ZBTB49
ENSG00000168824,ENST00000621129,NSG1
ENSG00000168818,ENST00000306200,STX18
ENSG00000163132,ENST00000382723,MSX1
ENSG00000170891,ENST00000307746,CYTL1
ENSG00000152953,ENST00000282908,STK32B
ENSG00000173040,ENST00000344408,EVC2
ENSG00000072840,ENST00000264956,EVC
ENSG00000072832,ENST00000324989,CRMP1
ENSG00000181215,ENST00000711657,C4orf50
ENSG00000152969,ENST00000409021,JAKMIP1
ENSG00000284684,ENST00000636216,ENSG00000284684
ENSG00000109501,ENST00000226760,WFS1
ENSG00000074211,ENST00000382599,PPP2R2C
ENSG00000013288,ENST00000285599,MAN2B2
ENSG00000179010,ENST00000382581,MRFAP1
ENSG00000170846,ENST00000635031,MRFAP1L2
ENSG00000163993,ENST00000296370,S100P
ENSG00000178988,ENST00000320848,MRFAP1L1
ENSG00000186222,ENST00000320776,BLOC1S4
ENSG00000170871,ENST00000307659,KIAA0232
ENSG00000132405,ENST00000409757,TBC1D14
ENSG00000173013,ENST00000310085,CFAP184
ENSG00000173011,ENST00000310074,TADA2B
ENSG00000109519,ENST00000264954,GRPEL1
ENSG00000184985,ENST00000507866,SORCS2
ENSG00000178597,ENST00000319098,PSAPL1
ENSG00000196526,ENST00000420658,AFAP1
ENSG00000163995,ENST00000447017,ABLIM2
ENSG00000125089,ENST00000245105,SH3TC1
ENSG00000170801,ENST00000307358,HTRA3
ENSG00000087008,ENST00000356406,ACOX3
ENSG00000155275,ENST00000389737,TRMT44
ENSG00000155269,ENST00000382487,GPR78
ENSG00000109625,ENST00000360986,CPZ
ENSG00000215612,ENST00000400677,HMX1
ENSG00000229924,ENST00000512047,FAM90A26
ENSG00000231396,ENST00000417945,USP17L10
ENSG00000233136,ENST00000457736,USP17L11
ENSG00000227551,ENST00000415041,USP17L12
ENSG00000232399,ENST00000429667,USP17L13
ENSG00000223569,ENST00000456464,USP17L15
ENSG00000249104,ENST00000511568,USP17L17
ENSG00000250844,ENST00000504209,USP17L18
ENSG00000248920,ENST00000515566,USP17L19
ENSG00000250745,ENST00000506151,USP17L20
ENSG00000249811,ENST00000506414,USP17L21
ENSG00000248933,ENST00000511280,USP17L22
ENSG00000232264,ENST00000504481,USP17L24
ENSG00000230430,ENST00000509271,USP17L25
ENSG00000229579,ENST00000509660,USP17L26
ENSG00000227140,ENST00000507227,USP17L5
ENSG00000235780,ENST00000515574,USP17L27
ENSG00000231051,ENST00000504543,USP17L28
ENSG00000231637,ENST00000511681,USP17L29
ENSG00000228856,ENST00000504104,USP17L30
ENSG00000186146,ENST00000334879,DEFB131A
ENSG00000109667,ENST00000264784,SLC2A9
ENSG00000169676,ENST00000304374,DRD5
ENSG00000071127,ENST00000499869,WDR1
ENSG00000178163,ENST00000326756,ZNF518B
ENSG00000109684,ENST00000226951,CLNK
ENSG00000002587,ENST00000002596,HS3ST1
ENSG00000157869,ENST00000330852,RAB28
ENSG00000109705,ENST00000382438,NKX3-2
ENSG00000038219,ENST00000040738,BOD1L1
ENSG00000137449,ENST00000538197,CPEB2
ENSG00000163145,ENST00000444304,C1QTNF7
ENSG00000048342,ENST00000424120,CC2D2A
ENSG00000118564,ENST00000341285,FBXL5
ENSG00000237765,ENST00000422728,FAM200B
ENSG00000109743,ENST00000265016,BST1
ENSG00000004468,ENST00000226279,CD38
ENSG00000137440,ENST00000382333,FGFBP1
ENSG00000137441,ENST00000259989,FGFBP2
ENSG00000007062,ENST00000447510,PROM1
ENSG00000169762,ENST00000405303,TAPT1
ENSG00000169744,ENST00000304523,LDB2
ENSG00000151552,ENST00000281243,QDPR
ENSG00000249581,ENST00000511148,CLRN2
ENSG00000002549,ENST00000226299,LAP3
ENSG00000118579,ENST00000237380,MED28
ENSG00000047662,ENST00000265018,FAM184B
ENSG00000163257,ENST00000382247,DCAF16
ENSG00000109805,ENST00000251496,NCAPG
ENSG00000178177,ENST00000635767,LCORL
ENSG00000145147,ENST00000504154,SLIT2
ENSG00000163138,ENST00000503585,PACRGL
ENSG00000185774,ENST00000382152,KCNIP4
ENSG00000152990,ENST00000334304,ADGRA3
ENSG00000109819,ENST00000264867,PPARGC1A
ENSG00000109606,ENST00000336812,DHX15
ENSG00000109610,ENST00000382120,SOD3
ENSG00000181982,ENST00000635206,CCDC149
ENSG00000153012,ENST00000382114,LGI2
ENSG00000109618,ENST00000382103,SEPSECS
ENSG00000038210,ENST00000264864,PI4K2B
ENSG00000168228,ENST00000302874,ZCCHC4
ENSG00000053900,ENST00000315368,ANAPC4
ENSG00000157765,ENST00000382051,SLC34A2
ENSG00000091490,ENST00000399878,SEL1L3
ENSG00000250317,ENST00000506197,SMIM20
ENSG00000168214,ENST00000355476,RBPJ
ENSG00000163394,ENST00000295589,CCKAR
ENSG00000109680,ENST00000264866,TBC1D19
ENSG00000109689,ENST00000467087,STIM2
ENSG00000169851,ENST00000695919,PCDH7
ENSG00000047365,ENST00000303965,ARAP2
ENSG00000197057,ENST00000639862,DTHD1
ENSG00000174145,ENST00000309447,NWD2
ENSG00000154274,ENST00000381980,PGCKA1
ENSG00000181826,ENST00000454158,RELL1
ENSG00000169299,ENST00000381967,PGM2
ENSG00000065882,ENST00000698857,TBC1D1
ENSG00000250254,ENST00000504686,PTTG2
ENSG00000109787,ENST00000261438,KLF3
ENSG00000174123,ENST00000308973,TLR10
ENSG00000174125,ENST00000308979,TLR1
ENSG00000174130,ENST00000508254,TLR6
ENSG00000197712,ENST00000358869,FAM114A1
ENSG00000121895,ENST00000381938,TMEM156
ENSG00000109790,ENST00000504108,KLHL5
ENSG00000157796,ENST00000399820,WDR19
ENSG00000035928,ENST00000349703,RFC1
ENSG00000134962,ENST00000257408,KLB
ENSG00000163682,ENST00000295955,RPL9
ENSG00000121897,ENST00000640888,LIAS
ENSG00000109814,ENST00000316423,UGDH
ENSG00000163683,ENST00000295958,SMIM14
ENSG00000078140,ENST00000261427,UBE2K
ENSG00000121892,ENST00000303538,PDS5A
ENSG00000078177,ENST00000261435,N4BP2
ENSG00000168421,ENST00000381799,RHOH
ENSG00000174343,ENST00000310169,CHRNA9
ENSG00000163694,ENST00000295971,RBM47
ENSG00000179299,ENST00000381782,NSUN7
ENSG00000163697,ENST00000508593,APBB2
ENSG00000154277,ENST00000284440,UCHL1
ENSG00000064042,ENST00000503057,LIMCH1
ENSG00000109132,ENST00000226382,PHOX2B
ENSG00000109133,ENST00000504986,TMEM33
ENSG00000182308,ENST00000333141,DCAF4L1
ENSG00000014824,ENST00000264451,SLC30A9
ENSG00000188848,ENST00000502486,BEND4
ENSG00000178343,ENST00000319234,SHISA3
ENSG00000124406,ENST00000381668,ATP8A1
ENSG00000215203,ENST00000399770,GRXCR1
ENSG00000183783,ENST00000360029,KCTD8
ENSG00000177752,ENST00000415895,YIPF7
ENSG00000151806,ENST00000281543,GUF1
ENSG00000163281,ENST00000295448,GNPDA2
ENSG00000163285,ENST00000295452,GABRG1
ENSG00000151834,ENST00000381620,GABRA2
ENSG00000170516,ENST00000355591,COX7B2
ENSG00000109158,ENST00000264318,GABRA4
ENSG00000163288,ENST00000295454,GABRB1
ENSG00000169019,ENST00000381571,COMMD8
ENSG00000145246,ENST00000273859,ATP10D
ENSG00000145244,ENST00000273857,CORIN
ENSG00000170448,ENST00000507489,NFXL1
ENSG00000163293,ENST00000295461,NIPAL1
ENSG00000198515,ENST00000514170,CNGA1
ENSG00000074966,ENST00000264316,TXK
ENSG00000135605,ENST00000381501,TEC
ENSG00000109171,ENST00000264313,SLAIN2
ENSG00000145248,ENST00000273861,SLC10A4
ENSG00000182223,ENST00000327939,ZAR1
ENSG00000075539,ENST00000358350,FRYL
ENSG00000109180,ENST00000264312,OCIAD1
ENSG00000145247,ENST00000508632,OCIAD2
ENSG00000109182,ENST00000226432,CWH43
ENSG00000109184,ENST00000334635,DCUN1D4
ENSG00000188993,ENST00000682860,LRRC66
ENSG00000163069,ENST00000381431,SGCB
ENSG00000163071,ENST00000295213,SPATA18
ENSG00000109189,ENST00000441222,USP46
ENSG00000226887,ENST00000443173,ERVMER34-1
ENSG00000128045,ENST00000248706,RASL11B
ENSG00000184178,ENST00000401642,SCFD2
ENSG00000145216,ENST00000337488,FIP1L1
ENSG00000072201,ENST00000263925,LNX1
ENSG00000109220,ENST00000263921,CHIC2
ENSG00000180613,ENST00000326902,GSX2
ENSG00000134853,ENST00000257290,PDGFRA
ENSG00000157404,ENST00000288135,KIT
ENSG00000128052,ENST00000263923,KDR
ENSG00000128039,ENST00000264228,SRD5A3
ENSG00000134851,ENST00000381334,TMEM165
ENSG00000134852,ENST00000513440,CLOCK
ENSG00000163440,ENST00000295645,PDCL2
ENSG00000109255,ENST00000264218,NMU
ENSG00000250821,ENST00000636125,EXOC1L
ENSG00000090989,ENST00000381295,EXOC1
ENSG00000174799,ENST00000257287,CEP135
ENSG00000109265,ENST00000682029,CRACD
ENSG00000157426,ENST00000205214,AASDH
ENSG00000128059,ENST00000264220,PPAT
ENSG00000128050,ENST00000512576,PAICS
ENSG00000174780,ENST00000642900,SRP72
ENSG00000196503,ENST00000640821,ARL9
ENSG00000249693,ENST00000512175,SPMAP2L
ENSG00000171476,ENST00000420433,HOPX
ENSG00000128040,ENST00000506738,SPINK2
ENSG00000084093,ENST00000309042,REST
ENSG00000084092,ENST00000264230,NOA1
ENSG00000047315,ENST00000314595,POLR2B
ENSG00000163453,ENST00000295666,IGFBP7
ENSG00000150471,ENST00000683033,ADGRL3
ENSG00000205678,ENST00000381210,TECRL
ENSG00000145242,ENST00000613740,EPHA5
ENSG00000145241,ENST00000273853,CENPC
ENSG00000035720,ENST00000265404,STAP1
ENSG00000033178,ENST00000322244,UBA6
ENSG00000109163,ENST00000226413,GNRHR
ENSG00000153802,ENST00000283916,TMPRSS11D
ENSG00000187054,ENST00000508048,TMPRSS11A
ENSG00000198092,ENST00000356291,TMPRSS11F
ENSG00000185873,ENST00000332644,TMPRSS11B
ENSG00000083896,ENST00000344157,YTHDC1
ENSG00000087128,ENST00000305363,TMPRSS11E
ENSG00000197888,ENST00000317746,UGT2B17
ENSG00000196620,ENST00000338206,UGT2B15
ENSG00000109181,ENST00000265403,UGT2B10
ENSG00000135220,ENST00000251566,UGT2A3
ENSG00000171234,ENST00000305231,UGT2B7
ENSG00000213759,ENST00000446444,UGT2B11
ENSG00000135226,ENST00000335568,UGT2B28
ENSG00000156096,ENST00000305107,UGT2B4
ENSG00000271271,ENST00000604629,UGT2A2
ENSG00000173610,ENST00000286604,UGT2A1
ENSG00000173597,ENST00000310613,SULT1B1
ENSG00000109193,ENST00000226444,SULT1E1
ENSG00000126545,ENST00000246891,CSN1S1
ENSG00000135222,ENST00000353151,CSN2
ENSG00000126549,ENST00000246895,STATH
ENSG00000205649,ENST00000673563,HTN3
ENSG00000126550,ENST00000246896,HTN1
ENSG00000187533,ENST00000344526,PRR27
ENSG00000109205,ENST00000683306,ODAM
ENSG00000181617,ENST00000317987,FDCSP
ENSG00000171209,ENST00000304954,CSN3
ENSG00000145309,ENST00000273936,CABS1
ENSG00000109208,ENST00000226460,SMR3A
ENSG00000171201,ENST00000304915,SMR3B
ENSG00000171199,ENST00000399575,OPRPN
ENSG00000171195,ENST00000304887,MUC7
ENSG00000187689,ENST00000339336,AMTN
ENSG00000178522,ENST00000322937,AMBN
ENSG00000132464,ENST00000396073,ENAM
ENSG00000132465,ENST00000254801,JCHAIN
ENSG00000132467,ENST00000254803,UTP3
ENSG00000018189,ENST00000381006,RUFY3
ENSG00000132463,ENST00000254799,GRSF1
ENSG00000173542,ENST00000309395,MOB1B
ENSG00000156136,ENST00000286648,DCK
ENSG00000080493,ENST00000264485,SLC4A4
ENSG00000145321,ENST00000273951,GC
ENSG00000056291,ENST00000308744,NPFFR2
ENSG00000156140,ENST00000286657,ADAMTS3
ENSG00000163626,ENST00000507544,COX18
ENSG00000132466,ENST00000358602,ANKRD17
ENSG00000163631,ENST00000295897,ALB
ENSG00000081051,ENST00000395792,AFP
ENSG00000079557,ENST00000226355,AFM
ENSG00000169435,ENST00000307439,RASSF6
ENSG00000169429,ENST00000307407,CXCL8
ENSG00000124875,ENST00000226317,CXCL6
ENSG00000109272,ENST00000226524,PF4V1
ENSG00000163739,ENST00000395761,CXCL1
ENSG00000163737,ENST00000296029,PF4
ENSG00000163736,ENST00000296028,PPBP
ENSG00000163735,ENST00000296027,CXCL5
ENSG00000163734,ENST00000296026,CXCL3
ENSG00000081041,ENST00000508487,CXCL2
ENSG00000163738,ENST00000325278,MTHFD2L
ENSG00000182585,ENST00000413830,EPGN
ENSG00000124882,ENST00000244869,EREG
ENSG00000109321,ENST00000395748,AREG
ENSG00000174808,ENST00000395743,BTC
ENSG00000169116,ENST00000307428,PARM1
ENSG00000163743,ENST00000324439,RCHY1
ENSG00000174796,ENST00000311638,THAP6
ENSG00000174792,ENST00000311623,ODAPH
ENSG00000138769,ENST00000307465,CDKL2
ENSG00000138757,ENST00000359707,G3BP2
ENSG00000138768,ENST00000514213,USO1
ENSG00000156194,ENST00000286719,PPEF2
ENSG00000138744,ENST00000286733,NAAA
ENSG00000198301,ENST00000356260,SDAD1
ENSG00000138755,ENST00000264888,CXCL9
ENSG00000156219,ENST00000355810,ART3
ENSG00000169245,ENST00000306602,CXCL10
ENSG00000169248,ENST00000306621,CXCL11
ENSG00000138750,ENST00000264883,NUP54
ENSG00000138760,ENST00000264896,SCARB2
ENSG00000189157,ENST00000424749,FAM47E
ENSG00000118804,ENST00000237642,STBD1
ENSG00000163749,ENST00000682701,CCDC158
ENSG00000138771,ENST00000296043,SHROOM3
ENSG00000186212,ENST00000334306,SOWAHB
ENSG00000138758,ENST00000264893,SEPTIN11
ENSG00000118816,ENST00000237654,CCNI
ENSG00000138764,ENST00000316355,CCNG2
ENSG00000156234,ENST00000682537,CXCL13
ENSG00000138767,ENST00000504123,CNOT6L
ENSG00000169288,ENST00000315567,MRPL1
ENSG00000138759,ENST00000512123,FRAS1
ENSG00000138772,ENST00000264908,ANXA3
ENSG00000138756,ENST00000502613,BMP2K
ENSG00000163291,ENST00000512733,PAQR3
ENSG00000156269,ENST00000286794,NAA11
ENSG00000196475,ENST00000358842,GK2
ENSG00000163297,ENST00000403729,ANTXR2
ENSG00000152784,ENST00000415738,PRDM8
ENSG00000138675,ENST00000312465,FGF5
ENSG00000197826,ENST00000358105,CFAP299
ENSG00000152785,ENST00000282701,BMP3
ENSG00000138669,ENST00000264399,PRKG2
ENSG00000138670,ENST00000264400,RASGEF1B
ENSG00000138668,ENST00000313899,HNRNPD
ENSG00000152795,ENST00000295470,HNRNPDL
ENSG00000145293,ENST00000273920,ENOPH1
ENSG00000249242,ENST00000449862,TMEM150C
ENSG00000145284,ENST00000319540,SCD5
ENSG00000138674,ENST00000395310,SEC31A
ENSG00000168152,ENST00000302236,THAP9
ENSG00000189308,ENST00000340417,LIN54
ENSG00000138663,ENST00000264389,COPS4
ENSG00000145287,ENST00000311507,PLAC8
ENSG00000173085,ENST00000647002,COQ2
ENSG00000173083,ENST00000311412,HPSE
ENSG00000163312,ENST00000295488,HELQ
ENSG00000163319,ENST00000295491,MRPS18C
ENSG00000163322,ENST00000321945,ABRAXAS1
ENSG00000138678,ENST00000264409,GPAT3
ENSG00000163623,ENST00000295886,NKX6-1
ENSG00000163624,ENST00000295887,CDS1
ENSG00000163625,ENST00000295888,WDFY3
ENSG00000138639,ENST00000395184,ARHGAP24
ENSG00000109339,ENST00000641462,MAPK10
ENSG00000163629,ENST00000411767,PTPN13
ENSG00000145283,ENST00000273905,SLC10A6
ENSG00000163633,ENST00000295898,C4orf36
ENSG00000172493,ENST00000395146,AFF1
ENSG00000145332,ENST00000273963,KLHL8
ENSG00000170509,ENST00000328546,HSD17B13
ENSG00000198189,ENST00000358290,HSD17B11
ENSG00000170502,ENST00000302174,NUDT9
ENSG00000272856,ENST00000715253,SCPPPQ1
ENSG00000152583,ENST00000282470,SPARCL1
ENSG00000152591,ENST00000651931,DSPP
ENSG00000152592,ENST00000339673,DMP1
ENSG00000029559,ENST00000226284,IBSP
ENSG00000152595,ENST00000361056,MEPE
ENSG00000118785,ENST00000395080,SPP1
ENSG00000118762,ENST00000237596,PKD2
ENSG00000118777,ENST00000237612,ABCG2
ENSG00000163644,ENST00000608933,PPM1K
ENSG00000138642,ENST00000264346,HERC6
ENSG00000138646,ENST00000264350,HERC5
ENSG00000145337,ENST00000273968,PYURF
ENSG00000255072,ENST00000527353,PIGY
ENSG00000138641,ENST00000402738,HERC3
ENSG00000177432,ENST00000323061,NAP1L5
ENSG00000138640,ENST00000264344,FAM13A
ENSG00000180346,ENST00000603357,TIGD2
ENSG00000185477,ENST00000609438,GPRIN3
ENSG00000145335,ENST00000394991,SNCA
ENSG00000138722,ENST00000264790,MMRN1
ENSG00000184305,ENST00000509176,CCSER1
ENSG00000152208,ENST00000282020,GRID2
ENSG00000172238,ENST00000306011,ATOH1
ENSG00000163104,ENST00000354268,SMARCAD1
ENSG00000163106,ENST00000295256,HPGDS
ENSG00000163110,ENST00000317968,PDLIM5
ENSG00000138696,ENST00000515059,BMPR1B
ENSG00000182168,ENST00000453304,UNC5C
ENSG00000163114,ENST00000295266,PDHA2
ENSG00000163116,ENST00000295268,STPG2
ENSG00000138698,ENST00000408927,RAP1GDS1
ENSG00000168785,ENST00000305798,TSPAN5
ENSG00000151247,ENST00000450253,EIF4E
ENSG00000164024,ENST00000296411,METAP1
ENSG00000197894,ENST00000296412,ADH5
ENSG00000198099,ENST00000265512,ADH4
ENSG00000172955,ENST00000394899,ADH6
ENSG00000187758,ENST00000209668,ADH1A
ENSG00000196616,ENST00000305046,ADH1B
ENSG00000248144,ENST00000515683,ADH1C
ENSG00000196344,ENST00000437033,ADH7
ENSG00000138813,ENST00000326581,C4orf17
ENSG00000145331,ENST00000394876,TRMT10A
ENSG00000138823,ENST00000265517,MTTP
ENSG00000248713,ENST00000511828,C4orf54
ENSG00000070190,ENST00000512369,DAPP1
ENSG00000109270,ENST00000499666,LAMTOR3
ENSG00000164031,ENST00000442697,DNAJB14
ENSG00000164032,ENST00000296417,H2AZ1
ENSG00000145358,ENST00000273990,DDIT4L
ENSG00000164035,ENST00000296420,EMCN
ENSG00000138814,ENST00000394854,PPP3CA
ENSG00000153064,ENST00000322953,BANK1
ENSG00000138821,ENST00000356736,SLC39A8
ENSG00000109320,ENST00000226574,NFKB1
ENSG00000109323,ENST00000647097,MANBA
ENSG00000109332,ENST00000453744,UBE2D3
ENSG00000145354,ENST00000273986,CISD2
ENSG00000164037,ENST00000296422,SLC9B1
ENSG00000164038,ENST00000394785,SLC9B2
ENSG00000164039,ENST00000296424,BDH2
ENSG00000138778,ENST00000265148,CENPE
ENSG00000169836,ENST00000304883,TACR3
ENSG00000168772,ENST00000394767,CXXC4
ENSG00000168769,ENST00000380013,TET2
ENSG00000138777,ENST00000341695,PPA2
ENSG00000236699,ENST00000420470,ARHGEF38
ENSG00000138785,ENST00000340139,INTS12
ENSG00000138780,ENST00000515279,GSTCD
ENSG00000168743,ENST00000379987,NPNT
ENSG00000145348,ENST00000394708,TBCK
ENSG00000164022,ENST00000672341,AIMP1
ENSG00000250298,ENST00000638719,GIMD1
ENSG00000155011,ENST00000285311,DKK2
ENSG00000138801,ENST00000265174,PAPSS1
ENSG00000164023,ENST00000690982,SGMS2
ENSG00000155016,ENST00000332884,CYP2U1
ENSG00000138796,ENST00000309522,HADH
ENSG00000138795,ENST00000265165,LEF1
ENSG00000109475,ENST00000394667,RPL34
ENSG00000198856,ENST00000361564,OSTC
ENSG00000164089,ENST00000296486,ETNPPL
ENSG00000188517,ENST00000399132,COL25A1
ENSG00000138802,ENST00000265175,SEC24B
ENSG00000005059,ENST00000394650,MCUB
ENSG00000138794,ENST00000265164,CASP6
ENSG00000123739,ENST00000243501,PLA2G12A
ENSG00000205403,ENST00000394634,CFI
ENSG00000109534,ENST00000226796,GAR1
ENSG00000180245,ENST00000317735,RRH
ENSG00000183423,ENST00000594814,LRIT3
ENSG00000138798,ENST00000265171,EGF
ENSG00000170522,ENST00000302274,ELOVL6
ENSG00000138792,ENST00000265162,ENPEP
ENSG00000164093,ENST00000644743,PITX2
ENSG00000174749,ENST00000309733,FAM241A
ENSG00000138660,ENST00000274000,AP1AR
ENSG00000145365,ENST00000361717,TIFA
ENSG00000073331,ENST00000650871,ALPK1
ENSG00000178403,ENST00000313341,NEUROG2
ENSG00000138658,ENST00000505019,ZGRF1
ENSG00000174720,ENST00000344442,LARP7
ENSG00000145362,ENST00000357077,ANK2
ENSG00000145349,ENST00000511664,CAMK2D
ENSG00000180801,ENST00000315366,ARSJ
ENSG00000174607,ENST00000310836,UGT8
ENSG00000138653,ENST00000264363,NDST4
ENSG00000174599,ENST00000310754,TRAM1L1
ENSG00000164100,ENST00000296499,NDST3
ENSG00000164099,ENST00000296498,PRSS12
ENSG00000145388,ENST00000388822,METTL14
ENSG00000150961,ENST00000280551,SEC24D
ENSG00000172403,ENST00000307142,SYNPO2
ENSG00000172399,ENST00000307128,MYOZ2
ENSG00000145390,ENST00000692078,USP53
ENSG00000164096,ENST00000504110,ARLN
ENSG00000145384,ENST00000274024,FABP2
ENSG00000138735,ENST00000354960,PDE5A
ENSG00000164109,ENST00000296509,MAD2L1
ENSG00000138738,ENST00000264808,PRDM5
ENSG00000173376,ENST00000379692,NDNF
ENSG00000050730,ENST00000057513,TNIP3
ENSG00000186867,ENST00000394427,QRFPR
ENSG00000164111,ENST00000296511,ANXA5
ENSG00000164112,ENST00000643802,SMIM43
ENSG00000123737,ENST00000243498,EXOSC9
ENSG00000145386,ENST00000274026,CCNA2
ENSG00000138686,ENST00000264499,BBS7
ENSG00000138741,ENST00000379645,TRPC3
ENSG00000138688,ENST00000679879,BLTP1
ENSG00000164113,ENST00000296513,ADAD1
ENSG00000109471,ENST00000226730,IL2
ENSG00000138684,ENST00000648588,IL21
ENSG00000181004,ENST00000314218,BBS12
ENSG00000138685,ENST00000644866,FGF2
ENSG00000170917,ENST00000304430,NUDT6
ENSG00000145375,ENST00000274008,AFG2A
ENSG00000164056,ENST00000651917,SPRY1
ENSG00000151458,ENST00000504087,ANKRD50
ENSG00000196159,ENST00000394329,FAT4
ENSG00000164066,ENST00000335251,INTU
ENSG00000151475,ENST00000281154,SLC25A31
ENSG00000164070,ENST00000296464,HSPA4L
ENSG00000142731,ENST00000270861,PLK4
ENSG00000164073,ENST00000641686,MFSD8
ENSG00000164074,ENST00000645843,ABHD18
ENSG00000138709,ENST00000326639,LARP1B
ENSG00000164040,ENST00000296425,PGRMC2
ENSG00000077684,ENST00000226319,JADE1
ENSG00000151466,ENST00000281142,SCLT1
ENSG00000151470,ENST00000425929,C4orf33
ENSG00000138650,ENST00000264360,PCDH10
ENSG00000254535,ENST00000421491,PABPC4L
ENSG00000189184,ENST00000344876,PCDH18
ENSG00000151012,ENST00000280612,SLC7A11
ENSG00000151014,ENST00000280614,NOCT
ENSG00000109381,ENST00000686138,ELF2
ENSG00000137463,ENST00000398955,MGARP
ENSG00000109390,ENST00000394223,NDUFC1
ENSG00000164134,ENST00000296543,NAA15
ENSG00000172007,ENST00000305626,RAB33B
ENSG00000145391,ENST00000274031,SETD7
ENSG00000085871,ENST00000265498,MGST2
ENSG00000196782,ENST00000509479,MAML3
ENSG00000153130,ENST00000608372,SCOC
ENSG00000153132,ENST00000325617,CLGN
ENSG00000205301,ENST00000511113,MGAT4D
ENSG00000179387,ENST00000323570,ELMOD2
ENSG00000109424,ENST00000262999,UCP1
ENSG00000109436,ENST00000442267,TBC1D9
ENSG00000170153,ENST00000515673,RNF150
ENSG00000109445,ENST00000262990,ZNF330
ENSG00000164136,ENST00000320650,IL15
ENSG00000109452,ENST00000262992,INPP4B
ENSG00000170185,ENST00000307017,USP38
ENSG00000109458,ENST00000262994,GAB1
ENSG00000153147,ENST00000283131,SMARCA5
ENSG00000183090,ENST00000329798,FREM3
ENSG00000197465,ENST00000358615,GYPE
ENSG00000250361,ENST00000502664,GYPB
ENSG00000170180,ENST00000641688,GYPA
ENSG00000164161,ENST00000296575,HHIP
ENSG00000164162,ENST00000507656,ANAPC10
ENSG00000164163,ENST00000296577,ABCE1
ENSG00000164164,ENST00000447906,OTUD4
ENSG00000170365,ENST00000302085,SMAD1
ENSG00000151611,ENST00000649156,MMAA
ENSG00000237136,ENST00000438731,C4orf51
ENSG00000151612,ENST00000508784,ZNF827
ENSG00000164167,ENST00000296581,LSM6
ENSG00000250673,ENST00000623665,REELD1
ENSG00000120519,ENST00000335472,SLC10A7
ENSG00000151615,ENST00000281321,POU4F2
ENSG00000137473,ENST00000325106,TTC29
ENSG00000151617,ENST00000651419,EDNRA
ENSG00000164168,ENST00000296582,TMEM184C
ENSG00000164169,ENST00000322396,PRMT9
ENSG00000071205,ENST00000336498,ARHGAP10
ENSG00000151623,ENST00000358102,NR3C2
ENSG00000234828,ENST00000636793,IQCM
ENSG00000170390,ENST00000296550,DCLK2
ENSG00000198589,ENST00000651943,LRBA
ENSG00000181541,ENST00000317605,MAB21L2
ENSG00000145425,ENST00000274065,RPS3A
ENSG00000109686,ENST00000604030,SH3D19
ENSG00000189099,ENST00000455694,PRSS48
ENSG00000164142,ENST00000435205,FHIP1A
ENSG00000059691,ENST00000263985,GATB
ENSG00000109670,ENST00000281708,FBXW7
ENSG00000170006,ENST00000304385,TMEM154
ENSG00000169989,ENST00000304337,TIGD4
ENSG00000164144,ENST00000353617,ARFIP1
ENSG00000137460,ENST00000511601,FHDC1
ENSG00000109654,ENST00000338700,TRIM2
ENSG00000121211,ENST00000240488,MND1
ENSG00000121210,ENST00000409959,TMEM131L
ENSG00000137462,ENST00000642700,TLR2
ENSG00000145428,ENST00000347063,RNF175
ENSG00000145423,ENST00000274063,SFRP2
ENSG00000197410,ENST00000357232,DCHS2
ENSG00000171566,ENST00000499023,PLRG1
ENSG00000171564,ENST00000302068,FGB
ENSG00000171560,ENST00000403106,FGA
ENSG00000171557,ENST00000336098,FGG
ENSG00000121207,ENST00000336356,LRAT
ENSG00000151962,ENST00000281722,RBM46
ENSG00000185149,ENST00000329476,NPY2R
ENSG00000164114,ENST00000311277,MAP9
ENSG00000164116,ENST00000506455,GUCY1A1
ENSG00000061918,ENST00000264424,GUCY1B1
ENSG00000256394,ENST00000537611,ASIC5
ENSG00000151790,ENST00000536354,TDO2
ENSG00000256043,ENST00000433477,CTSO
ENSG00000145431,ENST00000502773,PDGFC
ENSG00000109738,ENST00000264428,GLRB
ENSG00000120251,ENST00000264426,GRIA2
ENSG00000164125,ENST00000585682,GASK1B
ENSG00000164124,ENST00000296529,TMEM144
ENSG00000171509,ENST00000307765,RXFP1
ENSG00000205208,ENST00000379205,C4orf46
ENSG00000171503,ENST00000511912,ETFDH
ENSG00000171497,ENST00000307720,PPID
ENSG00000052795,ENST00000264433,FNIP2
ENSG00000164123,ENST00000434826,SPMIP2
ENSG00000109756,ENST00000691494,RAPGEF2
ENSG00000168843,ENST00000306100,FSTL5
ENSG00000145414,ENST00000274054,NAF1
ENSG00000164128,ENST00000296533,NPY1R
ENSG00000164129,ENST00000338566,NPY5R
ENSG00000151005,ENST00000280605,TKTL2
ENSG00000198498,ENST00000358572,TMA16
ENSG00000145416,ENST00000514618,MARCHF1
ENSG00000248771,ENST00000507311,SMIM31
ENSG00000248329,ENST00000507152,APELA
ENSG00000183439,ENST00000710271,TRIM61
ENSG00000176979,ENST00000512596,TRIM60
ENSG00000250374,ENST00000503032,TRIM75
ENSG00000170088,ENST00000306480,TMEM192
ENSG00000109466,ENST00000226725,KLHL2
ENSG00000229894,ENST00000505354,GK3
ENSG00000052802,ENST00000261507,MSMO1
ENSG00000109472,ENST00000402744,CPE
ENSG00000038295,ENST00000061240,TLL1
ENSG00000196104,ENST00000357545,SPOCK3
ENSG00000109511,ENST00000359299,ANXA10
ENSG00000137628,ENST00000393743,DDX60
ENSG00000181381,ENST00000682922,DDX60L
ENSG00000129116,ENST00000505667,PALLD
ENSG00000145439,ENST00000306193,CBR4
ENSG00000154447,ENST00000284637,SH3RF1
ENSG00000137601,ENST00000507142,NEK1
ENSG00000109572,ENST00000513761,CLCN3
ENSG00000056050,ENST00000393381,HPF1
ENSG00000198948,ENST00000361618,MFAP3L
ENSG00000109576,ENST00000337664,AADAT
ENSG00000174473,ENST00000506823,GALNTL6
ENSG00000109586,ENST00000265000,GALNT7
ENSG00000164104,ENST00000296503,HMGB2
ENSG00000164105,ENST00000296504,SAP30
ENSG00000164106,ENST00000296506,SCRG1
ENSG00000164107,ENST00000359562,HAND2
ENSG00000164117,ENST00000393674,FBXO8
ENSG00000164118,ENST00000503780,CEP44
ENSG00000164120,ENST00000296522,HPGD
ENSG00000145451,ENST00000274093,GLRA3
ENSG00000168594,ENST00000359240,ADAM29
ENSG00000150625,ENST00000393658,GPM6A
ENSG00000150627,ENST00000508596,WDR17
ENSG00000150628,ENST00000280191,SPATA4
ENSG00000164122,ENST00000296525,ASB5
ENSG00000129128,ENST00000503362,SPCS3
ENSG00000150630,ENST00000618562,VEGFC
ENSG00000109674,ENST00000264596,NEIL3
ENSG00000038002,ENST00000264595,AGA
ENSG00000218336,ENST00000511685,TENM3
ENSG00000129187,ENST00000438320,DCTD
ENSG00000151718,ENST00000403733,WWC2
ENSG00000177300,ENST00000323319,CLDN22
ENSG00000185758,ENST00000541814,CLDN24
ENSG00000168564,ENST00000504169,CDKN2AIP
ENSG00000168556,ENST00000302327,ING2
ENSG00000182552,ENST00000326397,RWDD4
ENSG00000168538,ENST00000334690,TRAPPC11
ENSG00000173320,ENST00000308497,STOX2
ENSG00000164303,ENST00000296741,ENPP6
ENSG00000168310,ENST00000393593,IRF2
ENSG00000164305,ENST00000308394,CASP3
ENSG00000164306,ENST00000314970,PRIMPOL
ENSG00000151725,ENST00000281453,CENPU
ENSG00000151726,ENST00000281455,ACSL1
ENSG00000187821,ENST00000515777,HELT
ENSG00000151729,ENST00000281456,SLC25A4
ENSG00000164323,ENST00000458385,CFAP97
ENSG00000109762,ENST00000652585,SNX25
ENSG00000109771,ENST00000505916,LRP2BP
ENSG00000186352,ENST00000335174,ANKRD37
ENSG00000109775,ENST00000264689,UFSP2
ENSG00000205129,ENST00000378850,CFAP96
ENSG00000168491,ENST00000307588,CCDC110
ENSG00000154553,ENST00000284767,PDLIM3
ENSG00000154556,ENST00000695409,SORBS2
ENSG00000164342,ENST00000296795,TLR3
ENSG00000109794,ENST00000706927,FAM149A
ENSG00000145476,ENST00000378802,CYP4V2
ENSG00000164344,ENST00000264690,KLKB1
ENSG00000088926,ENST00000403665,F11
ENSG00000168412,ENST00000307161,MTNR1A
ENSG00000083857,ENST00000441802,FAT1
ENSG00000179059,ENST00000326866,ZFP42
ENSG00000179046,ENST00000682553,TRIML2
ENSG00000184108,ENST00000332517,TRIML1
ENSG00000109536,ENST00000226798,FRG1
ENSG00000205097,ENST00000504750,FRG2
ENSG00000281591,ENST00000630918,DBET
ENSG00000260596,ENST00000565211,DUX4
ENSG00000153404,ENST00000637938,PLEKHG4B
ENSG00000185028,ENST00000328278,LRRC14B
ENSG00000164366,ENST00000296824,CCDC127
ENSG00000073578,ENST00000264932,SDHA
ENSG00000249915,ENST00000264933,PDCD6
ENSG00000063438,ENST00000684583,AHRR
ENSG00000180104,ENST00000512944,EXOC3
ENSG00000066230,ENST00000264938,SLC9A3
ENSG00000112877,ENST00000264935,CEP72
ENSG00000171368,ENST00000360578,TPPP
ENSG00000206077,ENST00000508859,ZDHHC11B
ENSG00000188818,ENST00000283441,ZDHHC11
ENSG00000028310,ENST00000467963,BRD9
ENSG00000071539,ENST00000166345,TRIP13
ENSG00000145506,ENST00000296849,NKD2
ENSG00000113504,ENST00000264930,SLC12A7
ENSG00000174358,ENST00000304460,SLC6A19
ENSG00000164363,ENST00000324642,SLC6A18
ENSG00000164362,ENST00000310581,TERT
ENSG00000049656,ENST00000320895,CLPTM1L
ENSG00000142319,ENST00000270349,SLC6A3
ENSG00000153395,ENST00000283415,LPCAT1
ENSG00000171421,ENST00000505059,MRPL36
ENSG00000145494,ENST00000274137,NDUFS6
ENSG00000113430,ENST00000231357,IRX4
ENSG00000170561,ENST00000302057,IRX2
ENSG00000170549,ENST00000302006,IRX1
ENSG00000145536,ENST00000274181,ADAMTS16
ENSG00000164151,ENST00000296564,ICE1
ENSG00000133398,ENST00000255764,MED10
ENSG00000215218,ENST00000399816,UBE2QL1
ENSG00000037474,ENST00000264670,NSUN2
ENSG00000145545,ENST00000274192,SRD5A1
ENSG00000112941,ENST00000230859,TENT4A
ENSG00000078295,ENST00000338316,ADCY2
ENSG00000215217,ENST00000399810,CFAP90
ENSG00000124275,ENST00000440940,MTRR
ENSG00000124279,ENST00000264669,FASTKD3
ENSG00000112902,ENST00000382496,SEMA5A
ENSG00000169777,ENST00000382492,TAS2R1
ENSG00000150756,ENST00000511437,ATPSCKMT
ENSG00000150753,ENST00000280326,CCT5
ENSG00000164237,ENST00000296658,CMBL
ENSG00000145495,ENST00000274140,MARCHF6
ENSG00000145491,ENST00000274134,ROPN1L
ENSG00000164236,ENST00000296657,ANKRD33B
ENSG00000112977,ENST00000230895,DAP
ENSG00000169862,ENST00000304623,CTNND2
ENSG00000039139,ENST00000265104,DNAH5
ENSG00000038382,ENST00000344204,TRIO
ENSG00000145569,ENST00000274217,OTULINL
ENSG00000154124,ENST00000284274,OTULIN
ENSG00000154122,ENST00000284268,ANKH
ENSG00000183580,ENST00000504595,FBXL7
ENSG00000183654,ENST00000332432,MARCHF11
ENSG00000173545,ENST00000308683,ZNF622
ENSG00000154153,ENST00000306320,RETREG1
ENSG00000145555,ENST00000513610,MYO10
ENSG00000176788,ENST00000322611,BASP1
ENSG00000268799,ENST00000600799,H3Y2
ENSG00000284373,ENST00000639081,TAF11L2
ENSG00000284439,ENST00000638668,TAF11L3
ENSG00000284283,ENST00000638408,TAF11L4
ENSG00000284234,ENST00000638483,TAF11L5
ENSG00000284042,ENST00000640558,TAF11L6
ENSG00000284465,ENST00000640846,TAF11L7
ENSG00000283967,ENST00000640803,TAF11L8
ENSG00000283988,ENST00000639969,TAF11L9
ENSG00000284356,ENST00000638842,TAF11L10
ENSG00000283740,ENST00000707170,TAF11L11
ENSG00000249156,ENST00000715555,TAF11L12
ENSG00000283776,ENST00000639073,TAF11L13
ENSG00000250782,ENST00000512227,TAF11L14
ENSG00000269466,ENST00000598383,H3Y1
ENSG00000145526,ENST00000382275,CDH18
ENSG00000154162,ENST00000382254,CDH12
ENSG00000164256,ENST00000296682,PRDM9
ENSG00000040731,ENST00000264463,CDH10
ENSG00000113100,ENST00000231021,CDH9
ENSG00000113361,ENST00000265071,CDH6
ENSG00000113360,ENST00000344624,DROSHA
ENSG00000082213,ENST00000325366,C5orf22
ENSG00000133401,ENST00000438447,PDZD2
ENSG00000113384,ENST00000265070,GOLPH3
ENSG00000150712,ENST00000382142,MTMR12
ENSG00000056097,ENST00000265069,ZFR
ENSG00000113387,ENST00000265073,SUB1
ENSG00000113389,ENST00000265074,NPR3
ENSG00000113407,ENST00000265112,TARS1
ENSG00000151388,ENST00000504830,ADAMTS12
ENSG00000182631,ENST00000330120,RXFP3
ENSG00000164175,ENST00000296589,SLC45A2
ENSG00000242110,ENST00000335606,AMACR
ENSG00000082196,ENST00000382065,C1QTNF3
ENSG00000039560,ENST00000265109,RAI14
ENSG00000205838,ENST00000505624,TTC23L
ENSG00000113456,ENST00000382038,RAD1
ENSG00000113460,ENST00000336767,BRIX1
ENSG00000168724,ENST00000648817,DNAJC21
ENSG00000113492,ENST00000231420,AGXT2
ENSG00000113494,ENST00000618457,PRLR
ENSG00000152582,ENST00000356031,SPEF2
ENSG00000168685,ENST00000303115,IL7R
ENSG00000152611,ENST00000651391,CAPSL
ENSG00000145626,ENST00000274278,UGT3A1
ENSG00000168671,ENST00000282507,UGT3A2
ENSG00000164187,ENST00000296603,LMBRD2
ENSG00000145604,ENST00000274255,SKP2
ENSG00000152620,ENST00000381937,NADK2
ENSG00000164188,ENST00000296604,RANBP3L
ENSG00000079215,ENST00000265113,SLC1A3
ENSG00000164190,ENST00000282516,NIPBL
ENSG00000197603,ENST00000651892,CPLANE1
ENSG00000113569,ENST00000231498,NUP155
ENSG00000082068,ENST00000265107,WDR70
ENSG00000168621,ENST00000326524,GDNF
ENSG00000164318,ENST00000322350,EGFLAM
ENSG00000113594,ENST00000453190,LIFR
ENSG00000145623,ENST00000274276,OSMR
ENSG00000164327,ENST00000357387,RICTOR
ENSG00000082074,ENST00000512982,FYB1
ENSG00000113600,ENST00000263408,C9
ENSG00000153071,ENST00000320816,DAB2
ENSG00000113638,ENST00000337702,TTC33
ENSG00000171522,ENST00000302472,PTGER4
ENSG00000132356,ENST00000397128,PRKAA1
ENSG00000145592,ENST00000274242,RPL37
ENSG00000132357,ENST00000254691,CARD6
ENSG00000112936,ENST00000313164,C7
ENSG00000171495,ENST00000399564,MROH2B
ENSG00000039537,ENST00000337836,C6
ENSG00000182836,ENST00000377801,PLCXD3
ENSG00000083720,ENST00000196371,OXCT1
ENSG00000205765,ENST00000381647,RIMOC1
ENSG00000151876,ENST00000281623,FBXO4
ENSG00000112964,ENST00000230882,GHR
ENSG00000198865,ENST00000361970,CCDC152
ENSG00000250722,ENST00000514985,SELENOP
ENSG00000177721,ENST00000616064,ANXA2R
ENSG00000172262,ENST00000682664,ZNF131
ENSG00000177453,ENST00000326035,NIM1K
ENSG00000112972,ENST00000325110,HMGCS1
ENSG00000151882,ENST00000361115,CCL28
ENSG00000151881,ENST00000397080,TMEM267
ENSG00000172244,ENST00000306862,C5orf34
ENSG00000172239,ENST00000306846,PAIP1
ENSG00000112992,ENST00000344920,NNT
ENSG00000070193,ENST00000264664,FGF10
ENSG00000112996,ENST00000507110,MRPS30
ENSG00000164588,ENST00000303230,HCN1
ENSG00000170571,ENST00000303221,EMB
ENSG00000151883,ENST00000281631,PARP8
ENSG00000016082,ENST00000230658,ISL1
ENSG00000152684,ENST00000274311,PELO
ENSG00000213949,ENST00000282588,ITGA1
ENSG00000164171,ENST00000296585,ITGA2
ENSG00000164172,ENST00000396954,MOCS2
ENSG00000134363,ENST00000256759,FST
ENSG00000164258,ENST00000296684,NDUFS4
ENSG00000185305,ENST00000504924,ARL15
ENSG00000169271,ENST00000302005,HSPB3
ENSG00000178996,ENST00000381410,SNX18
ENSG00000164283,ENST00000381405,ESM1
ENSG00000113088,ENST00000231009,GZMK
ENSG00000145649,ENST00000274306,GZMA
ENSG00000164287,ENST00000381375,CDC20B
ENSG00000164294,ENST00000503787,GPX8
ENSG00000234602,ENST00000513312,MCIDAS
ENSG00000152669,ENST00000282572,CCNO
ENSG00000067248,ENST00000251636,DHX29
ENSG00000039123,ENST00000230640,MTREX
ENSG00000067113,ENST00000307259,PLPP1
ENSG00000177058,ENST00000396865,SLC38A9
ENSG00000152670,ENST00000505374,DDX4
ENSG00000164509,ENST00000652347,IL31RA
ENSG00000134352,ENST00000381298,IL6ST
ENSG00000164512,ENST00000341048,ANKRD55
ENSG00000095015,ENST00000399503,MAP3K1
ENSG00000155542,ENST00000285947,SETD9
ENSG00000155545,ENST00000381199,MIER3
ENSG00000062194,ENST00000506184,GPBP1
ENSG00000169067,ENST00000423391,ACTBL2
ENSG00000145632,ENST00000274289,PLK2
ENSG00000175857,ENST00000502276,GAPT
ENSG00000152932,ENST00000282878,RAB3C
ENSG00000113448,ENST00000340635,PDE4D
ENSG00000035499,ENST00000265036,DEPDC1B
ENSG00000164181,ENST00000508821,ELOVL7
ENSG00000049167,ENST00000676185,ERCC8
ENSG00000164182,ENST00000296597,NDUFAF2
ENSG00000188725,ENST00000339020,SMIM15
ENSG00000130449,ENST00000252744,ZSWIM6
ENSG00000068796,ENST00000407818,KIF2A
ENSG00000086189,ENST00000199320,DIMT1
ENSG00000086200,ENST00000325324,IPO11
ENSG00000186105,ENST00000334994,LRRC70
ENSG00000178394,ENST00000323865,HTR1A
ENSG00000164197,ENST00000389100,RNF180
ENSG00000186479,ENST00000334025,RGS7BP
ENSG00000145642,ENST00000389074,SHISAL2B
ENSG00000153006,ENST00000513458,SREK1IP1
ENSG00000153015,ENST00000381070,CWC27
ENSG00000049192,ENST00000381055,ADAMTS6
ENSG00000123219,ENST00000396679,CENPK
ENSG00000113593,ENST00000261308,PPWD1
ENSG00000113595,ENST00000231524,TRIM23
ENSG00000253251,ENST00000510585,SHLD3
ENSG00000113597,ENST00000399438,TRAPPC13
ENSG00000197860,ENST00000381007,SGTB
ENSG00000123213,ENST00000380985,NLN
ENSG00000112851,ENST00000284037,ERBIN
ENSG00000153914,ENST00000334121,SREK1
ENSG00000069020,ENST00000403625,MAST4
ENSG00000134061,ENST00000256447,CD180
ENSG00000145675,ENST00000521381,PIK3R1
ENSG00000145740,ENST00000396591,SLC30A5
ENSG00000134057,ENST00000256442,CCNB1
ENSG00000153044,ENST00000283006,CENPH
ENSG00000134056,ENST00000256441,KGD4
ENSG00000134058,ENST00000256443,CDK7
ENSG00000183323,ENST00000396496,CCDC125
ENSG00000085231,ENST00000380822,AK6
ENSG00000273841,ENST00000217893,TAF9
ENSG00000152942,ENST00000354868,RAD17
ENSG00000152939,ENST00000325631,MARVELD2
ENSG00000197822,ENST00000396442,OCLN
ENSG00000183474,ENST00000380729,GTF2H2C
ENSG00000205572,ENST00000380750,SERF1B
ENSG00000205571,ENST00000380743,SMN2
ENSG00000172058,ENST00000317633,SERF1A
ENSG00000172062,ENST00000380707,SMN1
ENSG00000285204,ENST00000646820,SMN1-AS1
ENSG00000249437,ENST00000517649,NAIP
ENSG00000145736,ENST00000274400,GTF2H2
ENSG00000145734,ENST00000358731,BDP1
ENSG00000131844,ENST00000340941,MCCC2
ENSG00000164326,ENST00000296777,CARTPT
ENSG00000131711,ENST00000296755,MAP1B
ENSG00000113048,ENST00000261413,MRPS27
ENSG00000049883,ENST00000380639,PTCD2
ENSG00000178175,ENST00000318442,ZNF366
ENSG00000083312,ENST00000337273,TNPO1
ENSG00000157107,ENST00000430046,FCHO2
ENSG00000157111,ENST00000454765,TMEM171
ENSG00000164325,ENST00000296776,TMEM174
ENSG00000251493,ENST00000615637,FOXD1
ENSG00000145741,ENST00000380591,BTF3
ENSG00000164331,ENST00000296785,ANKRA2
ENSG00000164338,ENST00000296792,UTP15
ENSG00000214944,ENST00000513042,ARHGEF28
ENSG00000171617,ENST00000302351,ENC1
ENSG00000049860,ENST00000261416,HEXB
ENSG00000164347,ENST00000296805,GFM2
ENSG00000164346,ENST00000610426,NSA2
ENSG00000198780,ENST00000687041,FAM169A
ENSG00000176928,ENST00000652361,GCNT4
ENSG00000145700,ENST00000506364,ANKRD31
ENSG00000113161,ENST00000287936,HMGCR
ENSG00000113163,ENST00000643780,CERT1
ENSG00000122008,ENST00000241436,POLK
ENSG00000189045,ENST00000601380,ANKDD1B
ENSG00000152359,ENST00000428202,POC5
ENSG00000122012,ENST00000502798,SV2C
ENSG00000145703,ENST00000274364,IQGAP2
ENSG00000164220,ENST00000296641,F2RL2
ENSG00000181104,ENST00000319211,F2R
ENSG00000164251,ENST00000296677,F2RL1
ENSG00000171643,ENST00000317593,S100Z
ENSG00000145708,ENST00000274368,CRHBP
ENSG00000164252,ENST00000312916,AGGF1
ENSG00000132846,ENST00000255198,ZBED3
ENSG00000113231,ENST00000264917,PDE8B
ENSG00000164253,ENST00000296679,WDR41
ENSG00000171540,ENST00000306422,OTP
ENSG00000171530,ENST00000380377,TBCA
ENSG00000132842,ENST00000255194,AP3B1
ENSG00000085365,ENST00000621999,SCAMP1
ENSG00000145685,ENST00000380345,LHFPL2
ENSG00000113273,ENST00000264914,ARSB
ENSG00000132837,ENST00000255189,DMGDH
ENSG00000132840,ENST00000255192,BHMT2
ENSG00000145692,ENST00000274353,BHMT
ENSG00000152409,ENST00000396137,JMY
ENSG00000152413,ENST00000334082,HOMER1
ENSG00000164329,ENST00000453514,TENT2
ENSG00000164309,ENST00000446378,CMYA5
ENSG00000177034,ENST00000512528,MTX3
ENSG00000113296,ENST00000350881,THBS4
ENSG00000164300,ENST00000507668,SERINC5
ENSG00000164299,ENST00000296739,SPZ1
ENSG00000039319,ENST00000505560,ZFYVE16
ENSG00000152380,ENST00000282226,FAM151B
ENSG00000189127,ENST00000338682,ANKRD34B
ENSG00000228716,ENST00000439211,DHFR
ENSG00000113318,ENST00000265081,MSH3
ENSG00000113319,ENST00000265080,RASGRF2
ENSG00000131730,ENST00000254035,CKMT2
ENSG00000131732,ENST00000407610,ZCCHC9
ENSG00000172497,ENST00000307624,ACOT12
ENSG00000145687,ENST00000615665,SSBP2
ENSG00000152348,ENST00000282185,ATG10
ENSG00000186468,ENST00000296674,RPS23
ENSG00000174695,ENST00000502346,TMEM167A
ENSG00000152422,ENST00000396027,XRCC4
ENSG00000038427,ENST00000265077,VCAN
ENSG00000145681,ENST00000274341,HAPLN1
ENSG00000164176,ENST00000296591,EDIL3
ENSG00000127184,ENST00000247655,COX7C
ENSG00000145715,ENST00000274376,RASA1
ENSG00000134480,ENST00000256897,CCNH
ENSG00000164180,ENST00000296595,TMEM161B
ENSG00000081189,ENST00000504921,MEF2C
ENSG00000153140,ENST00000283122,CETN3
ENSG00000176055,ENST00000316610,MBLAC2
ENSG00000113356,ENST00000651687,POLR3G
ENSG00000176018,ENST00000315948,LYSMD3
ENSG00000164199,ENST00000405460,ADGRV1
ENSG00000113369,ENST00000265138,ARRDC3
ENSG00000237187,ENST00000669203,NR2F1-AS1
ENSG00000175745,ENST00000327111,NR2F1
ENSG00000113391,ENST00000395965,ARB2A
ENSG00000248483,ENST00000606183,POU5F2
ENSG00000185261,ENST00000682413,KIAA0825
ENSG00000133302,ENST00000265140,SLF1
ENSG00000175471,ENST00000515393,MCTP1
ENSG00000153347,ENST00000283357,FAM81B
ENSG00000198677,ENST00000358746,SKIC3
ENSG00000164291,ENST00000380009,ARSK
ENSG00000178015,ENST00000380007,GPR150
ENSG00000175449,ENST00000380005,RFESD
ENSG00000145757,ENST00000274432,SPATA9
ENSG00000164292,ENST00000379982,RHOBTB3
ENSG00000173221,ENST00000237858,GLRX
ENSG00000118985,ENST00000237853,ELL2
ENSG00000310517,ENST00000675179,CAST
ENSG00000175426,ENST00000311106,PCSK1
ENSG00000164307,ENST00000443439,ERAP1
ENSG00000164308,ENST00000437043,ERAP2
ENSG00000113441,ENST00000231368,LNPEP
ENSG00000145721,ENST00000274382,LIX1
ENSG00000058729,ENST00000283109,RIOK2
ENSG00000174136,ENST00000513185,RGMB
ENSG00000153922,ENST00000614616,CHD1
ENSG00000174132,ENST00000312637,FAM174A
ENSG00000113532,ENST00000231461,ST8SIA4
ENSG00000173930,ENST00000310954,SLCO4C1
ENSG00000205359,ENST00000506729,SLCO6A1
ENSG00000145730,ENST00000438793,PAM
ENSG00000145723,ENST00000399004,GIN1
ENSG00000145725,ENST00000358359,PPIP5K2
ENSG00000181751,ENST00000319933,MACIR
ENSG00000112874,ENST00000230792,NUDT12
ENSG00000184349,ENST00000333274,EFNA5
ENSG00000145743,ENST00000542267,FBXL17
ENSG00000151422,ENST00000281092,FER
ENSG00000198961,ENST00000361189,PJA2
ENSG00000112893,ENST00000261483,MAN2A1
ENSG00000186952,ENST00000455884,TMEM232
ENSG00000164209,ENST00000355943,SLC25A46
ENSG00000145777,ENST00000344895,TSLP
ENSG00000134987,ENST00000513710,WDR36
ENSG00000152495,ENST00000282356,CAMK4
ENSG00000164211,ENST00000296632,STARD4
ENSG00000134986,ENST00000257435,NREP
ENSG00000129595,ENST00000261486,EPB41L4A
ENSG00000134982,ENST00000257430,APC
ENSG00000153037,ENST00000505459,SRP19
ENSG00000129625,ENST00000379638,REEP5
ENSG00000172795,ENST00000389063,DCP2
ENSG00000171444,ENST00000408903,MCC
ENSG00000212122,ENST00000390666,TSSK1B
ENSG00000047188,ENST00000161863,YTHDC2
ENSG00000080709,ENST00000673685,KCNN2
ENSG00000152503,ENST00000513154,TRIM36
ENSG00000164219,ENST00000419445,PGGT1B
ENSG00000164221,ENST00000379611,CCDC112
ENSG00000145780,ENST00000274457,FEM1C
ENSG00000243414,ENST00000427199,TICAM2
ENSG00000134970,ENST00000456936,TMED7
ENSG00000129596,ENST00000250535,CDO1
ENSG00000145782,ENST00000509910,ATG12
ENSG00000177879,ENST00000316788,AP3S1
ENSG00000172901,ENST00000357872,LVRN
ENSG00000268223,ENST00000686077,ARL14EPL
ENSG00000145781,ENST00000274458,COMMD10
ENSG00000092421,ENST00000343348,SEMA6A
ENSG00000169570,ENST00000510708,DTWD2
ENSG00000172869,ENST00000539542,DMXL1
ENSG00000145779,ENST00000504771,TNFAIP8
ENSG00000133835,ENST00000510025,HSD17B4
ENSG00000164334,ENST00000695508,FAM170A
ENSG00000184838,ENST00000407149,PRR16
ENSG00000181867,ENST00000321339,FTMT
ENSG00000151304,ENST00000339397,SRFBP1
ENSG00000113083,ENST00000231004,LOX
ENSG00000164185,ENST00000296600,ZNF474
ENSG00000250803,ENST00000509403,ZNF475
ENSG00000064692,ENST00000261368,SNCAIP
ENSG00000205302,ENST00000379516,SNX2
ENSG00000064652,ENST00000261369,SNX24
ENSG00000168938,ENST00000306442,PPIC
ENSG00000061455,ENST00000407847,PRDM6
ENSG00000168944,ENST00000306467,CEP120
ENSG00000151292,ENST00000696905,CSNK1G3
ENSG00000168916,ENST00000513986,ZNF608
ENSG00000155324,ENST00000285689,GRAMD2B
ENSG00000164904,ENST00000409134,ALDH7A1
ENSG00000164902,ENST00000297540,PHAX
ENSG00000196900,ENST00000357147,SPMIP10
ENSG00000113368,ENST00000261366,LMNB1
ENSG00000173926,ENST00000308660,MARCHF3
ENSG00000164241,ENST00000296662,C5orf63
ENSG00000145794,ENST00000503335,MEGF10
ENSG00000164244,ENST00000296666,PRRC1
ENSG00000205279,ENST00000379445,CTXN3
ENSG00000230561,ENST00000514853,CCDC192
ENSG00000064651,ENST00000262461,SLC12A2
ENSG00000138829,ENST00000262464,FBN2
ENSG00000113396,ENST00000262462,SLC27A6
ENSG00000066583,ENST00000173527,ISOC1
ENSG00000145808,ENST00000274487,ADAMTS19
ENSG00000186367,ENST00000564719,MINAR2
ENSG00000198108,ENST00000305031,CHSY3
ENSG00000169567,ENST00000304043,HINT1
ENSG00000186687,ENST00000379380,LYRM7
ENSG00000158985,ENST00000505065,CDC42SE2
ENSG00000158987,ENST00000509018,RAPGEF6
ENSG00000217128,ENST00000510461,FNIP1
ENSG00000239642,ENST00000442687,MEIKIN
ENSG00000164398,ENST00000651883,ACSL6
ENSG00000164399,ENST00000296870,IL3
ENSG00000164400,ENST00000296871,CSF2
ENSG00000072682,ENST00000360568,P4HA2
ENSG00000131435,ENST00000253754,PDLIM4
ENSG00000197208,ENST00000200652,SLC22A4
ENSG00000197375,ENST00000245407,SLC22A5
ENSG00000125347,ENST00000245414,IRF1
ENSG00000113525,ENST00000231454,IL5
ENSG00000113522,ENST00000378823,RAD50
ENSG00000169194,ENST00000304506,IL13
ENSG00000113520,ENST00000231449,IL4
ENSG00000131437,ENST00000403231,KIF3A
ENSG00000205089,ENST00000378731,CCNI2
ENSG00000164402,ENST00000378719,SEPTIN8
ENSG00000198944,ENST00000378693,SOWAHA
ENSG00000164403,ENST00000378679,SHROOM1
ENSG00000164404,ENST00000687138,GDF9
ENSG00000164405,ENST00000378670,UQCRQ
ENSG00000164406,ENST00000296877,LEAP2
ENSG00000072364,ENST00000265343,AFF4
ENSG00000155329,ENST00000509437,ZCCHC10
ENSG00000170606,ENST00000304858,HSPA4
ENSG00000053108,ENST00000265342,FSTL4
ENSG00000113583,ENST00000231512,C5orf15
ENSG00000213585,ENST00000265333,VDAC1
ENSG00000081059,ENST00000342854,TCF7
ENSG00000113558,ENST00000353411,SKP1
ENSG00000113575,ENST00000481195,PPP2CA
ENSG00000006837,ENST00000265334,CDKL3
ENSG00000119048,ENST00000265339,UBE2B
ENSG00000237190,ENST00000458198,CDKN2AIPNL
ENSG00000043143,ENST00000681547,JADE2
ENSG00000152700,ENST00000402673,SAR1B
ENSG00000113615,ENST00000398844,SEC24A
ENSG00000164615,ENST00000297156,CAMLG
ENSG00000145833,ENST00000452510,DDX46
ENSG00000181904,ENST00000394976,C5orf24
ENSG00000113621,ENST00000358387,TXNDC15
ENSG00000132570,ENST00000254908,PCBD2
ENSG00000152705,ENST00000282611,CATSPER3
ENSG00000069011,ENST00000265340,PITX1
ENSG00000113648,ENST00000511689,MACROH2A1
ENSG00000251380,ENST00000503143,DCANP1
ENSG00000255833,ENST00000537858,TIFAB
ENSG00000145832,ENST00000681962,SLC25A48
ENSG00000181965,ENST00000314744,NEUROG1
ENSG00000145824,ENST00000512158,CXCL14
ENSG00000145839,ENST00000274520,IL9
ENSG00000145826,ENST00000274507,LECT2
ENSG00000120708,ENST00000442011,TGFBI
ENSG00000113658,ENST00000545279,SMAD5
ENSG00000271824,ENST00000607574,SMIM32
ENSG00000069018,ENST00000513104,TRPC7
ENSG00000152377,ENST00000394945,SPOCK1
ENSG00000146021,ENST00000309755,KLHL3
ENSG00000177733,ENST00000314940,HNRNPA0
ENSG00000120729,ENST00000239926,MYOT
ENSG00000078795,ENST00000508883,PKD2L2
ENSG00000031003,ENST00000689681,FAM13B
ENSG00000061492,ENST00000506684,WNT8A
ENSG00000112981,ENST00000265191,NME5
ENSG00000112983,ENST00000254900,BRD8
ENSG00000112984,ENST00000394894,KIF20A
ENSG00000094880,ENST00000394886,CDC23
ENSG00000146013,ENST00000274721,GFRA3
ENSG00000158402,ENST00000323760,CDC25C
ENSG00000120709,ENST00000239906,FAM53C
ENSG00000120733,ENST00000314358,KDM3B
ENSG00000132563,ENST00000378339,REEP2
ENSG00000120738,ENST00000239938,EGR1
ENSG00000120705,ENST00000360541,ETF1
ENSG00000113013,ENST00000297185,HSPA9
ENSG00000044115,ENST00000302763,CTNNA1
ENSG00000146006,ENST00000274711,LRRTM2
ENSG00000120725,ENST00000394817,SIL1
ENSG00000015479,ENST00000394805,MATR3
ENSG00000120727,ENST00000265192,PAIP2
ENSG00000170482,ENST00000348729,SLC23A1
ENSG00000170476,ENST00000302125,MZB1
ENSG00000228672,ENST00000434752,PROB1
ENSG00000170469,ENST00000450845,SPATA24
ENSG00000170464,ENST00000302060,DNAJC18
ENSG00000249751,ENST00000618155,ECSCR
ENSG00000283288,ENST00000637503,SMIM33
ENSG00000184584,ENST00000330794,STING1
ENSG00000131508,ENST00000398733,UBE2D2
ENSG00000171604,ENST00000302517,CXXC5
ENSG00000146005,ENST00000274710,PSD2
ENSG00000158458,ENST00000361474,NRG2
ENSG00000185129,ENST00000331327,PURA
ENSG00000182700,ENST00000333305,IGIP
ENSG00000120306,ENST00000261811,CYSTM1
ENSG00000113068,ENST00000261813,PFDN1
ENSG00000113070,ENST00000230990,HBEGF
ENSG00000113073,ENST00000506757,SLC4A9
ENSG00000131503,ENST00000360839,ANKHD1
ENSG00000213523,ENST00000336283,SRA1
ENSG00000243056,ENST00000310331,EIF4EBP3
ENSG00000113108,ENST00000357560,APBB3
ENSG00000293600,ENST00000715679,ENSG00000293600
ENSG00000176087,ENST00000323146,SLC35A4
ENSG00000170458,ENST00000302014,CD14
ENSG00000131495,ENST00000252102,NDUFA2
ENSG00000113119,ENST00000394671,TMCO6
ENSG00000113141,ENST00000417647,IK
ENSG00000120314,ENST00000358337,WDR55
ENSG00000256453,ENST00000542735,DND1
ENSG00000170445,ENST00000504156,HARS1
ENSG00000112855,ENST00000230771,HARS2
ENSG00000146007,ENST00000274712,ZMAT2
ENSG00000204970,ENST00000504120,PCDHA1
ENSG00000204969,ENST00000526136,PCDHA2
ENSG00000255408,ENST00000522353,PCDHA3
ENSG00000204967,ENST00000530339,PCDHA4
ENSG00000204965,ENST00000529859,PCDHA5
ENSG00000081842,ENST00000529310,PCDHA6
ENSG00000204963,ENST00000525929,PCDHA7
ENSG00000204962,ENST00000531613,PCDHA8
ENSG00000204961,ENST00000532602,PCDHA9
ENSG00000250120,ENST00000307360,PCDHA10
ENSG00000249158,ENST00000398640,PCDHA11
ENSG00000251664,ENST00000398631,PCDHA12
ENSG00000239389,ENST00000289272,PCDHA13
ENSG00000248383,ENST00000253807,PCDHAC1
ENSG00000243232,ENST00000289269,PCDHAC2
ENSG00000171815,ENST00000306549,PCDHB1
ENSG00000112852,ENST00000194155,PCDHB2
ENSG00000113205,ENST00000231130,PCDHB3
ENSG00000081818,ENST00000194152,PCDHB4
ENSG00000113209,ENST00000231134,PCDHB5
ENSG00000113211,ENST00000231136,PCDHB6
ENSG00000113212,ENST00000231137,PCDHB7
ENSG00000120322,ENST00000239444,PCDHB8
ENSG00000272674,ENST00000609684,PCDHB16
ENSG00000177839,ENST00000316105,PCDHB9
ENSG00000120324,ENST00000239446,PCDHB10
ENSG00000197479,ENST00000354757,PCDHB11
ENSG00000120328,ENST00000239450,PCDHB12
ENSG00000187372,ENST00000341948,PCDHB13
ENSG00000120327,ENST00000239449,PCDHB14
ENSG00000113248,ENST00000231173,PCDHB15
ENSG00000178913,ENST00000313368,TAF7
ENSG00000120329,ENST00000239451,SLC25A2
ENSG00000204956,ENST00000517417,PCDHGA1
ENSG00000081853,ENST00000394576,PCDHGA2
ENSG00000254245,ENST00000253812,PCDHGA3
ENSG00000254221,ENST00000523390,PCDHGB1
ENSG00000262576,ENST00000571252,PCDHGA4
ENSG00000253910,ENST00000522605,PCDHGB2
ENSG00000253485,ENST00000518069,PCDHGA5
ENSG00000262209,ENST00000576222,PCDHGB3
ENSG00000253731,ENST00000517434,PCDHGA6
ENSG00000253537,ENST00000518325,PCDHGA7
ENSG00000253953,ENST00000519479,PCDHGB4
ENSG00000253767,ENST00000398604,PCDHGA8
ENSG00000276547,ENST00000617380,PCDHGB5
ENSG00000261934,ENST00000573521,PCDHGA9
ENSG00000253305,ENST00000520790,PCDHGB6
ENSG00000253846,ENST00000398610,PCDHGA10
ENSG00000254122,ENST00000398594,PCDHGB7
ENSG00000253873,ENST00000398587,PCDHGA11
ENSG00000253159,ENST00000252085,PCDHGA12
ENSG00000240184,ENST00000308177,PCDHGC3
ENSG00000242419,ENST00000306593,PCDHGC4
ENSG00000240764,ENST00000252087,PCDHGC5
ENSG00000131504,ENST00000389054,DIAPH1
ENSG00000171720,ENST00000305264,HDAC3
ENSG00000164620,ENST00000297164,RELL2
ENSG00000197948,ENST00000435817,FCHSD1
ENSG00000120318,ENST00000239440,ARAP3
ENSG00000156453,ENST00000287008,PCDH1
ENSG00000081791,ENST00000432126,DELE1
ENSG00000113555,ENST00000231484,PCDH12
ENSG00000013561,ENST00000394520,RNF14
ENSG00000113552,ENST00000311337,GNPDA1
ENSG00000131507,ENST00000253814,NDFIP1
ENSG00000187678,ENST00000434127,SPRY4
ENSG00000113578,ENST00000337706,FGF1
ENSG00000145819,ENST00000645722,ARHGAP26
ENSG00000113580,ENST00000394464,NR3C1
ENSG00000158497,ENST00000289448,HMHB1
ENSG00000145817,ENST00000274496,YIPF5
ENSG00000183775,ENST00000512467,KCTD16
ENSG00000186314,ENST00000683046,PRELID2
ENSG00000204928,ENST00000377976,GRXCR2
ENSG00000156463,ENST00000359120,SH3RF2
ENSG00000173261,ENST00000311450,PLAC8L1
ENSG00000133706,ENST00000394434,LARS1
ENSG00000091009,ENST00000265271,RBM27
ENSG00000091010,ENST00000646991,POU4F3
ENSG00000113649,ENST00000679501,TCERG1
ENSG00000173250,ENST00000311104,GPR151
ENSG00000156475,ENST00000394411,PPP2R2B
ENSG00000169302,ENST00000397936,STK32A
ENSG00000113657,ENST00000343218,DPYSL3
ENSG00000176049,ENST00000616793,JAKMIP2
ENSG00000164266,ENST00000296695,SPINK1
ENSG00000164265,ENST00000296694,SCGB3A2
ENSG00000178776,ENST00000318315,C5orf46
ENSG00000133710,ENST00000256084,SPINK5
ENSG00000196800,ENST00000356972,SPINK14
ENSG00000178172,ENST00000325630,SPINK6
ENSG00000248109,ENST00000638089,MARCOL
ENSG00000214510,ENST00000398450,SPINK13
ENSG00000145879,ENST00000274565,SPINK7
ENSG00000204909,ENST00000377906,SPINK9
ENSG00000145868,ENST00000340253,FBXO38
ENSG00000164270,ENST00000377888,HTR4
ENSG00000169252,ENST00000305988,ADRB2
ENSG00000169247,ENST00000515425,SH3TC2
ENSG00000173210,ENST00000309868,ABLIM3
ENSG00000157510,ENST00000296721,AFAP1L1
ENSG00000164284,ENST00000329271,GRPEL2
ENSG00000145882,ENST00000274569,PCYOX1L
ENSG00000127743,ENST00000261796,IL17B
ENSG00000113712,ENST00000377843,CSNK1A1
ENSG00000183111,ENST00000333677,ARHGEF37
ENSG00000155846,ENST00000309241,PPARGC1B
ENSG00000132915,ENST00000255266,PDE6A
ENSG00000155850,ENST00000286298,SLC26A2
ENSG00000164296,ENST00000296736,TIGD6
ENSG00000113716,ENST00000502717,HMGXB3
ENSG00000182578,ENST00000675795,CSF1R
ENSG00000113721,ENST00000261799,PDGFRB
ENSG00000113722,ENST00000231656,CDX1
ENSG00000011083,ENST00000230671,SLC6A7
ENSG00000070808,ENST00000671881,CAMK2A
ENSG00000183876,ENST00000328668,ARSI
ENSG00000070814,ENST00000643257,TCOF1
ENSG00000019582,ENST00000009530,CD74
ENSG00000164587,ENST00000407193,RPS14
ENSG00000070614,ENST00000261797,NDST1
ENSG00000171992,ENST00000307662,SYNPO
ENSG00000164591,ENST00000517768,MYOZ3
ENSG00000086589,ENST00000199814,RBM22
ENSG00000132912,ENST00000447998,DCTN4
ENSG00000256235,ENST00000526627,SMIM3
ENSG00000237693,ENST00000522154,IRGM
ENSG00000145908,ENST00000274599,ZNF300
ENSG00000211445,ENST00000388825,GPX3
ENSG00000145901,ENST00000521591,TNIP1
ENSG00000197043,ENST00000354546,ANXA6
ENSG00000198624,ENST00000355417,CCDC69
ENSG00000196743,ENST00000357164,GM2A
ENSG00000186334,ENST00000335230,SLC36A3
ENSG00000186335,ENST00000335244,SLC36A2
ENSG00000123643,ENST00000243389,SLC36A1
ENSG00000086570,ENST00000261800,FAT2
ENSG00000113140,ENST00000231061,SPARC
ENSG00000177556,ENST00000313115,ATOX1
ENSG00000145907,ENST00000356245,G3BP1
ENSG00000145888,ENST00000274576,GLRA1
ENSG00000132911,ENST00000255262,NMUR2
ENSG00000155511,ENST00000285900,GRIA1
ENSG00000055147,ENST00000351797,FAM114A2
ENSG00000037749,ENST00000522782,MFAP3
ENSG00000164574,ENST00000297107,GALNT10
ENSG00000164576,ENST00000297109,SAP30L
ENSG00000113196,ENST00000231121,HAND1
ENSG00000155506,ENST00000518297,LARP1
ENSG00000170271,ENST00000326080,FAXDC2
ENSG00000155508,ENST00000285896,CNOT8
ENSG00000082516,ENST00000285873,GEMIN5
ENSG00000082515,ENST00000523037,MRPL22
ENSG00000226650,ENST00000435029,KIF4B
ENSG00000170624,ENST00000337851,SGCD
ENSG00000231989,ENST00000522232,PPP1R2B
ENSG00000145850,ENST00000274532,TIMD4
ENSG00000113249,ENST00000523175,HAVCR1
ENSG00000135077,ENST00000307851,HAVCR2
ENSG00000155868,ENST00000286317,MED7
ENSG00000113263,ENST00000422843,ITK
ENSG00000170613,ENST00000302938,GARIN3
ENSG00000055163,ENST00000620254,CYFIP2
ENSG00000172568,ENST00000312349,FNDC9
ENSG00000135074,ENST00000257527,ADAM19
ENSG00000172548,ENST00000311946,NIPAL4
ENSG00000039600,ENST00000265007,SOX30
ENSG00000187658,ENST00000409999,C5orf52
ENSG00000113272,ENST00000231198,THG1L
ENSG00000155858,ENST00000286307,LSM11
ENSG00000113282,ENST00000411809,CLINT1
ENSG00000164330,ENST00000313708,EBF1
ENSG00000145860,ENST00000424310,RNF145
ENSG00000164332,ENST00000296786,UBLCP1
ENSG00000113302,ENST00000231228,IL12B
ENSG00000170214,ENST00000306675,ADRA1B
ENSG00000113312,ENST00000231238,TTC1
ENSG00000170234,ENST00000307063,PWWP2A
ENSG00000170231,ENST00000402432,FABP6
ENSG00000135083,ENST00000257536,CCNJL
ENSG00000145861,ENST00000652664,C1QTNF2
ENSG00000221886,ENST00000408953,FAM200C
ENSG00000164609,ENST00000297151,SLU7
ENSG00000164611,ENST00000352433,PTTG1
ENSG00000118322,ENST00000327245,ATP10B
ENSG00000145864,ENST00000393959,GABRB2
ENSG00000145863,ENST00000274545,GABRA6
ENSG00000022355,ENST00000393943,GABRA1
ENSG00000113327,ENST00000639213,GABRG2
ENSG00000113328,ENST00000340828,CCNG1
ENSG00000170584,ENST00000302764,NUDCD2
ENSG00000072571,ENST00000393915,HMMR
ENSG00000038274,ENST00000321757,MAT2B
ENSG00000145934,ENST00000518659,TENM2
ENSG00000113645,ENST00000265293,WWC1
ENSG00000113643,ENST00000231572,RARS1
ENSG00000188573,ENST00000338333,FBLL1
ENSG00000120137,ENST00000239231,PANK3
ENSG00000184347,ENST00000519560,SLIT3
ENSG00000040275,ENST00000265295,SPDL1
ENSG00000134516,ENST00000520908,DOCK2
ENSG00000204767,ENST00000377365,INSYN2B
ENSG00000168269,ENST00000306268,FOXI1
ENSG00000234511,ENST00000593851,C5orf58
ENSG00000043462,ENST00000046794,LCP2
ENSG00000182132,ENST00000328939,KCNIP1
ENSG00000145936,ENST00000274629,KCNMB1
ENSG00000094755,ENST00000265294,GABRP
ENSG00000204764,ENST00000523189,RANBP17
ENSG00000164438,ENST00000296921,TLX3
ENSG00000181163,ENST00000296930,NPM1
ENSG00000156427,ENST00000274625,FGF18
ENSG00000185662,ENST00000523047,SMIM23
ENSG00000072803,ENST00000517395,FBXW11
ENSG00000072786,ENST00000176763,STK10
ENSG00000214360,ENST00000398186,EFCAB9
ENSG00000168246,ENST00000393792,UBTD2
ENSG00000174705,ENST00000311601,SH3PXD2B
ENSG00000214357,ENST00000369800,NEURL1B
ENSG00000120129,ENST00000239223,DUSP1
ENSG00000113719,ENST00000393784,ERGIC1
ENSG00000037241,ENST00000265100,RPL26L1
ENSG00000113732,ENST00000519374,ATP6V0E1
ENSG00000164463,ENST00000296953,CREBRF
ENSG00000113734,ENST00000351486,BNIP1
ENSG00000183072,ENST00000329198,NKX2-5
ENSG00000113739,ENST00000265087,STC2
ENSG00000145919,ENST00000311086,BOD1
ENSG00000113742,ENST00000265085,CPEB4
ENSG00000185056,ENST00000340147,C5orf47
ENSG00000170091,ENST00000303177,NSG2
ENSG00000120149,ENST00000239243,MSX2
ENSG00000184845,ENST00000393752,DRD1
ENSG00000164466,ENST00000321442,SFXN1
ENSG00000113749,ENST00000636584,HRH2
ENSG00000145920,ENST00000393745,CPLX2
ENSG00000051596,ENST00000265097,THOC3
ENSG00000170085,ENST00000429602,SIMC1
ENSG00000122203,ENST00000298569,KIAA1191
ENSG00000175414,ENST00000310389,ARL10
ENSG00000048162,ENST00000614830,NOP16
ENSG00000146066,ENST00000274787,HIGD2A
ENSG00000175416,ENST00000310418,CLTB
ENSG00000113194,ENST00000261942,FAF2
ENSG00000146083,ENST00000274811,RNF44
ENSG00000074276,ENST00000261944,CDHR2
ENSG00000169258,ENST00000303991,GPRIN1
ENSG00000074317,ENST00000393693,SNCB
ENSG00000175766,ENST00000318682,EIF4E1B
ENSG00000048140,ENST00000508164,TSPAN17
ENSG00000113763,ENST00000329542,UNC5A
ENSG00000160883,ENST00000292432,HK3
ENSG00000087206,ENST00000511320,UIMC1
ENSG00000113761,ENST00000358149,ZNF346
ENSG00000160867,ENST00000292408,FGFR4
ENSG00000165671,ENST00000439151,NSD1
ENSG00000169228,ENST00000303251,RAB24
ENSG00000213347,ENST00000439742,MXD3
ENSG00000169230,ENST00000303204,PRELID1
ENSG00000169223,ENST00000303127,LMAN2
ENSG00000169220,ENST00000408923,RGS14
ENSG00000131183,ENST00000324417,SLC34A1
ENSG00000196570,ENST00000358571,PFN3
ENSG00000131187,ENST00000253496,F12
ENSG00000198055,ENST00000355472,GRK6
ENSG00000131188,ENST00000323249,PRR7
ENSG00000113758,ENST00000393565,DBN1
ENSG00000196923,ENST00000355841,PDLIM7
ENSG00000146094,ENST00000510898,DOK3
ENSG00000183258,ENST00000330503,DDX41
ENSG00000146067,ENST00000514747,FAM193B
ENSG00000184840,ENST00000332598,TMED9
ENSG00000027847,ENST00000029410,B4GALT7
ENSG00000170074,ENST00000697116,FAM153A
ENSG00000175325,ENST00000308304,PROP1
ENSG00000145911,ENST00000274605,N4BP3
ENSG00000145916,ENST00000313386,RMND5B
ENSG00000145912,ENST00000274606,NHP2
ENSG00000244234,ENST00000463439,GMCL2
ENSG00000197451,ENST00000358344,HNRNPAB
ENSG00000175309,ENST00000308158,PHYKPL
ENSG00000050767,ENST00000390654,COL23A1
ENSG00000113240,ENST00000316308,CLK4
ENSG00000285891,ENST00000648368,MSANTD5
ENSG00000169131,ENST00000335815,ZNF354A
ENSG00000178338,ENST00000322434,ZNF354B
ENSG00000198939,ENST00000361362,ZFP2
ENSG00000178187,ENST00000519564,ZNF454
ENSG00000113262,ENST00000517717,GRM6
ENSG00000234284,ENST00000444149,ZNF879
ENSG00000177932,ENST00000315475,ZNF354C
ENSG00000087116,ENST00000251582,ADAMTS2
ENSG00000176783,ENST00000319449,RUFY1
ENSG00000169045,ENST00000393432,HNRNPH1
ENSG00000204659,ENST00000376974,CBY3
ENSG00000127022,ENST00000247461,CANX
ENSG00000161021,ENST00000292599,MAML1
ENSG00000213316,ENST00000292596,LTC4S
ENSG00000161013,ENST00000292591,MGAT4B
ENSG00000161011,ENST00000389805,SQSTM1
ENSG00000161010,ENST00000292586,MRNIP
ENSG00000197226,ENST00000355235,TBC1D9B
ENSG00000113269,ENST00000521389,RNF130
ENSG00000146090,ENST00000361132,RASGEF1C
ENSG00000050748,ENST00000452135,MAPK9
ENSG00000131459,ENST00000253778,GFPT2
ENSG00000113300,ENST00000261951,CNOT6
ENSG00000161055,ENST00000292641,SCGB3A1
ENSG00000037280,ENST00000261937,FLT4
ENSG00000174339,ENST00000307832,OR2Y1
ENSG00000131446,ENST00000307826,MGAT1
ENSG00000196670,ENST00000502412,ZFP62
ENSG00000113303,ENST00000340184,BTNL8
ENSG00000168903,ENST00000342868,BTNL3
ENSG00000165810,ENST00000327705,BTNL9
ENSG00000185372,ENST00000641551,OR2V1
ENSG00000182613,ENST00000641492,OR2V2
ENSG00000146054,ENST00000274773,TRIM7
ENSG00000146063,ENST00000315073,TRIM41
ENSG00000204628,ENST00000512805,RACK1
ENSG00000183718,ENST00000688015,TRIM52
ENSG00000230178,ENST00000456475,OR4F3
ENSG00000112679,ENST00000419235,DUSP22
ENSG00000137265,ENST00000380956,IRF4
ENSG00000112685,ENST00000230449,EXOC2
ENSG00000188996,ENST00000380907,HUS1B
ENSG00000164379,ENST00000296839,FOXQ1
ENSG00000137273,ENST00000645481,FOXF2
ENSG00000054598,ENST00000645831,FOXC1
ENSG00000112699,ENST00000380815,GMDS
ENSG00000145949,ENST00000274643,MYLK4
ENSG00000124535,ENST00000380773,WRNIP1
ENSG00000021355,ENST00000380739,SERPINB1
ENSG00000170542,ENST00000380698,SERPINB9
ENSG00000124570,ENST00000380539,SERPINB6
ENSG00000124588,ENST00000380455,NQO2
ENSG00000137275,ENST00000259808,RIPK1
ENSG00000137274,ENST00000380379,BPHL
ENSG00000137267,ENST00000333628,TUBB2A
ENSG00000137285,ENST00000259818,TUBB2B
ENSG00000180822,ENST00000438998,PSMG4
ENSG00000137266,ENST00000406686,SLC22A23
ENSG00000168994,ENST00000380283,PXDC1
ENSG00000145945,ENST00000648326,FAM50B
ENSG00000112739,ENST00000337659,PRP4K
ENSG00000145975,ENST00000274673,FAM217A
ENSG00000198721,ENST00000380118,ECI2
ENSG00000153046,ENST00000397588,CDYL
ENSG00000124787,ENST00000380051,RPP40
ENSG00000219607,ENST00000405617,PPP1R3G
ENSG00000214113,ENST00000330636,LYRM4
ENSG00000145982,ENST00000274680,FARS2
ENSG00000124785,ENST00000244766,NRN1
ENSG00000124491,ENST00000264870,F13A1
ENSG00000112799,ENST00000230568,LY86
ENSG00000124782,ENST00000379938,RREB1
ENSG00000124783,ENST00000244763,SSR1
ENSG00000164304,ENST00000502583,CAGE1
ENSG00000124784,ENST00000379834,RIOK1
ENSG00000096696,ENST00000379802,DSP
ENSG00000168566,ENST00000342415,SNRNP48
ENSG00000153162,ENST00000283147,BMP6
ENSG00000239264,ENST00000379757,TXNDC5
ENSG00000188428,ENST00000397457,BLOC1S5
ENSG00000124802,ENST00000379715,EEF1E1
ENSG00000124786,ENST00000710437,SLC35B3
ENSG00000285219,ENST00000503668,HULC
ENSG00000137203,ENST00000379613,TFAP2A
ENSG00000111846,ENST00000495262,GCNT2
ENSG00000137434,ENST00000259983,C6orf52
ENSG00000111845,ENST00000379568,PAK1IP1
ENSG00000111843,ENST00000229563,TMEM14C
ENSG00000137210,ENST00000379542,TMEM14B
ENSG00000111837,ENST00000354489,MAK
ENSG00000124827,ENST00000379491,GCM2
ENSG00000153157,ENST00000283141,SYCP2L
ENSG00000197977,ENST00000354666,ELOVL2
ENSG00000224531,ENST00000416247,SMIM13
ENSG00000244476,ENST00000472091,ERVFRD-1
ENSG00000111859,ENST00000379446,NEDD9
ENSG00000205269,ENST00000379426,TMEM170B
ENSG00000111863,ENST00000414691,ADTRP
ENSG00000095951,ENST00000379388,HIVEP1
ENSG00000078401,ENST00000379375,EDN1
ENSG00000112137,ENST00000332995,PHACTR1
ENSG00000145979,ENST00000379300,TBC1D7
ENSG00000145990,ENST00000379287,GFOD1
ENSG00000124523,ENST00000606117,SIRT5
ENSG00000225921,ENST00000451315,NOL7
ENSG00000010017,ENST00000011619,RANBP9
ENSG00000050393,ENST00000379170,MCUR1
ENSG00000180537,ENST00000488300,RNF182
ENSG00000112149,ENST00000379153,CD83
ENSG00000008083,ENST00000341776,JARID2
ENSG00000047579,ENST00000344537,DTNBP1
ENSG00000007944,ENST00000356840,MYLIP
ENSG00000137198,ENST00000259727,GMPR
ENSG00000124788,ENST00000436367,ATXN1
ENSG00000288708,ENST00000683730,ENSG00000288708
ENSG00000230873,ENST00000536551,STMND1
ENSG00000112183,ENST00000379052,RBM24
ENSG00000112186,ENST00000229922,CAP2
ENSG00000137414,ENST00000259963,FAM8A1
ENSG00000124789,ENST00000262077,NUP153
ENSG00000137177,ENST00000259711,KIF13A
ENSG00000187566,ENST00000340650,NHLRC1
ENSG00000137364,ENST00000309983,TPMT
ENSG00000165097,ENST00000650836,KDM1B
ENSG00000124795,ENST00000652689,DEK
ENSG00000137393,ENST00000259939,RNF144B
ENSG00000172201,ENST00000378700,ID4
ENSG00000172197,ENST00000324607,MBOAT1
ENSG00000112242,ENST00000346618,E2F3
ENSG00000145996,ENST00000274695,CDKAL1
ENSG00000124766,ENST00000244745,SOX4
ENSG00000172179,ENST00000306482,PRL
ENSG00000112273,ENST00000510882,HDGFL1
ENSG00000152954,ENST00000378491,NRSN1
ENSG00000146038,ENST00000378454,DCDC2
ENSG00000124532,ENST00000378386,MRS2
ENSG00000112293,ENST00000230036,GPLD1
ENSG00000112294,ENST00000357578,ALDH5A1
ENSG00000137261,ENST00000378214,KIAA0319
ENSG00000111802,ENST00000378198,TDP2
ENSG00000112304,ENST00000230048,ACOT13
ENSG00000112308,ENST00000378119,C6orf62
ENSG00000112312,ENST00000230056,GMNN
ENSG00000260286,ENST00000565469,ARMH2
ENSG00000111913,ENST00000643898,RIPOR2
ENSG00000079691,ENST00000329474,CARMIL1
ENSG00000079689,ENST00000377961,SCGN
ENSG00000164508,ENST00000297012,H2AC1
ENSG00000146047,ENST00000274764,H2BC1
ENSG00000146039,ENST00000377905,SLC17A4
ENSG00000124568,ENST00000244527,SLC17A1
ENSG00000124564,ENST00000397060,SLC17A3
ENSG00000112337,ENST00000377850,SLC17A2
ENSG00000112343,ENST00000357085,TRIM38
ENSG00000124610,ENST00000244573,H1-1
ENSG00000275714,ENST00000613854,H3C1
ENSG00000278637,ENST00000617569,H4C1
ENSG00000278705,ENST00000377745,H4C2
ENSG00000286522,ENST00000621411,H3C2
ENSG00000278463,ENST00000615868,H2AC4
ENSG00000276410,ENST00000615966,H2BC3
ENSG00000287080,ENST00000612966,H3C3
ENSG00000187837,ENST00000343677,H1-2
ENSG00000180596,ENST00000396984,H2BC4
ENSG00000010704,ENST00000357618,HFE
ENSG00000197061,ENST00000377803,H4C3
ENSG00000187475,ENST00000338379,H1-6
ENSG00000180573,ENST00000377791,H2AC6
ENSG00000168298,ENST00000304218,H1-4
ENSG00000158373,ENST00000377777,H2BC5
ENSG00000274290,ENST00000614097,H2BC6
ENSG00000277157,ENST00000614247,H4C4
ENSG00000197409,ENST00000356476,H3C4
ENSG00000196866,ENST00000341023,H2AC7
ENSG00000277224,ENST00000356530,H2BC7
ENSG00000276966,ENST00000615164,H4C5
ENSG00000273802,ENST00000541790,H2BC8
ENSG00000277075,ENST00000303910,H2AC8
ENSG00000274750,ENST00000614911,H3C6
ENSG00000124575,ENST00000244534,H1-3
ENSG00000274618,ENST00000244537,H4C6
ENSG00000275663,ENST00000611444,H4C7
ENSG00000277775,ENST00000618052,H3C7
ENSG00000275713,ENST00000619466,H2BC9
ENSG00000273983,ENST00000614378,H3C8
ENSG00000278588,ENST00000377733,H2BC10
ENSG00000158406,ENST00000377727,H4C8
ENSG00000186470,ENST00000377708,BTN3A2
ENSG00000124508,ENST00000356709,BTN2A2
ENSG00000026950,ENST00000289361,BTN3A1
ENSG00000111801,ENST00000244519,BTN3A3
ENSG00000112763,ENST00000312541,BTN2A1
ENSG00000124557,ENST00000684113,BTN1A1
ENSG00000182952,ENST00000377575,HMGN4
ENSG00000146109,ENST00000274849,ABT1
ENSG00000181315,ENST00000415922,ZNF322
ENSG00000124635,ENST00000339812,H2BC11
ENSG00000196787,ENST00000359193,H2AC11
ENSG00000197903,ENST00000356950,H2BC12
ENSG00000276180,ENST00000615353,H4C9
ENSG00000274997,ENST00000377459,H2AC12
ENSG00000112812,ENST00000230582,PRSS16
ENSG00000158553,ENST00000444565,POM121L2
ENSG00000124613,ENST00000244576,ZNF391
ENSG00000096654,ENST00000683788,ZNF184
ENSG00000185130,ENST00000377401,H2BC13
ENSG00000196747,ENST00000358739,H2AC13
ENSG00000278828,ENST00000685041,H3C10
ENSG00000276368,ENST00000333151,H2AC14
ENSG00000273703,ENST00000621112,H2BC14
ENSG00000197238,ENST00000355057,H4C11
ENSG00000273542,ENST00000611927,H4C12
ENSG00000275221,ENST00000618958,H2AC15
ENSG00000233822,ENST00000612898,H2BC15
ENSG00000276903,ENST00000613174,H2AC16
ENSG00000184357,ENST00000331442,H1-5
ENSG00000275379,ENST00000616365,H3C11
ENSG00000275126,ENST00000618305,H4C13
ENSG00000197153,ENST00000359303,H3C12
ENSG00000278677,ENST00000359611,H2AC17
ENSG00000274641,ENST00000616182,H2BC17
ENSG00000168131,ENST00000303324,OR2B2
ENSG00000124657,ENST00000244623,OR2B6
ENSG00000197279,ENST00000683778,ZNF165
ENSG00000196812,ENST00000340487,ZSCAN16
ENSG00000198315,ENST00000330236,ZKSCAN8
ENSG00000137185,ENST00000252207,ZSCAN9
ENSG00000187626,ENST00000377294,ZKSCAN4
ENSG00000189134,ENST00000343684,NKAPL
ENSG00000197062,ENST00000421553,ZSCAN26
ENSG00000137338,ENST00000682144,PGBD1
ENSG00000235109,ENST00000344279,ZSCAN31
ENSG00000189298,ENST00000252211,ZKSCAN3
ENSG00000158691,ENST00000684592,ZSCAN12
ENSG00000187987,ENST00000289788,ZSCAN23
ENSG00000198704,ENST00000361902,GPX6
ENSG00000224586,ENST00000412168,GPX5
ENSG00000232040,ENST00000452236,SCAND3
ENSG00000204713,ENST00000377199,TRIM27
ENSG00000197935,ENST00000377179,ZNF311
ENSG00000204704,ENST00000377175,OR2W1
ENSG00000204703,ENST00000377173,OR2B3
ENSG00000204702,ENST00000641659,OR2J1
ENSG00000204701,ENST00000641151,OR2J3
ENSG00000204700,ENST00000641417,OR2J2
ENSG00000204695,ENST00000641895,OR14J1
ENSG00000243729,ENST00000641768,OR5V1
ENSG00000112462,ENST00000396806,OR12D3
ENSG00000280236,ENST00000642051,OR12D2
ENSG00000204694,ENST00000377149,OR11A1
ENSG00000206474,ENST00000444197,OR10C1
ENSG00000204688,ENST00000377133,OR2H1
ENSG00000204687,ENST00000377127,MAS1L
ENSG00000237988,ENST00000641137,OR2I1
ENSG00000213886,ENST00000377050,UBD
ENSG00000204681,ENST00000377034,GABBR1
ENSG00000204657,ENST00000641840,OR2H2
ENSG00000204655,ENST00000376917,MOG
ENSG00000204644,ENST00000376883,ZFP57
ENSG00000204642,ENST00000259951,HLA-F
ENSG00000204632,ENST00000360323,HLA-G
ENSG00000206503,ENST00000376809,HLA-A
ENSG00000066379,ENST00000332435,POLR1H
ENSG00000204619,ENST00000376772,PPP1R11
ENSG00000204618,ENST00000244360,RNF39
ENSG00000204616,ENST00000376734,TRIM31
ENSG00000204614,ENST00000396581,TRIM40
ENSG00000204613,ENST00000449742,TRIM10
ENSG00000204610,ENST00000376694,TRIM15
ENSG00000234127,ENST00000454678,TRIM26
ENSG00000204599,ENST00000396551,TRIM39
ENSG00000241370,ENST00000442966,RPP21
ENSG00000204592,ENST00000376630,HLA-E
ENSG00000204590,ENST00000376621,GNL1
ENSG00000204576,ENST00000376560,PRR3
ENSG00000204574,ENST00000326195,ABCF1
ENSG00000204569,ENST00000376511,PPP1R10
ENSG00000204568,ENST00000259873,MRPS18B
ENSG00000137343,ENST00000376485,ATAT1
ENSG00000204564,ENST00000651131,C6orf136
ENSG00000204560,ENST00000376442,DHX16
ENSG00000146112,ENST00000274853,PPP1R18
ENSG00000137404,ENST00000376421,NRM
ENSG00000137337,ENST00000376406,MDC1
ENSG00000196230,ENST00000327892,TUBB
ENSG00000137312,ENST00000376389,FLOT1
ENSG00000137331,ENST00000259874,IER3
ENSG00000204580,ENST00000376568,DDR1
ENSG00000213780,ENST00000259895,GTF2H4
ENSG00000137411,ENST00000676266,VARS2
ENSG00000196260,ENST00000359086,SFTA2
ENSG00000168631,ENST00000462446,MUCL3
ENSG00000204544,ENST00000376296,MUC21
ENSG00000261272,ENST00000561890,MUC22
ENSG00000204542,ENST00000259870,C6orf15
ENSG00000204540,ENST00000259881,PSORS1C1
ENSG00000204539,ENST00000376288,CDSN
ENSG00000204538,ENST00000259845,PSORS1C2
ENSG00000204536,ENST00000396268,CCHCR1
ENSG00000137310,ENST00000376257,TCF19
ENSG00000204531,ENST00000259915,POU5F1
ENSG00000204525,ENST00000376228,HLA-C
ENSG00000234745,ENST00000412585,HLA-B
ENSG00000204520,ENST00000449934,MICA
ENSG00000204516,ENST00000252229,MICB
ENSG00000204511,ENST00000376191,MCCD1
ENSG00000198563,ENST00000396172,DDX39B
ENSG00000213760,ENST00000303892,ATP6V1G2
ENSG00000204498,ENST00000376148,NFKBIL1
ENSG00000226979,ENST00000418386,LTA
ENSG00000232810,ENST00000449264,TNF
ENSG00000227507,ENST00000429299,LTB
ENSG00000204482,ENST00000438075,LST1
ENSG00000204475,ENST00000340027,NCR3
ENSG00000204472,ENST00000376059,AIF1
ENSG00000204469,ENST00000376033,PRRC2A
ENSG00000204463,ENST00000676615,BAG6
ENSG00000204444,ENST00000375916,APOM
ENSG00000204439,ENST00000375911,C6orf47
ENSG00000204438,ENST00000375896,GPANK1
ENSG00000204435,ENST00000375882,CSNK2B
ENSG00000240053,ENST00000375864,LY6G5B
ENSG00000204428,ENST00000383237,LY6G5C
ENSG00000204427,ENST00000395952,ABHD16A
ENSG00000204424,ENST00000375832,LY6G6F
ENSG00000244355,ENST00000375825,LY6G6D
ENSG00000204420,ENST00000649779,MPIG6B
ENSG00000204421,ENST00000375819,LY6G6C
ENSG00000213722,ENST00000375789,DDAH2
ENSG00000213719,ENST00000375784,CLIC1
ENSG00000204410,ENST00000375750,MSH5
ENSG00000228727,ENST00000415669,SAPCD1
ENSG00000204396,ENST00000375688,VWA7
ENSG00000204394,ENST00000375663,VARS1
ENSG00000204392,ENST00000375661,LSM2
ENSG00000204390,ENST00000375654,HSPA1L
ENSG00000204389,ENST00000375651,HSPA1A
ENSG00000204388,ENST00000375650,HSPA1B
ENSG00000204386,ENST00000375631,NEU1
ENSG00000204385,ENST00000229729,SLC44A4
ENSG00000204371,ENST00000375537,EHMT2
ENSG00000166278,ENST00000299367,C2
ENSG00000204366,ENST00000375527,ZBTB12
ENSG00000243649,ENST00000425368,CFB
ENSG00000204356,ENST00000375429,NELFE
ENSG00000204351,ENST00000375394,SKIC2
ENSG00000204348,ENST00000337523,DXO
ENSG00000204344,ENST00000685781,WHR1
ENSG00000244731,ENST00000428956,C4A
ENSG00000224389,ENST00000435363,C4B
ENSG00000231852,ENST00000644719,CYP21A2
ENSG00000168477,ENST00000644971,TNXB
ENSG00000213676,ENST00000375203,ATF6B
ENSG00000204315,ENST00000375156,FKBPL
ENSG00000221988,ENST00000324816,PPT2
ENSG00000204314,ENST00000211413,PRRT1
ENSG00000241404,ENST00000333845,EGFL8
ENSG00000204310,ENST00000375107,AGPAT1
ENSG00000204308,ENST00000375094,RNF5
ENSG00000204305,ENST00000375076,AGER
ENSG00000204304,ENST00000375050,PBX2
ENSG00000213654,ENST00000375040,GPSM3
ENSG00000204301,ENST00000375023,NOTCH4
ENSG00000204296,ENST00000533191,TSBP1
ENSG00000204290,ENST00000454136,BTNL2
ENSG00000204287,ENST00000395388,HLA-DRA
ENSG00000198502,ENST00000374975,HLA-DRB5
ENSG00000196126,ENST00000360004,HLA-DRB1
ENSG00000196735,ENST00000343139,HLA-DQA1
ENSG00000179344,ENST00000434651,HLA-DQB1
ENSG00000237541,ENST00000374940,HLA-DQA2
ENSG00000232629,ENST00000437316,HLA-DQB2
ENSG00000241106,ENST00000438763,HLA-DOB
ENSG00000204267,ENST00000374897,TAP2
ENSG00000204264,ENST00000374882,PSMB8
ENSG00000240065,ENST00000374859,PSMB9
ENSG00000168394,ENST00000354258,TAP1
ENSG00000242574,ENST00000418107,HLA-DMB
ENSG00000204257,ENST00000374843,HLA-DMA
ENSG00000204256,ENST00000374825,BRD2
ENSG00000204252,ENST00000229829,HLA-DOA
ENSG00000231389,ENST00000692443,HLA-DPA1
ENSG00000223865,ENST00000418931,HLA-DPB1
ENSG00000204248,ENST00000341947,COL11A2
ENSG00000204231,ENST00000374680,RXRB
ENSG00000112473,ENST00000374677,SLC39A7
ENSG00000204228,ENST00000374662,HSD17B8
ENSG00000204227,ENST00000374656,RING1
ENSG00000223501,ENST00000445902,VPS52
ENSG00000231500,ENST00000439602,RPS18
ENSG00000235863,ENST00000451237,B3GALT4
ENSG00000227057,ENST00000374617,WDR46
ENSG00000204220,ENST00000374606,PFDN6
ENSG00000237441,ENST00000497454,RGL2
ENSG00000231925,ENST00000434618,TAPBP
ENSG00000236104,ENST00000431845,ZBTB22
ENSG00000204209,ENST00000374542,DAXX
ENSG00000286920,ENST00000494082,SMIM40
ENSG00000237649,ENST00000428849,KIFC1
ENSG00000112511,ENST00000374516,PHF1
ENSG00000112514,ENST00000488034,CUTA
ENSG00000197283,ENST00000646630,SYNGAP1
ENSG00000213588,ENST00000395064,ZBTB9
ENSG00000030110,ENST00000374467,BAK1
ENSG00000096433,ENST00000605930,ITPR3
ENSG00000137288,ENST00000607484,UQCC2
ENSG00000161896,ENST00000293756,IP6K3
ENSG00000161904,ENST00000293760,LEMD2
ENSG00000096395,ENST00000430124,MLN
ENSG00000124493,ENST00000538487,GRM4
ENSG00000137309,ENST00000311487,HMGA1
ENSG00000186577,ENST00000476320,SMIM29
ENSG00000272325,ENST00000607016,NUDT3
ENSG00000124614,ENST00000648437,RPS10
ENSG00000124507,ENST00000244458,PACSIN1
ENSG00000124664,ENST00000374037,SPDEF
ENSG00000196821,ENST00000374023,ILRUN
ENSG00000124562,ENST00000244520,SNRPC
ENSG00000065060,ENST00000192788,BLTP3A
ENSG00000064995,ENST00000361288,TAF11
ENSG00000064999,ENST00000360359,ANKS1A
ENSG00000124678,ENST00000311875,TCP11
ENSG00000146197,ENST00000274938,SCUBE3
ENSG00000065029,ENST00000373953,ZNF76
ENSG00000023892,ENST00000316637,DEF6
ENSG00000112033,ENST00000360694,PPARD
ENSG00000112039,ENST00000229769,FANCE
ENSG00000198755,ENST00000322203,RPL10A
ENSG00000007866,ENST00000338863,TEAD3
ENSG00000112041,ENST00000229771,TULP1
ENSG00000096060,ENST00000357266,FKBP5
ENSG00000157343,ENST00000373866,ARMC12
ENSG00000196748,ENST00000403376,CLPSL2
ENSG00000204140,ENST00000373861,CLPSL1
ENSG00000137392,ENST00000259938,CLPS
ENSG00000197753,ENST00000360215,LHFPL5
ENSG00000096063,ENST00000373825,SRPK1
ENSG00000112053,ENST00000490799,SLC26A8
ENSG00000112062,ENST00000229794,MAPK14
ENSG00000156711,ENST00000211287,MAPK13
ENSG00000096070,ENST00000357641,BRPF3
ENSG00000180316,ENST00000636260,PNPLA1
ENSG00000189325,ENST00000437635,BNIP5
ENSG00000010030,ENST00000340181,ETV7
ENSG00000179165,ENST00000454782,PXT1
ENSG00000112078,ENST00000373731,KCTD20
ENSG00000112079,ENST00000229812,STK38
ENSG00000112081,ENST00000373715,SRSF3
ENSG00000124762,ENST00000244741,CDKN1A
ENSG00000255587,ENST00000612677,RAB44
ENSG00000124772,ENST00000244751,CPNE5
ENSG00000137168,ENST00000373699,PPIL1
ENSG00000198663,ENST00000480824,C6orf89
ENSG00000164530,ENST00000373674,PI16
ENSG00000137409,ENST00000373627,MTCH1
ENSG00000146192,ENST00000274963,FGD2
ENSG00000137193,ENST00000373509,PIM1
ENSG00000172738,ENST00000651039,TMEM217
ENSG00000286105,ENST00000497775,TMEM217B
ENSG00000065491,ENST00000373491,TBC1D22B
ENSG00000112130,ENST00000373479,RNF8
ENSG00000137200,ENST00000373451,CMTR1
ENSG00000198937,ENST00000373408,CCDC167
ENSG00000112139,ENST00000434837,MDGA1
ENSG00000156639,ENST00000287218,ZFAND3
ENSG00000183826,ENST00000481247,BTBD9
ENSG00000124767,ENST00000373365,GLO1
ENSG00000124721,ENST00000327475,DNAH8
ENSG00000112164,ENST00000373256,GLP1R
ENSG00000112167,ENST00000229903,SAYSD1
ENSG00000164626,ENST00000359534,KCNK5
ENSG00000124780,ENST00000373231,KCNK17
ENSG00000095981,ENST00000437525,KCNK16
ENSG00000164627,ENST00000287152,KIF6
ENSG00000146122,ENST00000274867,DAAM2
ENSG00000124615,ENST00000340692,MOCS1
ENSG00000156564,ENST00000338305,LRFN2
ENSG00000124602,ENST00000244565,UNC5CL
ENSG00000124596,ENST00000424266,OARD1
ENSG00000112212,ENST00000373161,TSPO2
ENSG00000124701,ENST00000244669,APOBEC2
ENSG00000001167,ENST00000341376,NFYA
ENSG00000161911,ENST00000426005,TREML1
ENSG00000095970,ENST00000373113,TREM2
ENSG00000112195,ENST00000483722,TREML2
ENSG00000188056,ENST00000341495,TREML4
ENSG00000124731,ENST00000244709,TREM1
ENSG00000096264,ENST00000373089,NCR2
ENSG00000137166,ENST00000307972,FOXP4
ENSG00000112559,ENST00000230321,MDFI
ENSG00000112561,ENST00000373033,TFEB
ENSG00000096088,ENST00000373025,PGC
ENSG00000137218,ENST00000373018,FRS3
ENSG00000278224,ENST00000458694,PRICKLE4
ENSG00000214736,ENST00000398881,TOMM6
ENSG00000164663,ENST00000682992,USP49
ENSG00000124641,ENST00000265350,MED20
ENSG00000112578,ENST00000230340,BYSL
ENSG00000112576,ENST00000372991,CCND3
ENSG00000137413,ENST00000372977,TAF8
ENSG00000188112,ENST00000341865,C6orf132
ENSG00000287363,ENST00000623004,CIMIP3
ENSG00000048545,ENST00000372958,GUCA1A
ENSG00000112599,ENST00000230361,GUCA1B
ENSG00000048544,ENST00000053468,MRPS10
ENSG00000124496,ENST00000695948,TRERF1
ENSG00000024048,ENST00000372901,UBR2
ENSG00000112619,ENST00000230381,PRPH2
ENSG00000124659,ENST00000372876,TBCC
ENSG00000112624,ENST00000314073,BICRAL
ENSG00000146223,ENST00000493763,RPL7L1
ENSG00000221821,ENST00000408925,PEX39
ENSG00000171611,ENST00000304672,PTCRA
ENSG00000137161,ENST00000372836,CNPY3
ENSG00000124587,ENST00000304611,PEX6
ENSG00000124713,ENST00000372808,GNMT
ENSG00000112640,ENST00000485511,PPP2R5D
ENSG00000124733,ENST00000244711,MEA1
ENSG00000124702,ENST00000326974,KLHDC3
ENSG00000124541,ENST00000244496,RRP36
ENSG00000044090,ENST00000265348,CUL7
ENSG00000137171,ENST00000347162,KLC4
ENSG00000112651,ENST00000388752,MRPL2
ENSG00000112655,ENST00000230419,PTK7
ENSG00000112658,ENST00000265354,SRF
ENSG00000112659,ENST00000252050,CUL9
ENSG00000112667,ENST00000230431,DNPH1
ENSG00000146216,ENST00000259750,TTBK1
ENSG00000137204,ENST00000372585,SLC22A7
ENSG00000146215,ENST00000372569,CRIP3
ENSG00000171467,ENST00000361428,ZNF318
ENSG00000124574,ENST00000372530,ABCC10
ENSG00000171462,ENST00000372488,DLK2
ENSG00000137221,ENST00000372449,TJAP1
ENSG00000204052,ENST00000372441,LRRC73
ENSG00000171453,ENST00000642195,POLR1C
ENSG00000137207,ENST00000372422,YIPF3
ENSG00000124571,ENST00000265351,XPO5
ENSG00000170734,ENST00000372236,POLH
ENSG00000172432,ENST00000307126,GTPBP2
ENSG00000124688,ENST00000372171,MAD2L1BP
ENSG00000172426,ENST00000372163,RSPH9
ENSG00000096080,ENST00000372133,MRPS18A
ENSG00000112715,ENST00000672860,VEGFA
ENSG00000180992,ENST00000372014,MRPL14
ENSG00000137216,ENST00000323267,TMEM63B
ENSG00000137225,ENST00000398776,CAPN11
ENSG00000262179,ENST00000573382,MYMX
ENSG00000112759,ENST00000371755,SLC29A1
ENSG00000096384,ENST00000371646,HSP90AB1
ENSG00000157593,ENST00000393812,SLC35B2
ENSG00000146232,ENST00000619360,NFKBIE
ENSG00000178233,ENST00000451188,TMEM151B
ENSG00000146221,ENST00000371505,TCTE1
ENSG00000124608,ENST00000244571,AARS2
ENSG00000249481,ENST00000674044,SPATS1
ENSG00000096401,ENST00000371477,CDC5L
ENSG00000196284,ENST00000371459,SUPT3H
ENSG00000124813,ENST00000647337,RUNX2
ENSG00000112782,ENST00000339561,CLIC5
ENSG00000001561,ENST00000321037,ENPP4
ENSG00000112796,ENST00000371383,ENPP5
ENSG00000172348,ENST00000371374,RCAN2
ENSG00000146233,ENST00000275016,CYP39A1
ENSG00000153291,ENST00000371347,SLC25A27
ENSG00000180113,ENST00000316081,TDRD6
ENSG00000146070,ENST00000274793,PLA2G7
ENSG00000230062,ENST00000565422,ANKRD66
ENSG00000112818,ENST00000230588,MEP1A
ENSG00000069122,ENST00000283296,ADGRF5
ENSG00000153292,ENST00000371253,ADGRF1
ENSG00000146072,ENST00000296861,TNFRSF21
ENSG00000198087,ENST00000359314,CD2AP
ENSG00000153294,ENST00000283303,ADGRF4
ENSG00000124818,ENST00000371211,OPN5
ENSG00000244694,ENST00000339488,PTCHD4
ENSG00000146085,ENST00000274813,MMUT
ENSG00000031691,ENST00000335783,CENPQ
ENSG00000203972,ENST00000371197,GLYATL3
ENSG00000197261,ENST00000529246,C6orf141
ENSG00000112077,ENST00000371175,RHAG
ENSG00000124490,ENST00000339139,CRISP2
ENSG00000096006,ENST00000263045,CRISP3
ENSG00000170950,ENST00000304801,PGK2
ENSG00000124812,ENST00000335847,CRISP1
ENSG00000177684,ENST00000322066,DEFB114
ENSG00000214642,ENST00000398718,DEFB113
ENSG00000203970,ENST00000371148,DEFB110
ENSG00000180872,ENST00000651554,DEFB112
ENSG00000008197,ENST00000008391,TFAP2D
ENSG00000008196,ENST00000393655,TFAP2B
ENSG00000170927,ENST00000371117,PKHD1
ENSG00000112115,ENST00000648244,IL17A
ENSG00000112116,ENST00000336123,IL17F
ENSG00000112118,ENST00000596288,MCM3
ENSG00000170915,ENST00000442253,PAQR8
ENSG00000096093,ENST00000371068,EFHC1
ENSG00000065308,ENST00000182527,TRAM2
ENSG00000096092,ENST00000211314,TMEM14A
ENSG00000244067,ENST00000493422,GSTA2
ENSG00000243955,ENST00000334575,GSTA1
ENSG00000182793,ENST00000370989,GSTA5
ENSG00000174156,ENST00000211122,GSTA3
ENSG00000170899,ENST00000370963,GSTA4
ENSG00000112144,ENST00000676107,CILK1
ENSG00000288614,ENST00000675098,ENSG00000288614
ENSG00000112146,ENST00000323557,FBXO9
ENSG00000288646,ENST00000678782,ENSG00000288646
ENSG00000137270,ENST00000259803,GCM1
ENSG00000012660,ENST00000304434,ELOVL5
ENSG00000001084,ENST00000650454,GCLC
ENSG00000124743,ENST00000370905,KLHL31
ENSG00000137269,ENST00000370888,LRRC1
ENSG00000146147,ENST00000502396,MLIP
ENSG00000137251,ENST00000259782,TINAG
ENSG00000168143,ENST00000306858,FAM83B
ENSG00000137252,ENST00000370862,HCRTR2
ENSG00000187871,ENST00000340465,GFRAL
ENSG00000146151,ENST00000274901,HMGCLL1
ENSG00000112175,ENST00000370830,BMP5
ENSG00000124749,ENST00000244728,COL21A1
ENSG00000151914,ENST00000680361,DST
ENSG00000151917,ENST00000370746,BEND6
ENSG00000168116,ENST00000370733,KIAA1586
ENSG00000112200,ENST00000370706,ZNF451
ENSG00000112208,ENST00000370693,BAG2
ENSG00000112210,ENST00000468148,RAB23
ENSG00000146143,ENST00000615550,PRIM2
ENSG00000112232,ENST00000281156,KHDRBS2
ENSG00000198225,ENST00000370659,FKBP1C
ENSG00000146166,ENST00000370657,LGSN
ENSG00000112245,ENST00000626021,PTP4A1
ENSG00000285976,ENST00000715520,ENSG00000285976
ENSG00000118482,ENST00000262043,PHF3
ENSG00000188107,ENST00000503581,EYS
ENSG00000214558,ENST00000398578,ZC3H11C
ENSG00000135298,ENST00000370598,ADGRB3
ENSG00000288712,ENST00000683102,ENSG00000288712
ENSG00000168216,ENST00000649934,LMBRD1
ENSG00000082293,ENST00000620364,COL19A1
ENSG00000112280,ENST00000357250,COL9A1
ENSG00000082269,ENST00000418814,FAM135A
ENSG00000154079,ENST00000370474,SDHAF4
ENSG00000112305,ENST00000370455,SMAP1
ENSG00000112309,ENST00000230053,B3GAT2
ENSG00000119900,ENST00000370435,OGFRL1
ENSG00000079841,ENST00000521978,RIMS1
ENSG00000185760,ENST00000370398,KCNQ5
ENSG00000256980,ENST00000370388,KHDC1L
ENSG00000135314,ENST00000257765,KHDC1
ENSG00000203909,ENST00000370370,DPPA5
ENSG00000203908,ENST00000370367,KHDC3L
ENSG00000203907,ENST00000370359,OOEP
ENSG00000080007,ENST00000370336,DDX43
ENSG00000164430,ENST00000370315,CGAS
ENSG00000135297,ENST00000498286,MTO1
ENSG00000156508,ENST00000309268,EEF1A1
ENSG00000119899,ENST00000355773,SLC17A5
ENSG00000156535,ENST00000287097,CD109
ENSG00000111799,ENST00000322507,COL12A1
ENSG00000112695,ENST00000684430,COX7A2
ENSG00000112697,ENST00000230461,TMEM30A
ENSG00000118407,ENST00000237172,FILIP1
ENSG00000112701,ENST00000447266,SENP6
ENSG00000196586,ENST00000369977,MYO6
ENSG00000112706,ENST00000369950,IMPG1
ENSG00000135312,ENST00000369947,HTR1B
ENSG00000269964,ENST00000684080,MEI4
ENSG00000146243,ENST00000369940,IRAK1BP1
ENSG00000146247,ENST00000275034,PHIP
ENSG00000118418,ENST00000620514,HMGN3
ENSG00000135338,ENST00000369846,LCA5
ENSG00000198478,ENST00000369838,SH3BGRL2
ENSG00000118402,ENST00000369816,ELOVL4
ENSG00000112742,ENST00000369798,TTK
ENSG00000083123,ENST00000320393,BCKDHB
ENSG00000112773,ENST00000320172,TENT5A
ENSG00000005700,ENST00000306270,IBTK
ENSG00000146242,ENST00000369750,TPBG
ENSG00000118420,ENST00000369747,UBE3D
ENSG00000083097,ENST00000349129,DOP1A
ENSG00000013375,ENST00000513973,PGM3
ENSG00000013392,ENST00000369724,RWDD2A
ENSG00000065833,ENST00000369705,ME1
ENSG00000146250,ENST00000369700,PRSS35
ENSG00000065609,ENST00000369694,SNAP91
ENSG00000203877,ENST00000369689,RIPPLY2
ENSG00000065615,ENST00000369681,CYB5R4
ENSG00000135324,ENST00000257776,MRAP2
ENSG00000135315,ENST00000403245,CEP162
ENSG00000112837,ENST00000369663,TBX18
ENSG00000135318,ENST00000257770,NT5E
ENSG00000135317,ENST00000314673,SNX14
ENSG00000135316,ENST00000369622,SYNCRIP
ENSG00000168830,ENST00000305344,HTR1E
ENSG00000135346,ENST00000627148,CGA
ENSG00000188994,ENST00000369577,ZNF292
ENSG00000164411,ENST00000525899,GJB7
ENSG00000111850,ENST00000392863,SMIM8
ENSG00000203872,ENST00000388923,C6orf163
ENSG00000272514,ENST00000369562,CFAP206
ENSG00000164414,ENST00000369552,SLC35A1
ENSG00000146282,ENST00000369536,RARS2
ENSG00000135336,ENST00000392844,ORC3
ENSG00000135334,ENST00000257787,AKIRIN2
ENSG00000118434,ENST00000237201,SPACA1
ENSG00000118432,ENST00000369501,CNR1
ENSG00000111880,ENST00000369485,RNGTT
ENSG00000146278,ENST00000336032,PNRC1
ENSG00000154548,ENST00000452027,SRSF12
ENSG00000146281,ENST00000275072,PM20D2
ENSG00000146276,ENST00000454853,GABRR1
ENSG00000111886,ENST00000402938,GABRR2
ENSG00000198833,ENST00000435041,UBE2J1
ENSG00000025039,ENST00000369415,RRAGD
ENSG00000135299,ENST00000339746,ANKRD6
ENSG00000083099,ENST00000523377,LYRM2
ENSG00000112159,ENST00000369393,MDN1
ENSG00000135355,ENST00000369352,GJA10
ENSG00000112182,ENST00000257749,BACH2
ENSG00000135341,ENST00000369329,MAP3K7
ENSG00000135333,ENST00000369303,EPHA7
ENSG00000172469,ENST00000358812,MANEA
ENSG00000172461,ENST00000302103,FUT9
ENSG00000014123,ENST00000369278,UFL1
ENSG00000112214,ENST00000450218,FHL5
ENSG00000112218,ENST00000229955,GPR63
ENSG00000123545,ENST00000316149,NDUFAF4
ENSG00000186231,ENST00000369261,KLHL32
ENSG00000146263,ENST00000683635,MMS22L
ENSG00000184486,ENST00000328345,POU3F2
ENSG00000112234,ENST00000369244,FBXL4
ENSG00000146267,ENST00000389677,FAXC
ENSG00000132423,ENST00000254759,COQ3
ENSG00000132424,ENST00000369239,PNISR
ENSG00000123552,ENST00000500704,USP45
ENSG00000112237,ENST00000520429,CCNC
ENSG00000112238,ENST00000369215,PRDM13
ENSG00000152034,ENST00000281806,MCHR2
ENSG00000112246,ENST00000369208,SIM1
ENSG00000112249,ENST00000369162,ASCC3
ENSG00000164418,ENST00000369134,GRIK2
ENSG00000085382,ENST00000262903,HACE1
ENSG00000187772,ENST00000345080,LIN28B
ENSG00000112276,ENST00000314641,POPDC1
ENSG00000132429,ENST00000254765,POPDC3
ENSG00000085377,ENST00000652536,PREP
ENSG00000057657,ENST00000369096,PRDM1
ENSG00000057663,ENST00000369076,ATG5
ENSG00000112297,ENST00000633556,CRYBG1
ENSG00000130347,ENST00000369063,RTN4IP1
ENSG00000130348,ENST00000369046,QRSL1
ENSG00000272398,ENST00000606017,CD24
ENSG00000130349,ENST00000311381,MTRES1
ENSG00000178409,ENST00000369042,BEND3
ENSG00000164494,ENST00000369037,PDSS2
ENSG00000112320,ENST00000317357,SOBP
ENSG00000146285,ENST00000369020,SCML4
ENSG00000025796,ENST00000369002,SEC63
ENSG00000081087,ENST00000193322,OSTM1
ENSG00000112333,ENST00000368986,NR2E1
ENSG00000112335,ENST00000230085,SNX3
ENSG00000135537,ENST00000368977,AFG1L
ENSG00000118689,ENST00000406360,FOXO3
ENSG00000118690,ENST00000392644,ARMC2
ENSG00000080546,ENST00000436639,SESN1
ENSG00000183137,ENST00000517392,CEP57L1
ENSG00000135535,ENST00000310786,CD164
ENSG00000185250,ENST00000521072,PPIL6
ENSG00000135587,ENST00000258052,SMPD2
ENSG00000135596,ENST00000358807,MICAL1
ENSG00000112365,ENST00000230122,ZBTB24
ENSG00000155085,ENST00000424296,AK9
ENSG00000112367,ENST00000230124,FIG4
ENSG00000146360,ENST00000275169,GPR6
ENSG00000112290,ENST00000392589,WASF1
ENSG00000168438,ENST00000307731,CDC40
ENSG00000053328,ENST00000338882,METTL24
ENSG00000203797,ENST00000368924,DDO
ENSG00000004809,ENST00000368919,SLC22A16
ENSG00000155111,ENST00000368911,CDK19
ENSG00000123505,ENST00000368885,AMD1
ENSG00000155115,ENST00000329970,GTF3C6
ENSG00000197498,ENST00000441448,RPF2
ENSG00000112394,ENST00000368851,SLC16A10
ENSG00000173214,ENST00000671876,MFSD4B
ENSG00000009413,ENST00000368802,REV3L
ENSG00000056972,ENST00000368761,TRAF3IP2
ENSG00000010810,ENST00000354650,FYN
ENSG00000112761,ENST00000368666,CCN6
ENSG00000074935,ENST00000368662,TUBE1
ENSG00000203778,ENST00000368656,FAM229B
ENSG00000112769,ENST00000230538,LAMA4
ENSG00000251258,ENST00000441065,RFPL4B
ENSG00000277443,ENST00000612661,MARCKS
ENSG00000196591,ENST00000519065,HDAC2
ENSG00000249853,ENST00000312719,HS3ST5
ENSG00000111816,ENST00000606080,FRK
ENSG00000178425,ENST00000319550,NT5DC1
ENSG00000123500,ENST00000651968,COL10A1
ENSG00000187189,ENST00000420283,TSPYL4
ENSG00000111817,ENST00000644252,DSE
ENSG00000189241,ENST00000368608,TSPYL1
ENSG00000188820,ENST00000368605,CALHM6
ENSG00000173626,ENST00000368602,TRAPPC3L
ENSG00000178033,ENST00000368599,CALHM5
ENSG00000164451,ENST00000368596,CALHM4
ENSG00000111832,ENST00000466444,RWDD1
ENSG00000111834,ENST00000229554,RSPH4A
ENSG00000153975,ENST00000368576,ZUP1
ENSG00000196911,ENST00000368564,KPNA5
ENSG00000183807,ENST00000368557,FAM162B
ENSG00000173612,ENST00000310357,GPRC6A
ENSG00000185002,ENST00000332958,RFX6
ENSG00000170162,ENST00000326274,VGLL2
ENSG00000047936,ENST00000368507,ROS1
ENSG00000164465,ENST00000338728,DCBLD1
ENSG00000047932,ENST00000368498,GOPC
ENSG00000153989,ENST00000368494,NUS1
ENSG00000196376,ENST00000360388,SLC35F1
ENSG00000111860,ENST00000368491,CEP85L
ENSG00000198523,ENST00000357525,PLN
ENSG00000111877,ENST00000619706,MCM9
ENSG00000111875,ENST00000229595,ASF1A
ENSG00000111879,ENST00000338891,FAM184A
ENSG00000111885,ENST00000368468,MAN1A1
ENSG00000146350,ENST00000398212,TBC1D32
ENSG00000152661,ENST00000282561,GJA1
ENSG00000025156,ENST00000368455,HSF2
ENSG00000111897,ENST00000339697,SERINC1
ENSG00000135549,ENST00000368452,PKIB
ENSG00000164434,ENST00000368444,FABP7
ENSG00000172594,ENST00000368440,SMPDL3A
ENSG00000146352,ENST00000275162,CLVS2
ENSG00000186439,ENST00000334268,TRDN
ENSG00000188580,ENST00000368417,NKAIN2
ENSG00000146373,ENST00000521654,RNF217
ENSG00000111907,ENST00000534000,TPD52L1
ENSG00000111906,ENST00000398153,HDDC2
ENSG00000135547,ENST00000368364,HEY2
ENSG00000111912,ENST00000392477,NCOA7
ENSG00000111911,ENST00000229633,HINT3
ENSG00000066651,ENST00000334379,TRMT11
ENSG00000203760,ENST00000368328,CENPW
ENSG00000146374,ENST00000356698,RSPO3
ENSG00000118518,ENST00000368314,RNF146
ENSG00000093144,ENST00000454859,ECHDC1
ENSG00000189367,ENST00000483725,KIAA0408
ENSG00000214338,ENST00000525778,MTCL3
ENSG00000184530,ENST00000329722,C6orf58
ENSG00000172673,ENST00000368248,THEMIS
ENSG00000152894,ENST00000368226,PTPRK
ENSG00000196569,ENST00000421865,LAMA2
ENSG00000146376,ENST00000368149,ARHGAP18
ENSG00000203756,ENST00000368143,TMEM244
ENSG00000198945,ENST00000361794,L3MBTL3
ENSG00000164483,ENST00000439090,SAMD3
ENSG00000164484,ENST00000296978,TMEM200A
ENSG00000256162,ENST00000541421,SMLR1
ENSG00000079819,ENST00000337057,EPB41L2
ENSG00000118507,ENST00000431975,AKAP7
ENSG00000118520,ENST00000368087,ARG1
ENSG00000112282,ENST00000368068,MED23
ENSG00000154269,ENST00000357639,ENPP3
ENSG00000180658,ENST00000315453,OR2A4
ENSG00000236761,ENST00000314099,CTAGE9
ENSG00000197594,ENST00000647893,ENPP1
ENSG00000118523,ENST00000367976,CCN2
ENSG00000079931,ENST00000367963,MOXD1
ENSG00000079950,ENST00000367941,STX7
ENSG00000237110,ENST00000434551,TAAR9
ENSG00000146385,ENST00000275200,TAAR8
ENSG00000146383,ENST00000275198,TAAR6
ENSG00000135569,ENST00000258034,TAAR5
ENSG00000146378,ENST00000367931,TAAR2
ENSG00000146399,ENST00000275216,TAAR1
ENSG00000112299,ENST00000367928,VNN1
ENSG00000112303,ENST00000326499,VNN2
ENSG00000146409,ENST00000275227,SLC18B1
ENSG00000112306,ENST00000230050,RPS12
ENSG00000112319,ENST00000355286,EYA4
ENSG00000118526,ENST00000367882,TCF21
ENSG00000028839,ENST00000237264,TBPL1
ENSG00000288529,ENST00000674115,ENSG00000288529
ENSG00000146411,ENST00000275230,SLC2A12
ENSG00000118515,ENST00000367858,SGK1
ENSG00000118514,ENST00000265605,ALDH8A1
ENSG00000112339,ENST00000367837,HBS1L
ENSG00000118513,ENST00000341911,MYB
ENSG00000135541,ENST00000265602,AHI1
ENSG00000171408,ENST00000308191,PDE7B
ENSG00000146410,ENST00000420702,MTFR2
ENSG00000029363,ENST00000531224,BCLAF1
ENSG00000135525,ENST00000354570,MAP7
ENSG00000197442,ENST00000359015,MAP3K5
ENSG00000112357,ENST00000318471,PEX7
ENSG00000182747,ENST00000331858,SLC35D3
ENSG00000016402,ENST00000316649,IL20RA
ENSG00000164485,ENST00000296980,IL22RA2
ENSG00000027697,ENST00000367739,IFNGR1
ENSG00000177468,ENST00000367734,OLIG3
ENSG00000118503,ENST00000612899,TNFAIP3
ENSG00000112378,ENST00000421351,PERP
ENSG00000112379,ENST00000251691,ARFGEF3
ENSG00000254440,ENST00000527246,PBOV1
ENSG00000262543,ENST00000573100,SMIM28
ENSG00000051620,ENST00000607197,HEBP2
ENSG00000135540,ENST00000343505,NHSL1
ENSG00000024862,ENST00000617445,CCDC28A
ENSG00000203734,ENST00000541398,ECT2L
ENSG00000135597,ENST00000450536,REPS1
ENSG00000146386,ENST00000367660,ABRACL
ENSG00000112406,ENST00000367658,HECA
ENSG00000164440,ENST00000358430,TXLNB
ENSG00000164442,ENST00000367651,CITED2
ENSG00000135577,ENST00000258042,NMBR
ENSG00000203733,ENST00000450456,GJE1
ENSG00000009844,ENST00000367630,VTA1
ENSG00000112414,ENST00000367609,ADGRG6
ENSG00000010818,ENST00000367603,HIVEP2
ENSG00000146416,ENST00000357847,AIG1
ENSG00000189007,ENST00000237283,ADAT2
ENSG00000034693,ENST00000367591,PEX3
ENSG00000001036,ENST00000002165,FUCA2
ENSG00000112419,ENST00000440869,PHACTR2
ENSG00000135521,ENST00000367576,LTV1
ENSG00000118491,ENST00000237275,ZC2HC1B
ENSG00000118495,ENST00000674357,PLAGL1
ENSG00000169976,ENST00000367569,SF3B5
ENSG00000135604,ENST00000367568,STX11
ENSG00000152818,ENST00000367545,UTRN
ENSG00000112425,ENST00000367519,EPM2A
ENSG00000118496,ENST00000237281,FBXO30
ENSG00000146414,ENST00000275233,SHPRH
ENSG00000152822,ENST00000282753,GRM1
ENSG00000118508,ENST00000367495,RAB32
ENSG00000118492,ENST00000397944,ADGB
ENSG00000164506,ENST00000321680,STXBP5
ENSG00000203727,ENST00000367474,SAMD5
ENSG00000111961,ENST00000367467,SASH1
ENSG00000111962,ENST00000367463,UST
ENSG00000055208,ENST00000637181,TAB2
ENSG00000177688,ENST00000326669,SUMO4
ENSG00000178199,ENST00000409806,ZC3H12D
ENSG00000131013,ENST00000253329,PPIL4
ENSG00000055211,ENST00000367419,GINM1
ENSG00000186625,ENST00000367411,KATNA1
ENSG00000131023,ENST00000543571,LATS1
ENSG00000120253,ENST00000340413,NUP43
ENSG00000120265,ENST00000464889,PCMT1
ENSG00000120256,ENST00000239367,LRP11
ENSG00000164520,ENST00000357183,RAET1E
ENSG00000203722,ENST00000367360,RAET1G
ENSG00000131015,ENST00000367351,ULBP2
ENSG00000111981,ENST00000229708,ULBP1
ENSG00000155918,ENST00000367341,RAET1L
ENSG00000131019,ENST00000367339,ULBP3
ENSG00000198729,ENST00000361131,PPP1R14C
ENSG00000009765,ENST00000344419,IYD
ENSG00000120278,ENST00000696526,PLEKHG1
ENSG00000120254,ENST00000367321,MTHFD1L
ENSG00000131016,ENST00000402676,AKAP12
ENSG00000181472,ENST00000325144,ZBTB2
ENSG00000155906,ENST00000444024,RMND1
ENSG00000146476,ENST00000367294,ARMT1
ENSG00000120262,ENST00000239374,CCDC170
ENSG00000091831,ENST00000206249,ESR1
ENSG00000131018,ENST00000367255,SYNE1
ENSG00000120279,ENST00000367245,MYCT1
ENSG00000146469,ENST00000367244,VIP
ENSG00000112029,ENST00000229758,FBXO5
ENSG00000112031,ENST00000367233,MTRF1L
ENSG00000091844,ENST00000206262,RGS17
ENSG00000112038,ENST00000330432,OPRM1
ENSG00000074706,ENST00000367220,IPCEF1
ENSG00000153721,ENST00000607772,CNKSR3
ENSG00000213079,ENST00000367178,SCAF8
ENSG00000146426,ENST00000682666,TIAM2
ENSG00000029639,ENST00000367166,TFB1M
ENSG00000171217,ENST00000367165,CLDN20
ENSG00000074771,ENST00000159060,NOX3
ENSG00000049618,ENST00000636930,ARID1B
ENSG00000215712,ENST00000400788,TMEM242
ENSG00000175048,ENST00000359775,ZDHHC14
ENSG00000130340,ENST00000392185,SNX9
ENSG00000078269,ENST00000355585,SYNJ2
ENSG00000122335,ENST00000647468,SERAC1
ENSG00000272047,ENST00000607778,GTF2H5
ENSG00000130338,ENST00000367097,TULP4
ENSG00000146433,ENST00000684151,TMEM181
ENSG00000146425,ENST00000367089,DYNLT1
ENSG00000164674,ENST00000611299,SYTL3
ENSG00000092820,ENST00000367075,EZR
ENSG00000130363,ENST00000367069,RSPH3
ENSG00000164691,ENST00000367066,TAGAP
ENSG00000164694,ENST00000297267,FNDC1
ENSG00000291237,ENST00000538183,SOD2
ENSG00000146457,ENST00000621533,WTAP
ENSG00000120437,ENST00000367048,ACAT2
ENSG00000120438,ENST00000321394,TCP1
ENSG00000112110,ENST00000367034,MRPL18
ENSG00000146453,ENST00000392167,PNLDC1
ENSG00000130368,ENST00000674077,MAS1
ENSG00000197081,ENST00000356956,IGF2R
ENSG00000175003,ENST00000366963,SLC22A1
ENSG00000112499,ENST00000366953,SLC22A2
ENSG00000146477,ENST00000275300,SLC22A3
ENSG00000198670,ENST00000316300,LPA
ENSG00000122194,ENST00000308192,PLG
ENSG00000085511,ENST00000392142,MAP3K4
ENSG00000026652,ENST00000320285,AGPAT4
ENSG00000185345,ENST00000366898,PRKN
ENSG00000112530,ENST00000366888,PACRG
ENSG00000112531,ENST00000361752,QKI
ENSG00000112539,ENST00000230301,C6orf118
ENSG00000112541,ENST00000539869,PDE10A
ENSG00000164458,ENST00000366876,TBXT
ENSG00000176381,ENST00000322583,PRR18
ENSG00000198818,ENST00000361731,SFT2D1
ENSG00000060762,ENST00000360961,MPC1
ENSG00000071242,ENST00000265678,RPS6KA2
ENSG00000235272,ENST00000444122,RAMACL
ENSG00000026297,ENST00000508775,RNASET2
ENSG00000213066,ENST00000366847,CEP43
ENSG00000112486,ENST00000341935,CCR6
ENSG00000120436,ENST00000366834,GPR31
ENSG00000112494,ENST00000230256,UNC93A
ENSG00000120440,ENST00000239587,TTLL2
ENSG00000130396,ENST00000683244,AFDN
ENSG00000125337,ENST00000643607,KIF25
ENSG00000153303,ENST00000283309,FRMD1
ENSG00000164488,ENST00000366795,DACT2
ENSG00000112562,ENST00000356284,SMOC2
ENSG00000186340,ENST00000617924,THBS2
ENSG00000184465,ENST00000448612,WDR27
ENSG00000185127,ENST00000332290,C6orf120
ENSG00000130024,ENST00000339209,PHF10
ENSG00000184786,ENST00000366774,DYNLT2
ENSG00000130023,ENST00000366773,ERMARD
ENSG00000198719,ENST00000366756,DLL1
ENSG00000112584,ENST00000476287,FAM120B
ENSG00000008018,ENST00000262193,PSMB1
ENSG00000112592,ENST00000392092,TBP
ENSG00000071994,ENST00000541970,PDCD2
ENSG00000177706,ENST00000313766,FAM20C
ENSG00000248767,ENST00000506382,FOXL3
ENSG00000197461,ENST00000402802,PDGFA
ENSG00000188191,ENST00000537384,PRKAR1B
ENSG00000164818,ENST00000297440,DNAAF5
ENSG00000164828,ENST00000401592,SUN1
ENSG00000239857,ENST00000265857,GET4
ENSG00000105963,ENST00000265846,ADAP1
ENSG00000240230,ENST00000344111,COX19
ENSG00000073067,ENST00000308919,CYP2W1
ENSG00000146540,ENST00000397098,CHLSN
ENSG00000164849,ENST00000444847,GPR146
ENSG00000164850,ENST00000397088,GPER1
ENSG00000178381,ENST00000316495,ZFAND2A
ENSG00000164853,ENST00000316333,UNCX
ENSG00000164877,ENST00000297508,MICALL2
ENSG00000164880,ENST00000404767,INTS1
ENSG00000198517,ENST00000343242,MAFK
ENSG00000164855,ENST00000297477,TMEM184A
ENSG00000157778,ENST00000288607,PSMG3
ENSG00000225968,ENST00000424383,ELFN1
ENSG00000002822,ENST00000265854,MAD1L1
ENSG00000122687,ENST00000242257,MRM2
ENSG00000106268,ENST00000356714,NUDT1
ENSG00000106266,ENST00000222990,SNX8
ENSG00000106263,ENST00000360876,EIF3B
ENSG00000136213,ENST00000618655,CHST12
ENSG00000275572,ENST00000614228,GRIFIN
ENSG00000106003,ENST00000222725,LFNG
ENSG00000106009,ENST00000340611,BRAT1
ENSG00000106012,ENST00000402050,IQCE
ENSG00000136295,ENST00000258796,TTYH3
ENSG00000174945,ENST00000683327,AMZ1
ENSG00000146535,ENST00000275364,GNA12
ENSG00000198286,ENST00000396946,CARD11
ENSG00000146555,ENST00000404826,SDK1
ENSG00000164916,ENST00000328914,FOXK1
ENSG00000242802,ENST00000649063,AP5Z1
ENSG00000157927,ENST00000399583,RADIL
ENSG00000218823,ENST00000404991,PAPOLB
ENSG00000136297,ENST00000401401,MMD2
ENSG00000146587,ENST00000396912,RBAK
ENSG00000157954,ENST00000288828,WIPI2
ENSG00000164638,ENST00000396872,SLC29A4
ENSG00000182095,ENST00000430969,TNRC18
ENSG00000155034,ENST00000382368,FBXL18
ENSG00000075624,ENST00000646664,ACTB
ENSG00000075618,ENST00000382361,FSCN1
ENSG00000011275,ENST00000389902,RNF216
ENSG00000122543,ENST00000242104,OCM
ENSG00000122674,ENST00000325974,CCZ1
ENSG00000155026,ENST00000404406,RSPH10B
ENSG00000122512,ENST00000265849,PMS2
ENSG00000106305,ENST00000223029,AIMP2
ENSG00000086232,ENST00000199389,EIF2AK1
ENSG00000157999,ENST00000409061,ANKRD61
ENSG00000106346,ENST00000306177,USP42
ENSG00000008256,ENST00000350796,CYTH3
ENSG00000286075,ENST00000578372,SMIM10L3
ENSG00000178397,ENST00000313324,FAM220A
ENSG00000136238,ENST00000348035,RAC1
ENSG00000164535,ENST00000297056,DAGLB
ENSG00000136240,ENST00000258739,KDELR2
ENSG00000215045,ENST00000457091,GRID2IP
ENSG00000136247,ENST00000335965,ZDHHC4
ENSG00000146576,ENST00000344417,INTS15
ENSG00000236609,ENST00000457543,ZNF853
ENSG00000205903,ENST00000382252,ZNF316
ENSG00000164631,ENST00000405858,ZNF12
ENSG00000169402,ENST00000404077,RSPH10B2
ENSG00000146574,ENST00000316731,CCZ1B
ENSG00000106392,ENST00000436587,C1GALT1
ENSG00000215018,ENST00000399429,COL28A1
ENSG00000164654,ENST00000340080,MIOS
ENSG00000106399,ENST00000223129,RPA3
ENSG00000219545,ENST00000682710,UMAD1
ENSG00000106415,ENST00000223145,GLCCI1
ENSG00000003147,ENST00000402384,ICA1
ENSG00000122584,ENST00000405863,NXPH1
ENSG00000189043,ENST00000339600,NDUFA4
ENSG00000106443,ENST00000634607,PHF14
ENSG00000005108,ENST00000423059,THSD7A
ENSG00000106460,ENST00000396668,TMEM106B
ENSG00000146530,ENST00000275358,VWDE
ENSG00000226690,ENST00000636804,C7orf78
ENSG00000006747,ENST00000297029,SCIN
ENSG00000122644,ENST00000651779,ARL4A
ENSG00000006468,ENST00000430479,ETV1
ENSG00000136267,ENST00000402815,DGKB
ENSG00000187546,ENST00000342526,AGMO
ENSG00000106511,ENST00000262041,MEOX2
ENSG00000214960,ENST00000407010,CRPPA
ENSG00000171243,ENST00000307068,SOSTDC1
ENSG00000205858,ENST00000401542,LRRC72
ENSG00000106524,ENST00000306999,ANKMY2
ENSG00000136261,ENST00000258761,BZW2
ENSG00000106537,ENST00000262067,TSPAN13
ENSG00000106541,ENST00000419304,AGR2
ENSG00000173467,ENST00000310398,AGR3
ENSG00000106546,ENST00000242057,AHR
ENSG00000071189,ENST00000428135,SNX13
ENSG00000229937,ENST00000506618,PRPS1L1
ENSG00000048052,ENST00000686413,HDAC9
ENSG00000122691,ENST00000242261,TWIST1
ENSG00000146618,ENST00000275461,FERD3L
ENSG00000105849,ENST00000222567,POLR1F
ENSG00000173452,ENST00000405844,TMEM196
ENSG00000183742,ENST00000400331,MACC1
ENSG00000105855,ENST00000222573,ITGB8
ENSG00000004846,ENST00000404938,ABCB5
ENSG00000164651,ENST00000418710,SP8
ENSG00000105866,ENST00000222584,SP4
ENSG00000105877,ENST00000409508,DNAH11
ENSG00000164649,ENST00000406877,CDCA7L
ENSG00000136237,ENST00000665637,RAPGEF5
ENSG00000105889,ENST00000678116,STEAP1B
ENSG00000136244,ENST00000258743,IL6
ENSG00000196683,ENST00000358435,TOMM7
ENSG00000122591,ENST00000432176,HYCC1
ENSG00000122550,ENST00000339077,KLHL7
ENSG00000136243,ENST00000258742,NUP42
ENSG00000136235,ENST00000258733,GPNMB
ENSG00000156928,ENST00000466681,MALSU1
ENSG00000136231,ENST00000258729,IGF2BP3
ENSG00000164548,ENST00000297071,TRA2A
ENSG00000169193,ENST00000307471,CCDC126
ENSG00000188732,ENST00000344962,FAM221A
ENSG00000196335,ENST00000355870,STK31
ENSG00000122585,ENST00000242152,NPY
ENSG00000105926,ENST00000222644,PALS2
ENSG00000105928,ENST00000645220,GSDME
ENSG00000070882,ENST00000313367,OSBPL3
ENSG00000172115,ENST00000305786,CYCS
ENSG00000153790,ENST00000283905,SPMIP4
ENSG00000105954,ENST00000222674,NPVF
ENSG00000050344,ENST00000056233,NFE2L3
ENSG00000122566,ENST00000618183,HNRNPA2B1
ENSG00000122565,ENST00000396386,CBX3
ENSG00000086300,ENST00000338523,SNX10
ENSG00000005020,ENST00000345317,SKAP2
ENSG00000105991,ENST00000643460,HOXA1
ENSG00000105996,ENST00000222718,HOXA2
ENSG00000105997,ENST00000612286,HOXA3
ENSG00000197576,ENST00000360046,HOXA4
ENSG00000106004,ENST00000222726,HOXA5
ENSG00000106006,ENST00000222728,HOXA6
ENSG00000122592,ENST00000242159,HOXA7
ENSG00000078399,ENST00000343483,HOXA9
ENSG00000253293,ENST00000283921,HOXA10
ENSG00000005073,ENST00000006015,HOXA11
ENSG00000106031,ENST00000649031,HOXA13
ENSG00000106038,ENST00000496902,EVX1
ENSG00000106049,ENST00000265395,HIBADH
ENSG00000106052,ENST00000396319,TAX1BP1
ENSG00000153814,ENST00000283928,JAZF1
ENSG00000146592,ENST00000357727,CREB5
ENSG00000255690,ENST00000539664,TRIL
ENSG00000106066,ENST00000265394,CPVL
ENSG00000106069,ENST00000222792,CHN2
ENSG00000176532,ENST00000319694,PRR15
ENSG00000122574,ENST00000242140,WIPF3
ENSG00000136193,ENST00000242059,SCRN1
ENSG00000106080,ENST00000222803,FKBP14
ENSG00000106086,ENST00000449726,PLEKHA8
ENSG00000180354,ENST00000324453,MTURN
ENSG00000180233,ENST00000323037,ZNRF2
ENSG00000106100,ENST00000222823,NOD1
ENSG00000006625,ENST00000275428,GGCT
ENSG00000106105,ENST00000389266,GARS1
ENSG00000106113,ENST00000471646,CRHR2
ENSG00000241644,ENST00000013222,INMT
ENSG00000106125,ENST00000265299,MINDY4
ENSG00000240583,ENST00000311813,AQP1
ENSG00000106128,ENST00000326139,GHRHR
ENSG00000078549,ENST00000304166,ADCYAP1R1
ENSG00000164600,ENST00000297142,NEUROD6
ENSG00000180347,ENST00000615280,ITPRID1
ENSG00000106341,ENST00000342032,PPP1R17
ENSG00000154678,ENST00000396191,PDE1C
ENSG00000106355,ENST00000450169,LSM5
ENSG00000105778,ENST00000318709,AVL9
ENSG00000170852,ENST00000304056,KBTBD2
ENSG00000122642,ENST00000242209,FKBP9
ENSG00000122643,ENST00000610140,NT5C3A
ENSG00000164610,ENST00000297157,RP9
ENSG00000122507,ENST00000242067,BBS9
ENSG00000164619,ENST00000649409,BMPER
ENSG00000187258,ENST00000360581,NPSR1
ENSG00000173852,ENST00000638088,DPY19L1
ENSG00000164532,ENST00000408931,TBX20
ENSG00000122557,ENST00000311350,HERPUD2
ENSG00000122545,ENST00000350320,SEPTIN7
ENSG00000122547,ENST00000242108,EEPD1
ENSG00000164542,ENST00000440378,MATCAP2
ENSG00000011426,ENST00000265748,ANLN
ENSG00000136250,ENST00000617537,AOAH
ENSG00000155849,ENST00000310758,ELMO1
ENSG00000187037,ENST00000334425,GPR141
ENSG00000086288,ENST00000199447,NME8
ENSG00000106483,ENST00000436072,SFRP4
ENSG00000086289,ENST00000199448,EPDR1
ENSG00000010270,ENST00000009041,STARD3NL
ENSG00000289746,ENST00000698248,TARP
ENSG00000078053,ENST00000356264,AMPH
ENSG00000006715,ENST00000310301,VPS41
ENSG00000106536,ENST00000518318,POU6F2
ENSG00000241127,ENST00000223273,YAE1
ENSG00000006451,ENST00000005257,RALA
ENSG00000065883,ENST00000181839,CDK13
ENSG00000168303,ENST00000306984,MPLKIP
ENSG00000175600,ENST00000335693,SUGCT
ENSG00000122641,ENST00000242208,INHBA
ENSG00000106571,ENST00000395925,GLI3
ENSG00000136197,ENST00000350427,C7orf25
ENSG00000106588,ENST00000223321,PSMA2
ENSG00000106591,ENST00000223324,MRPL32
ENSG00000002746,ENST00000395891,HECW1
ENSG00000164543,ENST00000319357,STK17A
ENSG00000106603,ENST00000223336,COA1
ENSG00000106605,ENST00000265523,BLVRA
ENSG00000062582,ENST00000317534,MRPS24
ENSG00000106608,ENST00000453200,URGCP
ENSG00000078967,ENST00000222402,UBE2D4
ENSG00000136206,ENST00000693451,SPDYE1
ENSG00000136279,ENST00000448521,DBNL
ENSG00000164708,ENST00000297283,PGAM2
ENSG00000122678,ENST00000242248,POLM
ENSG00000106624,ENST00000223357,AEBP1
ENSG00000106628,ENST00000610533,POLD2
ENSG00000106631,ENST00000223364,MYL7
ENSG00000106633,ENST00000403799,GCK
ENSG00000106636,ENST00000223369,YKT6
ENSG00000058404,ENST00000395749,CAMK2B
ENSG00000015676,ENST00000355451,NUDCD3
ENSG00000015520,ENST00000381160,NPC1L1
ENSG00000136271,ENST00000258772,DDX56
ENSG00000158604,ENST00000457408,TMED4
ENSG00000105953,ENST00000222673,OGDH
ENSG00000122515,ENST00000309315,ZMIZ2
ENSG00000196262,ENST00000468812,PPIA
ENSG00000105968,ENST00000308153,H2AZ2
ENSG00000146676,ENST00000395699,PURB
ENSG00000136286,ENST00000258787,MYO1G
ENSG00000136280,ENST00000258781,CCM2
ENSG00000136274,ENST00000490531,NACAD
ENSG00000136270,ENST00000258770,TBRG4
ENSG00000122679,ENST00000242249,RAMP3
ENSG00000164742,ENST00000297323,ADCY1
ENSG00000283247,ENST00000636578,CCDC201
ENSG00000146678,ENST00000275525,IGFBP1
ENSG00000146674,ENST00000613132,IGFBP3
ENSG00000136205,ENST00000311160,TNS3
ENSG00000158683,ENST00000289672,PKD1L1
ENSG00000136273,ENST00000258774,HUS1
ENSG00000164744,ENST00000297325,SUN3
ENSG00000164746,ENST00000348904,C7orf57
ENSG00000183696,ENST00000395564,UPP1
ENSG00000179869,ENST00000435803,ABCA13
ENSG00000218305,ENST00000650262,CDC14C
ENSG00000188730,ENST00000340652,VWC2
ENSG00000042813,ENST00000046087,ZPBP
ENSG00000164500,ENST00000297001,SPMIP7
ENSG00000185811,ENST00000331340,IKZF1
ENSG00000132436,ENST00000433017,FIGNL1
ENSG00000132437,ENST00000444124,DDC
ENSG00000106070,ENST00000401949,GRB10
ENSG00000106078,ENST00000265136,COBL
ENSG00000221900,ENST00000408890,POM121L12
ENSG00000170419,ENST00000402613,VSTM2A
ENSG00000132432,ENST00000352861,SEC61G
ENSG00000146648,ENST00000275493,EGFR
ENSG00000132434,ENST00000254770,LANCL2
ENSG00000154978,ENST00000285279,VOPP1
ENSG00000154997,ENST00000388975,SEPTIN14
ENSG00000178665,ENST00000429591,ZNF713
ENSG00000239789,ENST00000285298,MRPS17
ENSG00000146729,ENST00000322090,NIPSNAP2
ENSG00000146733,ENST00000275605,PSPH
ENSG00000146731,ENST00000275603,CCT6A
ENSG00000129103,ENST00000434526,SUMF2
ENSG00000164776,ENST00000297373,PHKG1
ENSG00000106153,ENST00000395422,CHCHD2
ENSG00000185290,ENST00000329309,NUPR2
ENSG00000185177,ENST00000319636,ZNF479
ENSG00000182111,ENST00000420713,ZNF716
ENSG00000241149,ENST00000330020,ZNF722
ENSG00000214652,ENST00000456806,ZNF727
ENSG00000223614,ENST00000429565,ZNF735
ENSG00000197123,ENST00000421025,ZNF679
ENSG00000234444,ENST00000423484,ZNF736
ENSG00000173041,ENST00000309683,ZNF680
ENSG00000196247,ENST00000620827,ZNF107
ENSG00000197008,ENST00000307355,ZNF138
ENSG00000198039,ENST00000476120,ZNF273
ENSG00000152926,ENST00000282869,ZNF117
ENSG00000213462,ENST00000394323,ERV3-1
ENSG00000146757,ENST00000328747,ZNF92
ENSG00000196715,ENST00000360768,VKORC1L1
ENSG00000169919,ENST00000304895,GUSB
ENSG00000126522,ENST00000304874,ASL
ENSG00000241258,ENST00000395326,CRCP
ENSG00000169902,ENST00000304842,TPST1
ENSG00000243335,ENST00000639828,KCTD7
ENSG00000154710,ENST00000284957,RABGEF1
ENSG00000106609,ENST00000341567,TMEM248
ENSG00000126524,ENST00000246868,SBDS
ENSG00000198874,ENST00000359626,TYW1
ENSG00000230358,ENST00000424157,SPDYE21
ENSG00000158321,ENST00000342771,AUTS2
ENSG00000185274,ENST00000333538,GALNT17
ENSG00000183166,ENST00000395275,CALN1
ENSG00000277149,ENST00000620995,TYW1B
ENSG00000196313,ENST00000434423,POM121
ENSG00000155428,ENST00000285805,TRIM74
ENSG00000273520,ENST00000333385,SPDYE8
ENSG00000275976,ENST00000340073,SPDYE11
ENSG00000262461,ENST00000575125,SPDYE9
ENSG00000274570,ENST00000691996,SPDYE10
ENSG00000130305,ENST00000438747,NSUN5
ENSG00000146755,ENST00000333149,TRIM50
ENSG00000077800,ENST00000252037,FKBP6
ENSG00000188763,ENST00000344575,FZD9
ENSG00000009954,ENST00000339594,BAZ1B
ENSG00000106635,ENST00000223368,BCL7B
ENSG00000106638,ENST00000305632,TBL2
ENSG00000009950,ENST00000313375,MLXIPL
ENSG00000176428,ENST00000324941,VPS37D
ENSG00000176410,ENST00000395176,DNAJC30
ENSG00000071462,ENST00000265758,BUD23
ENSG00000106089,ENST00000222812,STX1A
ENSG00000106077,ENST00000222800,ABHD11
ENSG00000165215,ENST00000395145,CLDN3
ENSG00000189143,ENST00000340958,CLDN4
ENSG00000165171,ENST00000297873,METTL27
ENSG00000175877,ENST00000320531,TMEM270
ENSG00000049540,ENST00000252034,ELN
ENSG00000106683,ENST00000336180,LIMK1
ENSG00000106682,ENST00000265753,EIF4H
ENSG00000086730,ENST00000460943,LAT2
ENSG00000049541,ENST00000055077,RFC2
ENSG00000106665,ENST00000223398,CLIP2
ENSG00000006704,ENST00000424337,GTF2IRD1
ENSG00000263001,ENST00000573035,GTF2I
ENSG00000158517,ENST00000289473,NCF1
ENSG00000196275,ENST00000451013,GTF2IRD2
ENSG00000184616,ENST00000618416,SPDYE12
ENSG00000274070,ENST00000616305,CASTOR2
ENSG00000274523,ENST00000610322,RCC1L
ENSG00000174428,ENST00000472837,GTF2IRD2B
ENSG00000286038,ENST00000652175,SPDYE13
ENSG00000286137,ENST00000651045,SPDYE14
ENSG00000286014,ENST00000612377,SPDYE15
ENSG00000178809,ENST00000323819,TRIM73
ENSG00000272391,ENST00000615331,POM121C
ENSG00000170092,ENST00000625065,SPDYE5
ENSG00000127946,ENST00000336926,HIP1
ENSG00000006606,ENST00000005180,CCL26
ENSG00000106178,ENST00000222902,CCL24
ENSG00000005486,ENST00000006777,RHBDD2
ENSG00000127948,ENST00000461988,POR
ENSG00000189077,ENST00000493111,TMEM120A
ENSG00000127952,ENST00000359697,STYXL1
ENSG00000146701,ENST00000315758,MDH2
ENSG00000177679,ENST00000611745,SRRM3
ENSG00000106211,ENST00000248553,HSPB1
ENSG00000170027,ENST00000307630,YWHAG
ENSG00000146700,ENST00000275560,SSC4D
ENSG00000188372,ENST00000394857,ZP3
ENSG00000091073,ENST00000430490,DTX2
ENSG00000243566,ENST00000334348,UPK3B
ENSG00000185040,ENST00000633306,SPDYE16
ENSG00000146707,ENST00000310842,POMZP3
ENSG00000186645,ENST00000671986,SPDYE17
ENSG00000205482,ENST00000510091,SPDYE18
ENSG00000135205,ENST00000285871,CCDC146
ENSG00000127951,ENST00000248598,FGL2
ENSG00000186088,ENST00000257626,GSAP
ENSG00000127947,ENST00000248594,PTPN12
ENSG00000187257,ENST00000334955,RSBN1L
ENSG00000135211,ENST00000257663,TMEM60
ENSG00000006576,ENST00000422959,PHTF2
ENSG00000187391,ENST00000354212,MAGI2
ENSG00000127955,ENST00000649796,GNAI1
ENSG00000135218,ENST00000447544,CD36
ENSG00000214415,ENST00000398291,GNAT3
ENSG00000075223,ENST00000265361,SEMA3C
ENSG00000019991,ENST00000222390,HGF
ENSG00000153956,ENST00000356860,CACNA2D1
ENSG00000186472,ENST00000333891,PCLO
ENSG00000170381,ENST00000643230,SEMA3E
ENSG00000075213,ENST00000265362,SEMA3A
ENSG00000153993,ENST00000284136,SEMA3D
ENSG00000198822,ENST00000361669,GRM3
ENSG00000164659,ENST00000450689,ELAPOR2
ENSG00000135164,ENST00000331242,DMTF1
ENSG00000135185,ENST00000257637,TMEM243
ENSG00000005469,ENST00000331536,CROT
ENSG00000005471,ENST00000649586,ABCB4
ENSG00000085563,ENST00000622132,ABCB1
ENSG00000105784,ENST00000394654,RUNDC3B
ENSG00000075303,ENST00000341119,SLC25A40
ENSG00000006634,ENST00000265728,DBF4
ENSG00000008277,ENST00000413139,ADAM22
ENSG00000075142,ENST00000265729,SRI
ENSG00000127954,ENST00000380079,STEAP4
ENSG00000182348,ENST00000333190,ZNF804B
ENSG00000164645,ENST00000297203,TEX47
ENSG00000164647,ENST00000297205,STEAP1
ENSG00000157214,ENST00000394621,STEAP2
ENSG00000105792,ENST00000389297,CFAP69
ENSG00000283267,ENST00000692316,FAM237B
ENSG00000105793,ENST00000222511,GTPBP10
ENSG00000157224,ENST00000496677,CLDN12
ENSG00000058091,ENST00000380050,CDK14
ENSG00000251154,ENST00000509356,PTTG1IP2
ENSG00000157240,ENST00000287934,FZD1
ENSG00000127989,ENST00000351870,MTERF1
ENSG00000127914,ENST00000356239,AKAP9
ENSG00000001630,ENST00000003100,CYP51A1
ENSG00000240720,ENST00000458448,LRRD1
ENSG00000001631,ENST00000394505,KRIT1
ENSG00000001629,ENST00000265742,ANKIB1
ENSG00000157259,ENST00000287957,GATAD1
ENSG00000242950,ENST00000603053,ERVW-1
ENSG00000127980,ENST00000248633,PEX1
ENSG00000127993,ENST00000265732,RBM48
ENSG00000234545,ENST00000445716,FAM133B
ENSG00000105810,ENST00000424848,CDK6
ENSG00000205413,ENST00000379958,SAMD9
ENSG00000177409,ENST00000318238,SAMD9L
ENSG00000188175,ENST00000394468,HEPACAM2
ENSG00000004766,ENST00000305866,VPS50
ENSG00000004948,ENST00000426151,CALCR
ENSG00000127928,ENST00000248572,GNGT1
ENSG00000105825,ENST00000222543,TFPI2
ENSG00000127920,ENST00000248564,GNG11
ENSG00000105829,ENST00000222547,BET1
ENSG00000164692,ENST00000297268,COL1A2
ENSG00000127995,ENST00000297273,CASD1
ENSG00000127990,ENST00000648936,SGCE
ENSG00000158528,ENST00000433360,PPP1R9A
ENSG00000005421,ENST00000222381,PON1
ENSG00000105852,ENST00000265627,PON3
ENSG00000105854,ENST00000222572,PON2
ENSG00000005981,ENST00000325885,ASB4
ENSG00000004799,ENST00000005178,PDK4
ENSG00000158560,ENST00000447467,DYNC1I1
ENSG00000004864,ENST00000265631,SLC25A13
ENSG00000127922,ENST00000248566,SEM1
ENSG00000006377,ENST00000518156,DLX6
ENSG00000105880,ENST00000648378,DLX5
ENSG00000196636,ENST00000432641,SDHAF3
ENSG00000006128,ENST00000319273,TAC1
ENSG00000070669,ENST00000394308,ASNS
ENSG00000135175,ENST00000257627,OCM2
ENSG00000164715,ENST00000297293,LMTK2
ENSG00000180535,ENST00000609256,BHLHA15
ENSG00000205356,ENST00000447648,TECPR1
ENSG00000164713,ENST00000297290,BRI3
ENSG00000006453,ENST00000005260,BAIAP2L1
ENSG00000106236,ENST00000265634,NPTX2
ENSG00000166448,ENST00000339375,TMEM130
ENSG00000196367,ENST00000456197,TRRAP
ENSG00000198742,ENST00000361368,SMURF1
ENSG00000185467,ENST00000327442,KPNA7
ENSG00000241685,ENST00000262942,ARPC1A
ENSG00000130429,ENST00000646101,ARPC1B
ENSG00000106244,ENST00000350498,PDAP1
ENSG00000106245,ENST00000222969,BUD31
ENSG00000106246,ENST00000292478,PTCD1
ENSG00000160917,ENST00000292476,CPSF4
ENSG00000241468,ENST00000292475,ATP5MF
ENSG00000198556,ENST00000331410,ZNF789
ENSG00000160908,ENST00000337673,ZNF394
ENSG00000196652,ENST00000326775,ZKSCAN5
ENSG00000221909,ENST00000449309,FAM200A
ENSG00000197343,ENST00000252713,ZNF655
ENSG00000244219,ENST00000431679,TMEM225B
ENSG00000197037,ENST00000394152,ZSCAN25
ENSG00000106258,ENST00000222982,CYP3A5
ENSG00000160870,ENST00000336374,CYP3A7
ENSG00000160868,ENST00000651514,CYP3A4
ENSG00000021461,ENST00000354829,CYP3A43
ENSG00000244623,ENST00000316368,OR2AE1
ENSG00000146833,ENST00000349062,TRIM4
ENSG00000176402,ENST00000312891,GJC3
ENSG00000160862,ENST00000292401,AZGP1
ENSG00000106261,ENST00000324306,ZKSCAN1
ENSG00000166529,ENST00000292450,ZSCAN21
ENSG00000166526,ENST00000299667,ZNF3
ENSG00000168090,ENST00000303904,COPS6
ENSG00000166508,ENST00000303887,MCM7
ENSG00000221838,ENST00000359593,AP4M1
ENSG00000106290,ENST00000453269,TAF6
ENSG00000166997,ENST00000262932,CNPY4
ENSG00000214309,ENST00000398075,MBLAC1
ENSG00000188186,ENST00000341942,LAMTOR4
ENSG00000146826,ENST00000316937,TRAPPC14
ENSG00000197093,ENST00000360039,GAL3ST4
ENSG00000213420,ENST00000292377,GPC2
ENSG00000066923,ENST00000615138,STAG3
ENSG00000213413,ENST00000699088,PVRIG
ENSG00000214300,ENST00000332397,SPDYE3
ENSG00000121716,ENST00000609309,PILRB
ENSG00000085514,ENST00000198536,PILRA
ENSG00000078487,ENST00000684423,ZCWPW1
ENSG00000146834,ENST00000310512,MEPCE
ENSG00000160813,ENST00000292330,PPP1R35
ENSG00000185955,ENST00000332375,SPACDR
ENSG00000166925,ENST00000300181,TSC22D4
ENSG00000166924,ENST00000300179,NYAP1
ENSG00000106351,ENST00000300176,AGFG2
ENSG00000205307,ENST00000622764,SAP25
ENSG00000077454,ENST00000310300,LRCH4
ENSG00000106336,ENST00000241071,FBXO24
ENSG00000106333,ENST00000223061,PCOLCE
ENSG00000106330,ENST00000393950,MOSPD3
ENSG00000106327,ENST00000223051,TFR2
ENSG00000077080,ENST00000160382,ACTL6B
ENSG00000172354,ENST00000303210,GNB2
ENSG00000146830,ENST00000678049,GIGYF1
ENSG00000172336,ENST00000303151,POP7
ENSG00000130427,ENST00000252723,EPO
ENSG00000146839,ENST00000613979,ZAN
ENSG00000196411,ENST00000358173,EPHB4
ENSG00000146828,ENST00000354161,SLC12A9
ENSG00000087077,ENST00000200457,TRIP6
ENSG00000087087,ENST00000611405,SRRT
ENSG00000176125,ENST00000672365,UFSP1
ENSG00000087085,ENST00000241069,ACHE
ENSG00000169894,ENST00000379458,MUC3A
ENSG00000205277,ENST00000536621,MUC12
ENSG00000169876,ENST00000306151,MUC17
ENSG00000169871,ENST00000306085,TRIM56
ENSG00000106366,ENST00000223095,SERPINE1
ENSG00000106367,ENST00000337619,AP1S1
ENSG00000128564,ENST00000249330,VGF
ENSG00000167011,ENST00000300303,NAT16
ENSG00000106384,ENST00000223114,MOGAT3
ENSG00000106397,ENST00000223127,PLOD3
ENSG00000106400,ENST00000305105,ZNHIT1
ENSG00000106404,ENST00000308344,CLDN15
ENSG00000214253,ENST00000223136,FIS1
ENSG00000128581,ENST00000315322,IFT22
ENSG00000160963,ENST00000313669,COL26A1
ENSG00000106436,ENST00000223167,MYL10
ENSG00000257923,ENST00000292535,CUX1
ENSG00000160999,ENST00000444095,SH2B2
ENSG00000260097,ENST00000563237,SPDYE6
ENSG00000128563,ENST00000397912,PRKRIP1
ENSG00000160991,ENST00000495936,ORAI2
ENSG00000160993,ENST00000292566,ALKBH4
ENSG00000161036,ENST00000292616,LRWD1
ENSG00000005075,ENST00000292614,POLR2J
ENSG00000170667,ENST00000465829,RASA4B
ENSG00000284981,ENST00000644544,UPK3BL2
ENSG00000205238,ENST00000691607,SPDYE2
ENSG00000285437,ENST00000621093,POLR2J3
ENSG00000105808,ENST00000262940,RASA4
ENSG00000267368,ENST00000340457,UPK3BL1
ENSG00000173678,ENST00000507450,SPDYE2B
ENSG00000228049,ENST00000333432,POLR2J2
ENSG00000222011,ENST00000413034,FAM185A
ENSG00000161040,ENST00000440067,FBXL13
ENSG00000128606,ENST00000339431,LRRC17
ENSG00000170632,ENST00000323716,ARMC10
ENSG00000161048,ENST00000465647,NAPEPLD
ENSG00000105819,ENST00000249269,PMPCB
ENSG00000105821,ENST00000379263,DNAJC2
ENSG00000161057,ENST00000292644,PSMC2
ENSG00000170615,ENST00000306312,SLC26A5
ENSG00000189056,ENST00000428762,RELN
ENSG00000164815,ENST00000297431,ORC5
ENSG00000187416,ENST00000424859,LHFPL3
ENSG00000005483,ENST00000311117,KMT2E
ENSG00000135250,ENST00000393651,SRPK2
ENSG00000091127,ENST00000469408,PUS7
ENSG00000135249,ENST00000257700,RINT1
ENSG00000185055,ENST00000480514,EFCAB10
ENSG00000146776,ENST00000419735,ATXN7L1
ENSG00000128536,ENST00000317716,CDHR3
ENSG00000008282,ENST00000455385,SYPL1
ENSG00000105835,ENST00000222553,NAMPT
ENSG00000253276,ENST00000523505,CCDC71L
ENSG00000105851,ENST00000496166,PIK3CG
ENSG00000005249,ENST00000265717,PRKAR2B
ENSG00000105856,ENST00000222574,HBP1
ENSG00000164597,ENST00000297135,COG5
ENSG00000172209,ENST00000304402,GPR22
ENSG00000105865,ENST00000265720,DUS4L
ENSG00000075790,ENST00000005259,BCAP29
ENSG00000091137,ENST00000644269,SLC26A4
ENSG00000105879,ENST00000440859,CBLL1
ENSG00000091138,ENST00000340010,SLC26A3
ENSG00000091140,ENST00000205402,DLD
ENSG00000091136,ENST00000222399,LAMB1
ENSG00000091128,ENST00000388781,LAMB4
ENSG00000091129,ENST00000379028,NRCAM
ENSG00000135241,ENST00000257694,PNPLA8
ENSG00000177683,ENST00000415914,THAP5
ENSG00000128590,ENST00000249356,DNAJB9
ENSG00000184903,ENST00000405709,IMMP2L
ENSG00000173114,ENST00000308478,LRRN3
ENSG00000128512,ENST00000428084,DOCK4
ENSG00000198839,ENST00000361822,ZNF277
ENSG00000006652,ENST00000403825,IFRD1
ENSG00000288634,ENST00000675268,ENSG00000288634
ENSG00000181016,ENST00000312849,LSMEM1
ENSG00000146802,ENST00000312814,TMEM168
ENSG00000164603,ENST00000297145,SAMTOR
ENSG00000164604,ENST00000424100,GPR85
ENSG00000214194,ENST00000397764,SMIM30
ENSG00000154415,ENST00000284601,PPP1R3A
ENSG00000128573,ENST00000350908,FOXP2
ENSG00000135272,ENST00000393486,MDFIC
ENSG00000105967,ENST00000265440,TFEC
ENSG00000135269,ENST00000358204,TES
ENSG00000105971,ENST00000222693,CAV2
ENSG00000105974,ENST00000341049,CAV1
ENSG00000105976,ENST00000397752,MET
ENSG00000198898,ENST00000361183,CAPZA2
ENSG00000004866,ENST00000323984,ST7
ENSG00000105989,ENST00000265441,WNT2
ENSG00000001626,ENST00000003084,CFTR
ENSG00000154438,ENST00000284629,ASZ1
ENSG00000077063,ENST00000160373,CTTNBP2
ENSG00000128534,ENST00000249299,LSM8
ENSG00000106013,ENST00000265224,ANKRD7
ENSG00000184408,ENST00000331113,KCND2
ENSG00000106025,ENST00000222747,TSPAN12
ENSG00000071243,ENST00000315870,ING3
ENSG00000106034,ENST00000310396,CPED1
ENSG00000002745,ENST00000222462,WNT16
ENSG00000196937,ENST00000359943,FAM3C
ENSG00000106278,ENST00000393386,PTPRZ1
ENSG00000008311,ENST00000417368,AASS
ENSG00000128610,ENST00000442488,FEZF1
ENSG00000081803,ENST00000449022,CADPS2
ENSG00000188050,ENST00000340112,RNF133
ENSG00000235631,ENST00000434824,RNF148
ENSG00000128519,ENST00000249284,TAS2R16
ENSG00000081800,ENST00000194130,SLC13A1
ENSG00000164675,ENST00000324698,IQUB
ENSG00000128609,ENST00000355749,NDUFA5
ENSG00000146809,ENST00000451215,ASB15
ENSG00000170807,ENST00000458573,LMOD2
ENSG00000106299,ENST00000223023,WASL
ENSG00000106302,ENST00000223026,HYAL4
ENSG00000106304,ENST00000682466,SPAM1
ENSG00000234224,ENST00000455783,TMEM229A
ENSG00000230268,ENST00000473520,SSU72L6
ENSG00000170775,ENST00000303921,GPR37
ENSG00000128513,ENST00000357628,POT1
ENSG00000179603,ENST00000339582,GRM8
ENSG00000048405,ENST00000265827,ZNF800
ENSG00000179562,ENST00000321407,GCC1
ENSG00000004059,ENST00000000233,ARF5
ENSG00000106328,ENST00000265825,FSCN3
ENSG00000106331,ENST00000639438,PAX4
ENSG00000197157,ENST00000354725,SND1
ENSG00000128594,ENST00000249363,LRRC4
ENSG00000174697,ENST00000308868,LEP
ENSG00000106344,ENST00000223073,RBM28
ENSG00000224940,ENST00000446477,PRRT4
ENSG00000106348,ENST00000338791,IMPDH1
ENSG00000135245,ENST00000257696,HILPDA
ENSG00000165055,ENST00000262432,METTL2B
ENSG00000205085,ENST00000682356,GARIN1A
ENSG00000135248,ENST00000621392,GARIN1B
ENSG00000128595,ENST00000249364,CALU
ENSG00000128617,ENST00000249389,OPN1SW
ENSG00000128596,ENST00000297788,CCDC136
ENSG00000128591,ENST00000325888,FLNC
ENSG00000135253,ENST00000610776,KCP
ENSG00000128524,ENST00000249289,ATP6V1F
ENSG00000272899,ENST00000609480,SPMIP1
ENSG00000128604,ENST00000357234,IRF5
ENSG00000064419,ENST00000265388,TNPO3
ENSG00000158457,ENST00000486685,TSPAN33
ENSG00000128602,ENST00000249373,SMO
ENSG00000158467,ENST00000325006,AHCYL2
ENSG00000128578,ENST00000249344,STRIP2
ENSG00000240204,ENST00000462322,SMKR1
ENSG00000106459,ENST00000393232,NRF1
ENSG00000186591,ENST00000355621,UBE2H
ENSG00000091732,ENST00000358303,ZC3HC1
ENSG00000128607,ENST00000335420,KLHDC10
ENSG00000146842,ENST00000397622,TMEM209
ENSG00000165120,ENST00000297819,SSMEM1
ENSG00000158516,ENST00000222481,CPA2
ENSG00000128510,ENST00000222482,CPA4
ENSG00000158525,ENST00000474905,CPA5
ENSG00000091704,ENST00000011292,CPA1
ENSG00000106477,ENST00000223208,CEP41
ENSG00000106484,ENST00000223215,MEST
ENSG00000158623,ENST00000425248,COPG2
ENSG00000213265,ENST00000356588,TSGA13
ENSG00000266265,ENST00000583337,KLF14
ENSG00000128585,ENST00000352689,MKLN1
ENSG00000128567,ENST00000378555,PODXL
ENSG00000221866,ENST00000321063,PLXNA4
ENSG00000106554,ENST00000262570,CHCHD3
ENSG00000131558,ENST00000253861,EXOC4
ENSG00000155530,ENST00000285928,LRGUK
ENSG00000205060,ENST00000378509,SLC35B4
ENSG00000085662,ENST00000285930,AKR1B1
ENSG00000198074,ENST00000359579,AKR1B10
ENSG00000227471,ENST00000457545,AKR1B15
ENSG00000172331,ENST00000344924,BPGM
ENSG00000122786,ENST00000361675,CALD1
ENSG00000146856,ENST00000436302,AGBL3
ENSG00000122783,ENST00000393114,CYREN
ENSG00000146859,ENST00000275767,TMEM140
ENSG00000105875,ENST00000354475,WDR91
ENSG00000146857,ENST00000662584,STRA8
ENSG00000080802,ENST00000541284,CNOT4
ENSG00000155561,ENST00000285968,NUP205
ENSG00000243317,ENST00000507606,STMP1
ENSG00000164707,ENST00000682651,SLC13A4
ENSG00000189320,ENST00000338588,FAM180A
ENSG00000105887,ENST00000393085,MTPN
ENSG00000181072,ENST00000680005,CHRM2
ENSG00000105894,ENST00000348225,PTN
ENSG00000157680,ENST00000614521,DGKI
ENSG00000182158,ENST00000330387,CREB3L2
ENSG00000122787,ENST00000242375,AKR1D1
ENSG00000122779,ENST00000343526,TRIM24
ENSG00000157703,ENST00000674285,SVOPL
ENSG00000105929,ENST00000310018,ATP6V0A4
ENSG00000214128,ENST00000442682,TMEM213
ENSG00000122778,ENST00000422774,KIAA1549
ENSG00000146858,ENST00000275766,ZC3HAV1L
ENSG00000105939,ENST00000242351,ZC3HAV1
ENSG00000105948,ENST00000464848,IFT56
ENSG00000157741,ENST00000473989,UBN2
ENSG00000164898,ENST00000297534,FMC1
ENSG00000146963,ENST00000354926,LUC7L2
ENSG00000188883,ENST00000340940,KLRG2
ENSG00000236279,ENST00000422142,CLEC2L
ENSG00000064393,ENST00000406875,HIPK2
ENSG00000059377,ENST00000448866,TBXAS1
ENSG00000059378,ENST00000263549,PARP12
ENSG00000006459,ENST00000397560,KDM7A
ENSG00000157800,ENST00000326232,SLC37A3
ENSG00000146955,ENST00000537763,RAB19
ENSG00000133606,ENST00000255977,MKRN1
ENSG00000146966,ENST00000496613,DENND2A
ENSG00000133597,ENST00000072869,ADCK2
ENSG00000090266,ENST00000247866,NDUFB2
ENSG00000157764,ENST00000646891,BRAF
ENSG00000090263,ENST00000324787,MRPS33
ENSG00000261115,ENST00000565468,TMEM178B
ENSG00000006530,ENST00000649286,AGK
ENSG00000257093,ENST00000536163,DENND11
ENSG00000214102,ENST00000397541,WEE2
ENSG00000106028,ENST00000265304,SSBP1
ENSG00000127362,ENST00000247879,TAS2R3
ENSG00000127364,ENST00000247881,TAS2R4
ENSG00000127366,ENST00000247883,TAS2R5
ENSG00000165076,ENST00000350549,PRSS37
ENSG00000257335,ENST00000475668,MGAM
ENSG00000258083,ENST00000641559,OR9A4
ENSG00000258227,ENST00000546910,CLEC5A
ENSG00000257138,ENST00000547270,TAS2R38
ENSG00000257743,ENST00000477922,MGAM2
ENSG00000258223,ENST00000547058,PRSS58
ENSG00000204983,ENST00000311737,PRSS1
ENSG00000275896,ENST00000539842,PRSS2
ENSG00000106123,ENST00000652003,EPHB6
ENSG00000165125,ENST00000359396,TRPV6
ENSG00000127412,ENST00000265310,TRPV5
ENSG00000165131,ENST00000409607,LLCFC1
ENSG00000197993,ENST00000355265,KEL
ENSG00000179468,ENST00000350513,OR9A2
ENSG00000225781,ENST00000418316,OR6V1
ENSG00000159763,ENST00000291009,PIP
ENSG00000236398,ENST00000446620,TAS2R39
ENSG00000221937,ENST00000408947,TAS2R40
ENSG00000197448,ENST00000358406,GSTK1
ENSG00000178826,ENST00000359333,TMEM139
ENSG00000106144,ENST00000310447,CASP2
ENSG00000188037,ENST00000343257,CLCN1
ENSG00000159784,ENST00000443739,FAM131B
ENSG00000159840,ENST00000322764,ZYX
ENSG00000146904,ENST00000275815,EPHA1
ENSG00000185899,ENST00000332690,TAS2R60
ENSG00000221855,ENST00000408916,TAS2R41
ENSG00000271079,ENST00000420911,CTAGE15
ENSG00000170379,ENST00000684770,TCAF2
ENSG00000271321,ENST00000470691,CTAGE6
ENSG00000198420,ENST00000479870,TCAF1
ENSG00000221910,ENST00000408955,OR2F2
ENSG00000213215,ENST00000641412,OR2F1
ENSG00000221813,ENST00000641698,OR6B1
ENSG00000221836,ENST00000641693,OR2A5
ENSG00000221933,ENST00000641663,OR2A25
ENSG00000221858,ENST00000641592,OR2A12
ENSG00000221989,ENST00000408979,OR2A2
ENSG00000221938,ENST00000641068,OR2A14
ENSG00000213214,ENST00000378115,ARHGEF35
ENSG00000288784,ENST00000486333,CTAGE4
ENSG00000212807,ENST00000641810,OR2A42
ENSG00000243896,ENST00000641841,OR2A7
ENSG00000289604,ENST00000487179,CTAGE8
ENSG00000221970,ENST00000641044,OR2A1
ENSG00000050327,ENST00000056217,ARHGEF5
ENSG00000106410,ENST00000467773,NOBOX
ENSG00000196511,ENST00000360057,TPK1
ENSG00000174469,ENST00000361727,CNTNAP2
ENSG00000170279,ENST00000307003,C7orf33
ENSG00000055130,ENST00000325222,CUL1
ENSG00000106462,ENST00000320356,EZH2
ENSG00000155660,ENST00000652332,PDIA4
ENSG00000197362,ENST00000491431,ZNF786
ENSG00000204947,ENST00000378061,ZNF425
ENSG00000197024,ENST00000475153,ZNF398
ENSG00000170265,ENST00000610704,ZNF282
ENSG00000170260,ENST00000335870,ZNF212
ENSG00000204946,ENST00000434415,ZNF783
ENSG00000196453,ENST00000247930,ZNF777
ENSG00000181220,ENST00000458143,ZNF746
ENSG00000133619,ENST00000496259,KRBA1
ENSG00000181444,ENST00000302017,ZNF467
ENSG00000106479,ENST00000223210,ZNF862
ENSG00000171130,ENST00000425642,ATP6V0E2
ENSG00000106526,ENST00000683684,ACTR3C
ENSG00000127399,ENST00000359623,LRRC61
ENSG00000106538,ENST00000223271,RARRES2
ENSG00000214022,ENST00000489432,REPIN1
ENSG00000196456,ENST00000329630,ZNF775
ENSG00000284691,ENST00000642087,ENSG00000284691
ENSG00000171115,ENST00000307271,GIMAP8
ENSG00000179144,ENST00000313543,GIMAP7
ENSG00000133574,ENST00000255945,GIMAP4
ENSG00000133561,ENST00000328902,GIMAP6
ENSG00000106560,ENST00000223293,GIMAP2
ENSG00000213203,ENST00000307194,GIMAP1
ENSG00000196329,ENST00000358647,GIMAP5
ENSG00000106565,ENST00000326442,TMEM176B
ENSG00000002933,ENST00000004103,TMEM176A
ENSG00000002726,ENST00000360937,AOC1
ENSG00000055118,ENST00000262186,KCNH2
ENSG00000164867,ENST00000297494,NOS3
ENSG00000181652,ENST00000639579,ATG9B
ENSG00000197150,ENST00000358849,ABCB8
ENSG00000213199,ENST00000349064,ASIC3
ENSG00000164885,ENST00000485972,CDK5
ENSG00000164889,ENST00000413384,SLC4A2
ENSG00000288608,ENST00000674552,ENSG00000288608
ENSG00000164896,ENST00000297532,FASTK
ENSG00000164897,ENST00000297533,TMUB1
ENSG00000133612,ENST00000397238,AGAP3
ENSG00000164900,ENST00000297537,GBX1
ENSG00000146926,ENST00000420175,ASB10
ENSG00000278685,ENST00000615129,IQCA1L
ENSG00000285480,ENST00000644661,H2BK1
ENSG00000033050,ENST00000287844,ABCF2
ENSG00000033100,ENST00000035307,CHPF2
ENSG00000082014,ENST00000262188,SMARCD3
ENSG00000013374,ENST00000568733,NUB1
ENSG00000187260,ENST00000334493,WDR86
ENSG00000127377,ENST00000337323,CRYGN
ENSG00000106615,ENST00000262187,RHEB
ENSG00000106617,ENST00000287878,PRKAG2
ENSG00000106648,ENST00000392800,GALNTL5
ENSG00000178234,ENST00000430044,GALNT11
ENSG00000055609,ENST00000262189,KMT2C
ENSG00000196584,ENST00000359321,XRCC2
ENSG00000133627,ENST00000256001,ACTR3B
ENSG00000130226,ENST00000377770,DPP6
ENSG00000157212,ENST00000404141,PAXIP1
ENSG00000157219,ENST00000287907,HTR5A
ENSG00000186480,ENST00000340368,INSIG1
ENSG00000164778,ENST00000297375,EN2
ENSG00000146910,ENST00000636446,CNPY1
ENSG00000184863,ENST00000401878,RBM33
ENSG00000164690,ENST00000297261,SHH
ENSG00000105982,ENST00000317955,RNF32
ENSG00000105983,ENST00000353442,LMBR1
ENSG00000146909,ENST00000275820,NOM1
ENSG00000130675,ENST00000252971,MNX1
ENSG00000009335,ENST00000348165,UBE3C
ENSG00000105993,ENST00000262177,DNAJB6
ENSG00000155093,ENST00000389418,PTPRN2
ENSG00000146918,ENST00000356309,NCAPG2
ENSG00000117868,ENST00000275418,ESYT2
ENSG00000126870,ENST00000407559,DYNC2I1
ENSG00000106018,ENST00000262178,VIPR2
ENSG00000176269,ENST00000320901,OR4F21
ENSG00000172748,ENST00000398612,ZNF596
ENSG00000147364,ENST00000350302,FBXO25
ENSG00000180190,ENST00000324079,TDRP
ENSG00000104714,ENST00000262109,ERICH1
ENSG00000198010,ENST00000637795,DLGAP2
ENSG00000182372,ENST00000331222,CLN8
ENSG00000104728,ENST00000349830,ARHGEF10
ENSG00000176595,ENST00000320248,KBTBD11
ENSG00000036448,ENST00000262113,MYOM2
ENSG00000183117,ENST00000635120,CSMD1
ENSG00000147316,ENST00000344683,MCPH1
ENSG00000091879,ENST00000629816,ANGPT2
ENSG00000155189,ENST00000285518,AGPAT5
ENSG00000275591,ENST00000618742,XKR5
ENSG00000164825,ENST00000297439,DEFB1
ENSG00000164822,ENST00000297436,DEFA6
ENSG00000164821,ENST00000297435,DEFA4
ENSG00000206047,ENST00000382692,DEFA1
ENSG00000240247,ENST00000382689,DEFA1B
ENSG00000239839,ENST00000327857,DEFA3
ENSG00000164816,ENST00000330590,DEFA5
ENSG00000230045,ENST00000514465,FAM90A15
ENSG00000233132,ENST00000506444,FAM90A3
ENSG00000223885,ENST00000534703,FAM90A13
ENSG00000215373,ENST00000528738,FAM90A5
ENSG00000233295,ENST00000528221,FAM90A20
ENSG00000206034,ENST00000382656,DEFB109B
ENSG00000230549,ENST00000529559,USP17L1
ENSG00000236125,ENST00000526929,USP17L4
ENSG00000215372,ENST00000400156,ZNF705G
ENSG00000177257,ENST00000318157,DEFB4B
ENSG00000177243,ENST00000318124,DEFB103B
ENSG00000164871,ENST00000398462,SPAG11B
ENSG00000177023,ENST00000316169,DEFB104B
ENSG00000187082,ENST00000335479,DEFB106B
ENSG00000186599,ENST00000335510,DEFB105B
ENSG00000198129,ENST00000355602,DEFB107B
ENSG00000255251,ENST00000533250,PRR23D1
ENSG00000285975,ENST00000650288,FAM90A7
ENSG00000285687,ENST00000648590,FAM90A22
ENSG00000285765,ENST00000648435,FAM90A23
ENSG00000285814,ENST00000648315,FAM90A14
ENSG00000285913,ENST00000647769,FAM90A18
ENSG00000285620,ENST00000648174,FAM90A16
ENSG00000285937,ENST00000647775,FAM90A8
ENSG00000285720,ENST00000650426,FAM90A17
ENSG00000285657,ENST00000647903,FAM90A19
ENSG00000285607,ENST00000648344,FAM90A9
ENSG00000285950,ENST00000533716,FAM90A10
ENSG00000255378,ENST00000528972,PRR23D2
ENSG00000186572,ENST00000335021,DEFB107A
ENSG00000186562,ENST00000334773,DEFB105A
ENSG00000186579,ENST00000335186,DEFB106A
ENSG00000176782,ENST00000314265,DEFB104A
ENSG00000178287,ENST00000642566,SPAG11A
ENSG00000176797,ENST00000314357,DEFB103A
ENSG00000171711,ENST00000302247,DEFB4A
ENSG00000215356,ENST00000400120,ZNF705B
ENSG00000237038,ENST00000527080,USP17L8
ENSG00000225327,ENST00000530484,USP17L3
ENSG00000233115,ENST00000518378,FAM90A11
ENSG00000215354,ENST00000520792,FAM90A24
ENSG00000254229,ENST00000519497,FAM90A12
ENSG00000275342,ENST00000615670,PRAG1
ENSG00000253958,ENST00000519106,CLDN23
ENSG00000147324,ENST00000276282,MFHAS1
ENSG00000104626,ENST00000250263,ERI1
ENSG00000173281,ENST00000310455,PPP1R3B
ENSG00000173273,ENST00000310430,TNKS
ENSG00000175806,ENST00000317173,MSRA
ENSG00000184647,ENST00000328655,PRSS55
ENSG00000183638,ENST00000382483,RP1L1
ENSG00000171060,ENST00000304519,C8orf74
ENSG00000171056,ENST00000304501,SOX7
ENSG00000254093,ENST00000314787,PINX1
ENSG00000171044,ENST00000416569,XKR6
ENSG00000104643,ENST00000221086,MTMR9
ENSG00000177710,ENST00000382435,SLC35G5
ENSG00000154319,ENST00000284486,FAM167A
ENSG00000136573,ENST00000259089,BLK
ENSG00000136574,ENST00000532059,GATA4
ENSG00000154328,ENST00000284503,NEIL2
ENSG00000079459,ENST00000220584,FDFT1
ENSG00000164733,ENST00000353047,CTSB
ENSG00000205884,ENST00000382209,DEFB136
ENSG00000205883,ENST00000382208,DEFB135
ENSG00000205882,ENST00000382205,DEFB134
ENSG00000233050,ENST00000437818,DEFB130B
ENSG00000215343,ENST00000400085,ZNF705D
ENSG00000226430,ENST00000530447,USP17L7
ENSG00000223443,ENST00000333796,USP17L2
ENSG00000186523,ENST00000448228,FAM86B1
ENSG00000232948,ENST00000400079,DEFB130A
ENSG00000145002,ENST00000262365,FAM86B2
ENSG00000154359,ENST00000398246,LONRF1
ENSG00000250305,ENST00000524591,TRMT9B
ENSG00000164741,ENST00000276297,DLC1
ENSG00000164743,ENST00000297324,C8orf48
ENSG00000185053,ENST00000382080,SGCZ
ENSG00000104723,ENST00000503731,TUSC3
ENSG00000038945,ENST00000262101,MSR1
ENSG00000078579,ENST00000180166,FGF20
ENSG00000155970,ENST00000318063,MICU3
ENSG00000104219,ENST00000262096,ZDHHC2
ENSG00000198791,ENST00000361272,CNOT7
ENSG00000155975,ENST00000324849,VPS37A
ENSG00000003987,ENST00000180173,MTMR7
ENSG00000003989,ENST00000494857,SLC7A2
ENSG00000104213,ENST00000251630,PDGFRL
ENSG00000129422,ENST00000693296,MTUS1
ENSG00000104760,ENST00000427924,FGL1
ENSG00000078674,ENST00000325083,PCM1
ENSG00000104763,ENST00000637790,ASAH1
ENSG00000171428,ENST00000307719,NAT1
ENSG00000156006,ENST00000286479,NAT2
ENSG00000156011,ENST00000327040,PSD3
ENSG00000104611,ENST00000265807,SH2D4A
ENSG00000147408,ENST00000692225,CSGALNACT1
ENSG00000104613,ENST00000397977,INTS10
ENSG00000175445,ENST00000650287,LPL
ENSG00000036565,ENST00000276373,SLC18A1
ENSG00000147416,ENST00000276390,ATP6V1B2
ENSG00000061337,ENST00000381569,LZTS1
ENSG00000168546,ENST00000524240,GFRA2
ENSG00000147443,ENST00000276420,DOK2
ENSG00000130227,ENST00000252512,XPO7
ENSG00000158806,ENST00000518119,NPM2
ENSG00000158815,ENST00000359441,FGF17
ENSG00000158856,ENST00000358242,DMTN
ENSG00000158863,ENST00000289921,FHIP2B
ENSG00000275074,ENST00000611621,NUDT18
ENSG00000168453,ENST00000381418,HR
ENSG00000288677,ENST00000518377,HRURF
ENSG00000168476,ENST00000306306,REEP4
ENSG00000168481,ENST00000306317,LGI3
ENSG00000168484,ENST00000679463,SFTPC
ENSG00000168487,ENST00000306385,BMP1
ENSG00000168490,ENST00000454243,PHYHIP
ENSG00000168495,ENST00000306433,POLR3D
ENSG00000197181,ENST00000356766,PIWIL2
ENSG00000104635,ENST00000381237,SLC39A14
ENSG00000120910,ENST00000240139,PPP3CC
ENSG00000120896,ENST00000240123,SORBS3
ENSG00000120913,ENST00000409417,PDLIM2
ENSG00000241852,ENST00000289989,C8orf58
ENSG00000158941,ENST00000308511,CCAR2
ENSG00000147439,ENST00000276416,BIN3
ENSG00000179388,ENST00000317216,EGR3
ENSG00000134020,ENST00000256404,PEBP4
ENSG00000008853,ENST00000251822,RHOBTB2
ENSG00000120889,ENST00000276431,TNFRSF10B
ENSG00000173535,ENST00000356864,TNFRSF10C
ENSG00000173530,ENST00000312584,TNFRSF10D
ENSG00000104689,ENST00000221132,TNFRSF10A
ENSG00000147457,ENST00000397677,CHMP7
ENSG00000104679,ENST00000265806,R3HCC1
ENSG00000134013,ENST00000389131,LOXL2
ENSG00000197217,ENST00000358689,ENTPD4
ENSG00000147454,ENST00000519973,SLC25A37
ENSG00000167034,ENST00000380871,NKX3-1
ENSG00000180053,ENST00000325017,NKX2-6
ENSG00000159167,ENST00000290271,STC1
ENSG00000042980,ENST00000265769,ADAM28
ENSG00000134028,ENST00000256412,ADAMDEC1
ENSG00000069206,ENST00000175238,ADAM7
ENSG00000104722,ENST00000221166,NEFM
ENSG00000277586,ENST00000610854,NEFL
ENSG00000147459,ENST00000276440,DOCK5
ENSG00000147437,ENST00000421054,GNRH1
ENSG00000104756,ENST00000221200,KCTD9
ENSG00000184661,ENST00000330560,CDCA2
ENSG00000221818,ENST00000520164,EBF2
ENSG00000221914,ENST00000380737,PPP2R2A
ENSG00000104765,ENST00000380629,BNIP3L
ENSG00000240694,ENST00000522362,PNMA2
ENSG00000092964,ENST00000521913,DPYSL2
ENSG00000120907,ENST00000380573,ADRA1A
ENSG00000015592,ENST00000350889,STMN4
ENSG00000104228,ENST00000305364,TRIM35
ENSG00000120899,ENST00000346049,PTK2B
ENSG00000120903,ENST00000407991,CHRNA2
ENSG00000120915,ENST00000521400,EPHX2
ENSG00000120885,ENST00000316403,CLU
ENSG00000168077,ENST00000301904,SCARA3
ENSG00000147419,ENST00000356537,CCDC25
ENSG00000171320,ENST00000305188,ESCO2
ENSG00000168078,ENST00000301905,PBK
ENSG00000168079,ENST00000354914,SCARA5
ENSG00000189233,ENST00000413272,NUGGC
ENSG00000134014,ENST00000256398,ELP3
ENSG00000168081,ENST00000301908,PNOC
ENSG00000186918,ENST00000344423,ZNF395
ENSG00000214050,ENST00000380254,FBXO16
ENSG00000104290,ENST00000240093,FZD3
ENSG00000012232,ENST00000220562,EXTL3
ENSG00000104299,ENST00000521022,INTS9
ENSG00000147421,ENST00000287701,HMBOX1
ENSG00000197892,ENST00000524189,KIF13B
ENSG00000120875,ENST00000240100,DUSP4
ENSG00000133872,ENST00000256255,SARAF
ENSG00000104660,ENST00000321250,LEPROTL1
ENSG00000177669,ENST00000320542,MBOAT4
ENSG00000104671,ENST00000221114,DCTN6
ENSG00000157110,ENST00000397323,RBPMS
ENSG00000197265,ENST00000355904,GTF2E2
ENSG00000253457,ENST00000517349,SMIM18
ENSG00000104687,ENST00000221130,GSR
ENSG00000104691,ENST00000265616,UBXN8
ENSG00000104695,ENST00000221138,PPP2CB
ENSG00000133863,ENST00000643185,TEX15
ENSG00000172733,ENST00000523392,PURG
ENSG00000165392,ENST00000298139,WRN
ENSG00000157168,ENST00000405005,NRG1
ENSG00000286131,ENST00000652575,ENSG00000286131
ENSG00000172728,ENST00000327671,FUT10
ENSG00000129696,ENST00000431156,TTI2
ENSG00000198042,ENST00000360128,MAK16
ENSG00000133874,ENST00000256257,RNF122
ENSG00000133878,ENST00000256261,DUSP26
ENSG00000156687,ENST00000404895,UNC5D
ENSG00000215262,ENST00000399881,KCNU1
ENSG00000183779,ENST00000331569,ZNF703
ENSG00000147475,ENST00000519638,ERLIN2
ENSG00000147471,ENST00000328195,PLPBP
ENSG00000020181,ENST00000412232,ADGRA2
ENSG00000104221,ENST00000220659,BRF2
ENSG00000156675,ENST00000330843,RAB11FIP1
ENSG00000169154,ENST00000307599,GOT1L1
ENSG00000188778,ENST00000345060,ADRB3
ENSG00000187840,ENST00000338825,EIF4EBP1
ENSG00000129691,ENST00000343823,ASH2L
ENSG00000147465,ENST00000276449,STAR
ENSG00000175324,ENST00000311351,LSM1
ENSG00000156735,ENST00000287322,BAG4
ENSG00000085788,ENST00000397166,DDHD2
ENSG00000147535,ENST00000424479,PLPP5
ENSG00000147548,ENST00000317025,NSD3
ENSG00000165046,ENST00000379957,LETM2
ENSG00000077782,ENST00000447712,FGFR1
ENSG00000147526,ENST00000317827,TACC1
ENSG00000169499,ENST00000617275,PLEKHA2
ENSG00000169495,ENST00000302495,HTRA4
ENSG00000169490,ENST00000456397,TM2D2
ENSG00000168615,ENST00000487273,ADAM9
ENSG00000197140,ENST00000379907,ADAM32
ENSG00000168619,ENST00000265707,ADAM18
ENSG00000104755,ENST00000265708,ADAM2
ENSG00000131203,ENST00000518237,IDO1
ENSG00000188676,ENST00000502986,IDO2
ENSG00000176907,ENST00000315792,TCIM
ENSG00000165061,ENST00000297737,ZMAT4
ENSG00000104332,ENST00000220772,SFRP1
ENSG00000147533,ENST00000357743,GOLGA7
ENSG00000147536,ENST00000276533,GINS4
ENSG00000158669,ENST00000396987,GPAT4
ENSG00000165066,ENST00000518699,NKX6-3
ENSG00000029534,ENST00000289734,ANK1
ENSG00000083168,ENST00000265713,KAT6A
ENSG00000070718,ENST00000396926,AP3M2
ENSG00000104368,ENST00000220809,PLAT
ENSG00000253408,ENST00000521802,IKBKB-DT
ENSG00000104365,ENST00000520810,IKBKB
ENSG00000070501,ENST00000265421,POLB
ENSG00000104371,ENST00000220812,DKK4
ENSG00000078668,ENST00000022615,VDAC3
ENSG00000168575,ENST00000520262,SLC20A2
ENSG00000176209,ENST00000417410,SMIM19
ENSG00000147432,ENST00000289957,CHRNB3
ENSG00000147434,ENST00000276410,CHRNA6
ENSG00000131931,ENST00000254250,THAP1
ENSG00000120925,ENST00000527424,RNF170
ENSG00000168172,ENST00000307602,HOOK3
ENSG00000168522,ENST00000302279,FNTA
ENSG00000185900,ENST00000331373,POMK
ENSG00000165102,ENST00000379644,HGSNAT
ENSG00000164808,ENST00000297423,SPIDR
ENSG00000221869,ENST00000408965,CEBPD
ENSG00000253729,ENST00000314191,PRKDC
ENSG00000104738,ENST00000649973,MCM4
ENSG00000169139,ENST00000523111,UBE2V2
ENSG00000034239,ENST00000262103,CLXN
ENSG00000019549,ENST00000020945,SNAI2
ENSG00000168333,ENST00000522267,PPDPFL
ENSG00000147481,ENST00000642720,SNTG1
ENSG00000147485,ENST00000356297,PXDNL
ENSG00000168300,ENST00000522514,PCMTD1
ENSG00000147488,ENST00000689386,ST18
ENSG00000196711,ENST00000358543,ALKAL1
ENSG00000023287,ENST00000025008,RB1CC1
ENSG00000288611,ENST00000674939,NPBWR1
ENSG00000082556,ENST00000265572,OPRK1
ENSG00000047249,ENST00000359530,ATP6V1H
ENSG00000147509,ENST00000276500,RGS20
ENSG00000187735,ENST00000521604,TCEA1
ENSG00000120992,ENST00000316963,LYPLA1
ENSG00000137547,ENST00000260102,MRPL15
ENSG00000164736,ENST00000297316,SOX17
ENSG00000104237,ENST00000220676,RP1
ENSG00000206579,ENST00000327381,XKR4
ENSG00000167904,ENST00000434581,TMEM68
ENSG00000137574,ENST00000260129,TGS1
ENSG00000254087,ENST00000519728,LYN
ENSG00000008988,ENST00000009589,RPS20
ENSG00000172680,ENST00000311923,MOS
ENSG00000181690,ENST00000316981,PLAG1
ENSG00000170791,ENST00000355315,CHCHD7
ENSG00000170786,ENST00000303749,SDR16C5
ENSG00000181195,ENST00000451791,PENK
ENSG00000104331,ENST00000262644,BPNT2
ENSG00000169122,ENST00000519262,FAM110B
ENSG00000215114,ENST00000399598,UBXN2B
ENSG00000167910,ENST00000301645,CYP7A1
ENSG00000137575,ENST00000260130,SDCBP
ENSG00000035681,ENST00000038176,NSMAF
ENSG00000198846,ENST00000361421,TOX
ENSG00000178538,ENST00000317995,CA8
ENSG00000104388,ENST00000262646,RAB2A
ENSG00000171316,ENST00000423902,CHD7
ENSG00000177182,ENST00000325897,CLVS1
ENSG00000198363,ENST00000379454,ASPH
ENSG00000185942,ENST00000623646,NKAIN3
ENSG00000137563,ENST00000260118,GGH
ENSG00000137561,ENST00000260116,TTPA
ENSG00000185728,ENST00000539294,YTHDF3
ENSG00000180828,ENST00000321870,BHLHE22
ENSG00000172817,ENST00000310193,CYP7B1
ENSG00000104442,ENST00000276569,ARMC1
ENSG00000066855,ENST00000262146,MTFR1
ENSG00000205268,ENST00000401827,PDE7A
ENSG00000147570,ENST00000276570,DNAJC5B
ENSG00000147573,ENST00000315962,TRIM55
ENSG00000147571,ENST00000276571,CRH
ENSG00000179041,ENST00000320270,RRS1
ENSG00000147576,ENST00000396623,ADHFE1
ENSG00000169085,ENST00000305454,VXN
ENSG00000185697,ENST00000522677,MYBL1
ENSG00000175073,ENST00000310421,VCPIP1
ENSG00000104205,ENST00000521198,SGK3
ENSG00000178460,ENST00000422365,MCMDC2
ENSG00000261787,ENST00000563496,TCF24
ENSG00000178125,ENST00000685739,PPP1R42
ENSG00000121022,ENST00000357849,COPS5
ENSG00000104218,ENST00000678616,CSPP1
ENSG00000066777,ENST00000262215,ARFGEF1
ENSG00000165078,ENST00000297770,CPA6
ENSG00000046889,ENST00000288368,PREX2
ENSG00000165084,ENST00000518698,C8orf34
ENSG00000137573,ENST00000402687,SULF1
ENSG00000137571,ENST00000260126,SLCO5A1
ENSG00000147596,ENST00000276594,PRDM14
ENSG00000140396,ENST00000452400,NCOA2
ENSG00000067167,ENST00000262213,TRAM1
ENSG00000147592,ENST00000276590,LACTB2
ENSG00000221947,ENST00000408926,XKR9
ENSG00000104313,ENST00000340726,EYA1
ENSG00000178860,ENST00000325509,MSC
ENSG00000104321,ENST00000262209,TRPA1
ENSG00000182674,ENST00000523207,KCNB2
ENSG00000147601,ENST00000276603,TERF1
ENSG00000164764,ENST00000297354,SBSPON
ENSG00000274443,ENST00000624510,C8orf89
ENSG00000147604,ENST00000352983,RPL7
ENSG00000121039,ENST00000240285,RDH10
ENSG00000040341,ENST00000524300,STAU2
ENSG00000104343,ENST00000602593,UBE2W
ENSG00000154582,ENST00000520242,ELOC
ENSG00000175606,ENST00000312184,TMEM70
ENSG00000154589,ENST00000284818,LY96
ENSG00000104369,ENST00000342232,JPH1
ENSG00000104381,ENST00000220822,GDAP1
ENSG00000254349,ENST00000718005,MIR2052HG
ENSG00000137558,ENST00000260113,PI15
ENSG00000121005,ENST00000262207,CRISPLD1
ENSG00000164749,ENST00000396423,HNF4G
ENSG00000091656,ENST00000651372,ZFHX4
ENSG00000164751,ENST00000357039,PEX2
ENSG00000171033,ENST00000396418,PKIA
ENSG00000104427,ENST00000263849,ZC2HC1A
ENSG00000104432,ENST00000263851,IL7
ENSG00000104435,ENST00000220876,STMN2
ENSG00000164683,ENST00000354724,HEY1
ENSG00000147586,ENST00000276585,MRPS28
ENSG00000076554,ENST00000518937,TPD52
ENSG00000205189,ENST00000455036,ZBTB10
ENSG00000164684,ENST00000327835,ZNF704
ENSG00000076641,ENST00000220597,PAG1
ENSG00000164687,ENST00000297258,FABP5
ENSG00000147588,ENST00000256103,PMP2
ENSG00000205186,ENST00000379071,FABP9
ENSG00000170323,ENST00000256104,FABP4
ENSG00000197416,ENST00000360464,FABP12
ENSG00000133731,ENST00000256108,IMPA1
ENSG00000253598,ENST00000518568,SLC10A5
ENSG00000104231,ENST00000220669,ZFAND1
ENSG00000164695,ENST00000297265,CHMP4C
ENSG00000104497,ENST00000345957,SNX16
ENSG00000184672,ENST00000521268,RALYL
ENSG00000133739,ENST00000360375,LRRCC1
ENSG00000133740,ENST00000416274,E2F5
ENSG00000176731,ENST00000619594,RBIS
ENSG00000185015,ENST00000321764,CA13
ENSG00000133742,ENST00000523022,CA1
ENSG00000164879,ENST00000285381,CA3
ENSG00000104267,ENST00000285379,CA2
ENSG00000147614,ENST00000285393,ATP6V0D2
ENSG00000147613,ENST00000276616,PSKH2
ENSG00000164893,ENST00000297524,SLC7A13
ENSG00000123124,ENST00000517970,WWP1
ENSG00000176623,ENST00000406452,RMDN1
ENSG00000085719,ENST00000517490,CPNE3
ENSG00000170289,ENST00000320005,CNGB3
ENSG00000176571,ENST00000518476,CNBD1
ENSG00000176566,ENST00000319675,DCAF4L2
ENSG00000156103,ENST00000286614,MMP16
ENSG00000104312,ENST00000220751,RIPK2
ENSG00000164823,ENST00000451899,OSGIN2
ENSG00000104320,ENST00000265433,NBN
ENSG00000104325,ENST00000220764,DECR1
ENSG00000104327,ENST00000265431,CALB1
ENSG00000180694,ENST00000458549,TMEM64
ENSG00000123119,ENST00000417640,NECAB1
ENSG00000253250,ENST00000517562,C8orf88
ENSG00000155099,ENST00000285419,PIP4P2
ENSG00000155100,ENST00000404789,OTUD6B
ENSG00000214954,ENST00000448384,LRRC69
ENSG00000147606,ENST00000276609,SLC26A7
ENSG00000079102,ENST00000523629,RUNX1T1
ENSG00000205133,ENST00000521988,TRIQK
ENSG00000188343,ENST00000518322,CIBAR1
ENSG00000183808,ENST00000520560,RBM12B
ENSG00000164953,ENST00000453321,TMEM67
ENSG00000164951,ENST00000297598,PDP1
ENSG00000079112,ENST00000027335,CDH17
ENSG00000164949,ENST00000297596,GEM
ENSG00000197275,ENST00000336148,RAD54B
ENSG00000265817,ENST00000481490,FSBP
ENSG00000164944,ENST00000297591,VIRMA
ENSG00000104413,ENST00000433389,ESRP1
ENSG00000156162,ENST00000414645,DPY19L4
ENSG00000164941,ENST00000523731,INTS8
ENSG00000175305,ENST00000308108,CCNE2
ENSG00000156170,ENST00000396124,NDUFAF6
ENSG00000164938,ENST00000342697,TP53INP1
ENSG00000175895,ENST00000315367,PLEKHF2
ENSG00000156172,ENST00000286688,CFAP418
ENSG00000156466,ENST00000287020,GDF6
ENSG00000156467,ENST00000287022,UQCRB
ENSG00000156469,ENST00000287025,MTERF3
ENSG00000156471,ENST00000517309,PTDSS1
ENSG00000169439,ENST00000302190,SDC2
ENSG00000104324,ENST00000220763,CPQ
ENSG00000180543,ENST00000322128,TSPYL5
ENSG00000147649,ENST00000336273,MTDH
ENSG00000104341,ENST00000521545,LAPTM4B
ENSG00000132561,ENST00000254898,MATN2
ENSG00000156482,ENST00000287038,RPL30
ENSG00000177459,ENST00000318528,ERICH5
ENSG00000132541,ENST00000254878,RIDA
ENSG00000104356,ENST00000401707,POP1
ENSG00000104361,ENST00000430223,NIPAL2
ENSG00000104375,ENST00000419617,STK3
ENSG00000156486,ENST00000287042,KCNS2
ENSG00000164920,ENST00000297565,OSR2
ENSG00000132549,ENST00000357162,VPS13B
ENSG00000164919,ENST00000520468,COX6C
ENSG00000132554,ENST00000360863,RGS22
ENSG00000156509,ENST00000428847,FBXO43
ENSG00000147669,ENST00000353107,POLR2K
ENSG00000104450,ENST00000388798,SPAG1
ENSG00000034677,ENST00000341084,RNF19A
ENSG00000186106,ENST00000335659,ANKRD46
ENSG00000174226,ENST00000311812,SNX31
ENSG00000070756,ENST00000318607,PABPC1
ENSG00000164924,ENST00000395958,YWHAZ
ENSG00000120963,ENST00000311212,ZNF706
ENSG00000083307,ENST00000646743,GRHL2
ENSG00000104490,ENST00000220931,NCALD
ENSG00000048392,ENST00000251810,RRM2B
ENSG00000104517,ENST00000520539,UBR5
ENSG00000155087,ENST00000285402,ODF1
ENSG00000155090,ENST00000285407,KLF10
ENSG00000155096,ENST00000337198,AZIN1
ENSG00000155097,ENST00000518738,ATP6V1C1
ENSG00000164929,ENST00000309982,BAALC
ENSG00000164930,ENST00000358755,FZD6
ENSG00000164932,ENST00000330295,CTHRC1
ENSG00000164933,ENST00000297578,SLC25A32
ENSG00000164934,ENST00000612750,DCAF13
ENSG00000176406,ENST00000696799,RIMS2
ENSG00000147647,ENST00000351513,DPYS
ENSG00000164935,ENST00000297581,DCSTAMP
ENSG00000147650,ENST00000276654,LRP12
ENSG00000169946,ENST00000407775,ZFPM2
ENSG00000164830,ENST00000517566,OXR1
ENSG00000174429,ENST00000311955,ABRA
ENSG00000154188,ENST00000517746,ANGPT1
ENSG00000147655,ENST00000276659,RSPO2
ENSG00000104408,ENST00000220849,EIF3E
ENSG00000104412,ENST00000220853,EMC2
ENSG00000164841,ENST00000297459,TMEM74
ENSG00000174417,ENST00000518632,TRHR
ENSG00000120526,ENST00000239690,NUDCD1
ENSG00000120533,ENST00000521688,ENY2
ENSG00000205038,ENST00000378402,PKHD1L1
ENSG00000147654,ENST00000337573,EBAG9
ENSG00000147642,ENST00000276646,SYBU
ENSG00000164794,ENST00000524391,KCNV1
ENSG00000164796,ENST00000297405,CSMD3
ENSG00000104447,ENST00000395715,TRPS1
ENSG00000147677,ENST00000521861,EIF3H
ENSG00000147679,ENST00000309822,UTP23
ENSG00000164754,ENST00000297338,RAD21
ENSG00000205002,ENST00000378279,AARD
ENSG00000164756,ENST00000456015,SLC30A8
ENSG00000164758,ENST00000297347,MED30
ENSG00000182197,ENST00000378204,EXT1
ENSG00000177570,ENST00000314727,SAMD12
ENSG00000164761,ENST00000297350,TNFRSF11B
ENSG00000184374,ENST00000332843,COLEC10
ENSG00000147676,ENST00000614891,MAL2
ENSG00000136999,ENST00000259526,CCN3
ENSG00000136960,ENST00000075322,ENPP2
ENSG00000064313,ENST00000378164,TAF2
ENSG00000136982,ENST00000313655,DSCC1
ENSG00000155792,ENST00000286234,DEPTOR
ENSG00000187955,ENST00000297848,COL14A1
ENSG00000172172,ENST00000306185,MRPL13
ENSG00000172167,ENST00000305949,MTBP
ENSG00000172164,ENST00000517992,SNTB1
ENSG00000170961,ENST00000303924,HAS2
ENSG00000178764,ENST00000314393,ZHX2
ENSG00000136986,ENST00000259512,DERL1
ENSG00000156787,ENST00000287380,TBC1D31
ENSG00000147689,ENST00000690554,FAM83A
ENSG00000189376,ENST00000276704,C8orf76
ENSG00000165156,ENST00000395571,ZHX1
ENSG00000156802,ENST00000287394,ATAD2
ENSG00000156795,ENST00000287387,NTAQ1
ENSG00000156804,ENST00000517956,FBXO32
ENSG00000175946,ENST00000684634,KLHL38
ENSG00000104537,ENST00000419625,ANXA13
ENSG00000176853,ENST00000334705,FAM91A1
ENSG00000214814,ENST00000522917,FER1L6
ENSG00000164983,ENST00000297632,TMEM65
ENSG00000183665,ENST00000328599,TRMT12
ENSG00000170881,ENST00000303545,RNF139
ENSG00000147687,ENST00000276692,TATDN1
ENSG00000147684,ENST00000276689,NDUFB9
ENSG00000170873,ENST00000518547,MTSS1
ENSG00000180938,ENST00000319286,ZNF572
ENSG00000104549,ENST00000265896,SQLE
ENSG00000164961,ENST00000318410,WASHC5
ENSG00000156831,ENST00000287437,NSMCE2
ENSG00000173334,ENST00000311922,TRIB1
ENSG00000168672,ENST00000304916,LRATD2
ENSG00000212993,ENST00000696633,POU5F1B
ENSG00000280997,ENST00000630920,CCAT2
ENSG00000136997,ENST00000621592,MYC
ENSG00000249859,ENST00000667305,PVT1
ENSG00000147697,ENST00000276708,GSDMC
ENSG00000153310,ENST00000694912,CYRIB
ENSG00000153317,ENST00000518721,ASAP1
ENSG00000155897,ENST00000286355,ADCY8
ENSG00000132294,ENST00000254624,EFR3A
ENSG00000253117,ENST00000254627,OC90
ENSG00000132297,ENST00000414222,HHLA1
ENSG00000184156,ENST00000388996,KCNQ3
ENSG00000129295,ENST00000620350,DNAAF11
ENSG00000165071,ENST00000677595,TMEM71
ENSG00000129292,ENST00000395386,PHF20L1
ENSG00000042832,ENST00000220616,TG
ENSG00000155926,ENST00000338087,SLA
ENSG00000104415,ENST00000250160,CCN4
ENSG00000104419,ENST00000323851,NDRG1
ENSG00000008513,ENST00000522652,ST3GAL1
ENSG00000066827,ENST00000377838,ZFAT
ENSG00000131773,ENST00000355849,KHDRBS3
ENSG00000147724,ENST00000395297,FAM135B
ENSG00000169436,ENST00000303045,COL22A1
ENSG00000169427,ENST00000520439,KCNK9
ENSG00000167632,ENST00000438773,TRAPPC9
ENSG00000104472,ENST00000220913,CHRAC1
ENSG00000123908,ENST00000220592,AGO2
ENSG00000169398,ENST00000696786,PTK2
ENSG00000105339,ENST00000519811,DENND3
ENSG00000022567,ENST00000517878,SLC45A4
ENSG00000204882,ENST00000377741,GPR20
ENSG00000184489,ENST00000521578,PTP4A3
ENSG00000226490,ENST00000643770,C8orf90
ENSG00000171045,ENST00000524325,TSNARE1
ENSG00000181790,ENST00000517894,ADGRB1
ENSG00000198576,ENST00000356613,ARC
ENSG00000234616,ENST00000612905,JRK
ENSG00000167653,ENST00000301258,PSCA
ENSG00000160886,ENST00000292430,LY6K
ENSG00000130193,ENST00000336138,THEM6
ENSG00000126233,ENST00000246515,SLURP1
ENSG00000197353,ENST00000359228,LYPD2
ENSG00000283992,ENST00000317543,SLURP2
ENSG00000180155,ENST00000652477,LYNX1
ENSG00000167656,ENST00000301263,LY6D
ENSG00000104499,ENST00000220940,GML
ENSG00000160882,ENST00000292427,CYP11B1
ENSG00000179142,ENST00000323110,CYP11B2
ENSG00000160932,ENST00000292494,LY6E
ENSG00000291309,ENST00000706920,LY6S
ENSG00000261667,ENST00000562505,LY6L
ENSG00000176956,ENST00000342752,LY6H
ENSG00000277494,ENST00000622500,GPIHBP1
ENSG00000181638,ENST00000330701,ZFP41
ENSG00000250571,ENST00000340042,GLI4
ENSG00000185730,ENST00000330143,ZNF696
ENSG00000184428,ENST00000329245,TOP1MT
ENSG00000158106,ENST00000289013,RHPN1
ENSG00000182759,ENST00000333480,MAFA
ENSG00000014164,ENST00000262577,ZC3H3
ENSG00000104518,ENST00000262580,GSDMD
ENSG00000204839,ENST00000398882,MROH6
ENSG00000147813,ENST00000449291,NAPRT
ENSG00000104529,ENST00000618139,EEF1D
ENSG00000179886,ENST00000504548,TIGD5
ENSG00000104524,ENST00000495276,PYCR3
ENSG00000104522,ENST00000425753,GFUS
ENSG00000183309,ENST00000526926,ZNF623
ENSG00000181135,ENST00000358656,ZNF707
ENSG00000255181,ENST00000542437,CCDC166
ENSG00000181085,ENST00000338033,MAPK15
ENSG00000180921,ENST00000388913,FAM83H
ENSG00000203499,ENST00000527139,IQANK1
ENSG00000180900,ENST00000356994,SCRIB
ENSG00000179950,ENST00000526683,PUF60
ENSG00000185189,ENST00000442628,NRBP2
ENSG00000261150,ENST00000615648,EPPK1
ENSG00000178209,ENST00000345136,PLEC
ENSG00000178685,ENST00000313028,PARP10
ENSG00000178719,ENST00000395068,GRINA
ENSG00000186583,ENST00000377470,SPATC1
ENSG00000178814,ENST00000618853,OPLAH
ENSG00000178896,ENST00000316052,EXOSC4
ENSG00000197858,ENST00000355091,GPAA1
ENSG00000179091,ENST00000318911,CYC1
ENSG00000179526,ENST00000398712,SHARPIN
ENSG00000179632,ENST00000322428,MAF1
ENSG00000179698,ENST00000323662,WDR97
ENSG00000235173,ENST00000347708,HGH1
ENSG00000179832,ENST00000326134,MROH1
ENSG00000261236,ENST00000569669,BOP1
ENSG00000260428,ENST00000567180,SCX
ENSG00000185122,ENST00000528838,HSF1
ENSG00000185000,ENST00000528718,DGAT1
ENSG00000261678,ENST00000569446,SCRT1
ENSG00000185803,ENST00000643944,SLC52A2
ENSG00000261587,ENST00000696146,TMEM249
ENSG00000182325,ENST00000331890,FBXL6
ENSG00000173137,ENST00000308860,ADCK5
ENSG00000071894,ENST00000616140,CPSF1
ENSG00000147804,ENST00000301305,SLC39A4
ENSG00000160948,ENST00000292510,VPS28
ENSG00000160949,ENST00000409379,TONSL
ENSG00000187954,ENST00000530374,ZFTRAF1
ENSG00000291317,ENST00000306145,TMEM276
ENSG00000167702,ENST00000645548,KIFC2
ENSG00000160973,ENST00000377317,FOXH1
ENSG00000160972,ENST00000435887,PPP1R16A
ENSG00000167701,ENST00000394955,GPT
ENSG00000167700,ENST00000301327,MFSD3
ENSG00000160957,ENST00000617875,RECQL4
ENSG00000160959,ENST00000292524,LRRC14
ENSG00000254402,ENST00000529415,LRRC24
ENSG00000213563,ENST00000524821,C8orf82
ENSG00000147799,ENST00000377307,ARHGAP39
ENSG00000198169,ENST00000292562,ZNF251
ENSG00000196378,ENST00000429371,ZNF34
ENSG00000161016,ENST00000528957,RPL8
ENSG00000197363,ENST00000359971,ZNF517
ENSG00000147789,ENST00000532777,ZNF7
ENSG00000170619,ENST00000305103,COMMD5
ENSG00000196150,ENST00000417550,ZNF250
ENSG00000170631,ENST00000394909,ZNF16
ENSG00000182307,ENST00000331434,C8orf33
ENSG00000181404,ENST00000696149,WASHC1
ENSG00000170122,ENST00000382500,FOXD4
ENSG00000172785,ENST00000356521,ZNG1A
ENSG00000107099,ENST00000432829,DOCK8
ENSG00000107104,ENST00000382297,KANK1
ENSG00000137090,ENST00000382276,DMRT1
ENSG00000064218,ENST00000190165,DMRT3
ENSG00000173253,ENST00000358146,DMRT2
ENSG00000080503,ENST00000349721,SMARCA2
ENSG00000147852,ENST00000382100,VLDLR
ENSG00000168263,ENST00000382082,KCNV2
ENSG00000080608,ENST00000397885,PUM3
ENSG00000080298,ENST00000617270,RFX3
ENSG00000107249,ENST00000381971,GLIS3
ENSG00000106688,ENST00000262352,SLC1A1
ENSG00000106686,ENST00000682582,SPATA6L
ENSG00000205808,ENST00000381883,PLPP6
ENSG00000106993,ENST00000381854,CDC37L1
ENSG00000147853,ENST00000381809,AK3
ENSG00000120158,ENST00000381750,RCL1
ENSG00000096968,ENST00000381652,JAK2
ENSG00000120210,ENST00000381641,INSL6
ENSG00000120211,ENST00000239316,INSL4
ENSG00000107014,ENST00000381627,RLN2
ENSG00000107018,ENST00000223862,RLN1
ENSG00000107020,ENST00000223864,PLGRKT
ENSG00000120217,ENST00000381577,CD274
ENSG00000197646,ENST00000397747,PDCD1LG2
ENSG00000107036,ENST00000414202,RIC1
ENSG00000099219,ENST00000339450,ERMP1
ENSG00000183354,ENST00000399933,BRD10
ENSG00000120215,ENST00000381477,MLANA
ENSG00000137040,ENST00000259569,RANBP6
ENSG00000137033,ENST00000682010,IL33
ENSG00000170777,ENST00000314556,TPD52L3
ENSG00000147854,ENST00000276893,UHRF2
ENSG00000178445,ENST00000321612,GLDC
ENSG00000107077,ENST00000381309,KDM4C
ENSG00000137038,ENST00000358227,DMAC1
ENSG00000153707,ENST00000381196,PTPRD
ENSG00000107165,ENST00000388918,TYRP1
ENSG00000153714,ENST00000319264,LURAP1L
ENSG00000107186,ENST00000319217,MPDZ
ENSG00000147862,ENST00000380953,NFIB
ENSG00000175893,ENST00000380916,ZDHHC21
ENSG00000147869,ENST00000380911,CER1
ENSG00000164946,ENST00000380880,FREM1
ENSG00000155158,ENST00000512701,TTC39B
ENSG00000164975,ENST00000380821,SNAPC3
ENSG00000164985,ENST00000380733,PSIP1
ENSG00000164989,ENST00000380701,CCDC171
ENSG00000173068,ENST00000380672,BNC2
ENSG00000044459,ENST00000380647,CNTLN
ENSG00000107295,ENST00000380607,SH3GL2
ENSG00000178031,ENST00000380548,ADAMTSL1
ENSG00000155875,ENST00000380534,SAXO1
ENSG00000155876,ENST00000380527,RRAGA
ENSG00000147874,ENST00000380502,HAUS6
ENSG00000147872,ENST00000276914,PLIN2
ENSG00000137145,ENST00000434457,DENND4C
ENSG00000137154,ENST00000380394,RPS6
ENSG00000177076,ENST00000340967,ACER2
ENSG00000155886,ENST00000341998,SLC24A2
ENSG00000171843,ENST00000380338,MLLT3
ENSG00000188352,ENST00000338382,FOCAD
ENSG00000188921,ENST00000495827,HACD4
ENSG00000171855,ENST00000380232,IFNB1
ENSG00000177047,ENST00000380229,IFNW1
ENSG00000137080,ENST00000380225,IFNA21
ENSG00000236637,ENST00000421715,IFNA4
ENSG00000214042,ENST00000239347,IFNA7
ENSG00000186803,ENST00000357374,IFNA10
ENSG00000147885,ENST00000380216,IFNA16
ENSG00000234829,ENST00000413767,IFNA17
ENSG00000228083,ENST00000380222,IFNA14
ENSG00000147873,ENST00000610521,IFNA5
ENSG00000198642,ENST00000359039,KLHL9
ENSG00000120235,ENST00000380210,IFNA6
ENSG00000233816,ENST00000610660,IFNA13
ENSG00000188379,ENST00000380206,IFNA2
ENSG00000120242,ENST00000380205,IFNA8
ENSG00000197919,ENST00000276927,IFNA1
ENSG00000184995,ENST00000448696,IFNE
ENSG00000099810,ENST00000644715,MTAP
ENSG00000147889,ENST00000304494,CDKN2A
ENSG00000240498,ENST00000428597,CDKN2B-AS1
ENSG00000147883,ENST00000276925,CDKN2B
ENSG00000176399,ENST00000325870,DMRTA1
ENSG00000107105,ENST00000397312,ELAVL2
ENSG00000205442,ENST00000543880,IZUMO3
ENSG00000198680,ENST00000358022,TUSC1
ENSG00000120159,ENST00000333916,CAAP1
ENSG00000137055,ENST00000397292,PLAA
ENSG00000096872,ENST00000380062,IFT74
ENSG00000184434,ENST00000380055,LRRC19
ENSG00000120156,ENST00000380036,TEK
ENSG00000120160,ENST00000380032,EQTN
ENSG00000120162,ENST00000262244,MOB3B
ENSG00000147896,ENST00000276943,IFNK
ENSG00000147894,ENST00000380003,C9orf72
ENSG00000174482,ENST00000698399,LINGO2
ENSG00000122729,ENST00000309951,ACO1
ENSG00000107201,ENST00000379883,RIGI
ENSG00000197579,ENST00000360538,TOPORS
ENSG00000235453,ENST00000692500,SMIM27
ENSG00000165264,ENST00000379847,NDUFB6
ENSG00000122728,ENST00000242310,TAF1L
ENSG00000188133,ENST00000342743,TMEM215
ENSG00000137074,ENST00000379817,APTX
ENSG00000086061,ENST00000330899,DNAJA1
ENSG00000122692,ENST00000397149,SMU1
ENSG00000086062,ENST00000379731,B4GALT1
ENSG00000122711,ENST00000379721,SPINK4
ENSG00000107262,ENST00000634734,BAG1
ENSG00000086065,ENST00000223500,CHMP5
ENSG00000086102,ENST00000379540,NFX1
ENSG00000165269,ENST00000297988,AQP7
ENSG00000165272,ENST00000297991,AQP3
ENSG00000165271,ENST00000297990,NOL6
ENSG00000230453,ENST00000684830,ANKRD18B
ENSG00000010438,ENST00000379405,PRSS3
ENSG00000107341,ENST00000263228,UBE2R2
ENSG00000137073,ENST00000379238,UBAP2
ENSG00000198876,ENST00000361264,DCAF12
ENSG00000165006,ENST00000297661,UBAP1
ENSG00000186638,ENST00000402558,KIF24
ENSG00000164978,ENST00000379158,NUDT2
ENSG00000164976,ENST00000297625,MYORG
ENSG00000164972,ENST00000297623,SPMIP6
ENSG00000164970,ENST00000651358,FAM219A
ENSG00000122735,ENST00000242317,DNAI1
ENSG00000168913,ENST00000399775,ENHO
ENSG00000122756,ENST00000378980,CNTFR
ENSG00000164967,ENST00000378959,RPP25L
ENSG00000137100,ENST00000259632,DCTN3
ENSG00000205143,ENST00000378909,ARID3C
ENSG00000147955,ENST00000277010,SIGMAR1
ENSG00000213930,ENST00000378842,GALT
ENSG00000137070,ENST00000441545,IL11RA
ENSG00000213927,ENST00000259631,CCL27
ENSG00000187186,ENST00000421828,ENSG00000187186
ENSG00000172724,ENST00000311925,CCL19
ENSG00000137077,ENST00000259607,CCL21
ENSG00000205108,ENST00000378788,SPATA31F1
ENSG00000187791,ENST00000340783,SPATA31F3
ENSG00000122733,ENST00000242315,PHF24
ENSG00000137094,ENST00000682809,DNAJB5
ENSG00000174038,ENST00000312292,SPATA31G1
ENSG00000165280,ENST00000358901,VCP
ENSG00000221829,ENST00000378643,FANCG
ENSG00000165282,ENST00000378617,PIGO
ENSG00000165283,ENST00000356493,STOML2
ENSG00000005238,ENST00000322813,ATOSB
ENSG00000198722,ENST00000635942,UNC13B
ENSG00000198853,ENST00000361226,RUSC2
ENSG00000215187,ENST00000399742,CIMIP2B
ENSG00000107140,ENST00000336395,TESK1
ENSG00000137101,ENST00000259633,CD72
ENSG00000137078,ENST00000259608,SIT1
ENSG00000277027,ENST00000363046,RMRP
ENSG00000159884,ENST00000426546,CCDC107
ENSG00000137135,ENST00000378387,ARHGEF39
ENSG00000107159,ENST00000378357,CA9
ENSG00000198467,ENST00000645482,TPM2
ENSG00000137076,ENST00000314888,TLN1
ENSG00000107175,ENST00000353704,CREB3
ENSG00000070610,ENST00000378103,GBA2
ENSG00000107185,ENST00000378078,RGP1
ENSG00000215183,ENST00000436428,MSMP
ENSG00000159899,ENST00000342694,NPR2
ENSG00000137098,ENST00000396638,SPAG8
ENSG00000137133,ENST00000259667,HINT2
ENSG00000137103,ENST00000643932,TMEM8B
ENSG00000204930,ENST00000423537,FAM221B
ENSG00000168828,ENST00000377981,OR13J1
ENSG00000196196,ENST00000354323,HRCT1
ENSG00000235387,ENST00000443779,SPAAR
ENSG00000278889,ENST00000341959,OR2S2
ENSG00000122707,ENST00000377966,RECK
ENSG00000122694,ENST00000377960,GLIPR2
ENSG00000185972,ENST00000335119,CCIN
ENSG00000122705,ENST00000345519,CLTA
ENSG00000159921,ENST00000642385,GNE
ENSG00000137075,ENST00000259605,RNF38
ENSG00000165304,ENST00000298048,MELK
ENSG00000196092,ENST00000358127,PAX5
ENSG00000147905,ENST00000336755,ZCCHC7
ENSG00000137106,ENST00000318158,GRHPR
ENSG00000168795,ENST00000307750,ZBTB5
ENSG00000137054,ENST00000377798,POLR1E
ENSG00000147912,ENST00000432825,FBXO10
ENSG00000175768,ENST00000321301,TOMM5
ENSG00000070601,ENST00000377765,FRMPD1
ENSG00000165275,ENST00000297994,TRMT10B
ENSG00000107371,ENST00000327304,EXOSC3
ENSG00000122741,ENST00000377724,DCAF10
ENSG00000122696,ENST00000242275,SLC25A51
ENSG00000107338,ENST00000377707,SHB
ENSG00000137124,ENST00000377698,ALDH1B1
ENSG00000137142,ENST00000377694,IGFBPL1
ENSG00000180071,ENST00000399703,ANKRD18A
ENSG00000283329,ENST00000637493,FAM240B
ENSG00000106714,ENST00000297668,CNTNAP3
ENSG00000204849,ENST00000377647,SPATA31A1
ENSG00000273514,ENST00000622588,FOXD4L6
ENSG00000215126,ENST00000377391,ZNG1F
ENSG00000154529,ENST00000377561,CNTNAP3B
ENSG00000185775,ENST00000332857,SPATA31A6
ENSG00000276581,ENST00000437823,SPATA31A5
ENSG00000276040,ENST00000619167,SPATA31A7
ENSG00000204779,ENST00000377420,FOXD4L5
ENSG00000147996,ENST00000382405,ZNG1E
ENSG00000184659,ENST00000377413,FOXD4L4
ENSG00000274349,ENST00000621410,ZNF658
ENSG00000275969,ENST00000428649,SPATA31A3
ENSG00000260691,ENST00000562196,ANKRD20A1
ENSG00000196873,ENST00000360171,ZNG1C
ENSG00000187559,ENST00000342833,FOXD4L3
ENSG00000154330,ENST00000396396,PGM5
ENSG00000181778,ENST00000377311,TMEM252
ENSG00000107242,ENST00000265382,PIP5K1B
ENSG00000187866,ENST00000394264,PABIR1
ENSG00000165059,ENST00000377276,PRKACG
ENSG00000165060,ENST00000484259,FXN
ENSG00000119139,ENST00000377245,TJP2
ENSG00000135063,ENST00000303068,ENTREP1
ENSG00000107282,ENST00000265381,APBA1
ENSG00000188647,ENST00000340434,PTAR1
ENSG00000204711,ENST00000377197,CFAP95
ENSG00000165072,ENST00000377182,MAMDC2
ENSG00000198887,ENST00000361138,SMC5
ENSG00000119138,ENST00000377126,KLF9
ENSG00000083067,ENST00000677713,TRPM3
ENSG00000135048,ENST00000377044,CEMIP2
ENSG00000107362,ENST00000333421,ABHD17B
ENSG00000155621,ENST00000334731,C9orf85
ENSG00000204669,ENST00000651200,C9orf57
ENSG00000119125,ENST00000358399,GDA
ENSG00000107372,ENST00000376962,ZFAND5
ENSG00000165091,ENST00000297784,TMC1
ENSG00000165092,ENST00000297785,ALDH1A1
ENSG00000135046,ENST00000257497,ANXA1
ENSG00000198963,ENST00000376896,RORB
ENSG00000119121,ENST00000360774,TRPM6
ENSG00000135045,ENST00000376854,C9orf40
ENSG00000156017,ENST00000376834,CARNMT1
ENSG00000106733,ENST00000361092,NMRK1
ENSG00000134996,ENST00000346234,OSTF1
ENSG00000099139,ENST00000674117,PCSK5
ENSG00000135002,ENST00000376736,RFK
ENSG00000187210,ENST00000376730,GCNT1
ENSG00000106772,ENST00000376718,PRUNE2
ENSG00000225937,ENST00000412654,PCA3
ENSG00000204612,ENST00000376708,FOXB2
ENSG00000197969,ENST00000360280,VPS13A
ENSG00000156049,ENST00000341700,GNA14
ENSG00000156052,ENST00000286548,GNAQ
ENSG00000148019,ENST00000643273,CEP78
ENSG00000135069,ENST00000376588,PSAT1
ENSG00000106829,ENST00000376552,TLE4
ENSG00000196781,ENST00000376499,TLE1
ENSG00000189357,ENST00000419782,SPATA31D4
ENSG00000186788,ENST00000445385,SPATA31D3
ENSG00000214929,ENST00000344803,SPATA31D1
ENSG00000165105,ENST00000376447,RASEF
ENSG00000172159,ENST00000304195,FRMD3
ENSG00000148057,ENST00000376419,IDNK
ENSG00000135018,ENST00000376395,UBQLN1
ENSG00000165113,ENST00000376371,GKAP1
ENSG00000165115,ENST00000297814,KIF27
ENSG00000165118,ENST00000376344,QNG1
ENSG00000165119,ENST00000376263,HNRNPK
ENSG00000178966,ENST00000445877,RMI1
ENSG00000197506,ENST00000376238,SLC28A3
ENSG00000148053,ENST00000277120,NTRK2
ENSG00000135049,ENST00000357081,AGTPBP1
ENSG00000135040,ENST00000361671,NAA35
ENSG00000135052,ENST00000388712,GOLM1
ENSG00000187753,ENST00000339137,C9orf153
ENSG00000135070,ENST00000375991,ISCA1
ENSG00000083223,ENST00000375963,TUT7
ENSG00000180447,ENST00000298743,GAS1
ENSG00000196730,ENST00000408954,DAPK1
ENSG00000135047,ENST00000343150,CTSL
ENSG00000177992,ENST00000325643,SPATA31E1
ENSG00000230246,ENST00000706933,SPATA31C1
ENSG00000283205,ENST00000636536,ENSG00000283205
ENSG00000156345,ENST00000325303,CDK20
ENSG00000177910,ENST00000324915,SPATA31C2
ENSG00000106723,ENST00000375859,SPIN1
ENSG00000130045,ENST00000375854,NXNL2
ENSG00000213694,ENST00000358157,S1PR3
ENSG00000148082,ENST00000375835,SHC3
ENSG00000123975,ENST00000314355,CKS2
ENSG00000187742,ENST00000375807,SECISBP2
ENSG00000187764,ENST00000422704,SEMA4D
ENSG00000130222,ENST00000252506,GADD45G
ENSG00000165023,ENST00000375765,DIRAS2
ENSG00000165025,ENST00000375754,SYK
ENSG00000148090,ENST00000375731,AUH
ENSG00000165030,ENST00000297689,NFIL3
ENSG00000169071,ENST00000375708,ROR2
ENSG00000090054,ENST00000262554,SPTLC1
ENSG00000196305,ENST00000443024,IARS1
ENSG00000198000,ENST00000442668,NOL8
ENSG00000188312,ENST00000375587,CENPP
ENSG00000106809,ENST00000375561,OGN
ENSG00000127083,ENST00000375550,OMD
ENSG00000106823,ENST00000344604,ECM2
ENSG00000127080,ENST00000287996,IPPK
ENSG00000185963,ENST00000356884,BICD2
ENSG00000127081,ENST00000375495,ZNF484
ENSG00000127084,ENST00000375482,FGD3
ENSG00000157303,ENST00000375472,SUSD3
ENSG00000165233,ENST00000375464,CARD19
ENSG00000131669,ENST00000375446,NINJ1
ENSG00000165238,ENST00000427277,WNK2
ENSG00000188938,ENST00000375412,FAM120AOS
ENSG00000048828,ENST00000277165,FAM120A
ENSG00000197724,ENST00000359246,PHF2
ENSG00000131668,ENST00000253968,BARX1
ENSG00000158079,ENST00000620992,PTPDC1
ENSG00000175787,ENST00000395395,ZNF169
ENSG00000130950,ENST00000253262,NUTM2F
ENSG00000148110,ENST00000375344,MFSD14B
ENSG00000231806,ENST00000644721,PCAT7
ENSG00000130957,ENST00000375337,FBP2
ENSG00000165140,ENST00000375326,FBP1
ENSG00000148120,ENST00000375315,AOPEP
ENSG00000158169,ENST00000289081,FANCC
ENSG00000185920,ENST00000331920,PTCH1
ENSG00000182150,ENST00000653738,ERCC6L2
ENSG00000130948,ENST00000375263,HSD17B3
ENSG00000130958,ENST00000253270,SLC35D2
ENSG00000165244,ENST00000375256,ZNF367
ENSG00000130956,ENST00000375249,HABP4
ENSG00000081377,ENST00000375241,CDC14B
ENSG00000158122,ENST00000375234,PRXL2C
ENSG00000081386,ENST00000223428,ZNF510
ENSG00000196597,ENST00000481138,ZNF782
ENSG00000188152,ENST00000372322,NUTM2G
ENSG00000136943,ENST00000259470,CTSV
ENSG00000197816,ENST00000529487,CCDC180
ENSG00000196116,ENST00000355295,TDRD7
ENSG00000136842,ENST00000259365,TMOD1
ENSG00000136925,ENST00000341170,TSTD2
ENSG00000136937,ENST00000375147,NCBP1
ENSG00000136936,ENST00000375128,XPA
ENSG00000178919,ENST00000375123,FOXE1
ENSG00000136932,ENST00000375119,TRMO
ENSG00000136929,ENST00000616898,HEMGN
ENSG00000136938,ENST00000339399,ANP32B
ENSG00000095380,ENST00000210444,NANS
ENSG00000106785,ENST00000341469,TRIM14
ENSG00000106789,ENST00000375077,CORO2A
ENSG00000095383,ENST00000465784,TBC1D2
ENSG00000136928,ENST00000259455,GABBR2
ENSG00000165138,ENST00000353234,ANKS6
ENSG00000119514,ENST00000375011,GALNT12
ENSG00000204291,ENST00000375001,COL15A1
ENSG00000106799,ENST00000374994,TGFBR1
ENSG00000119523,ENST00000476832,ALG2
ENSG00000106803,ENST00000223641,SEC61B
ENSG00000119508,ENST00000395097,NR4A3
ENSG00000136874,ENST00000259400,STX17
ENSG00000023318,ENST00000262455,ERP44
ENSG00000119509,ENST00000262457,INVS
ENSG00000136891,ENST00000374902,TEX10
ENSG00000066697,ENST00000395067,MSANTD3
ENSG00000241697,ENST00000374879,TMEFF1
ENSG00000170681,ENST00000307584,CAVIN4
ENSG00000148123,ENST00000374874,PLPPR1
ENSG00000136881,ENST00000259407,BAAT
ENSG00000136897,ENST00000374865,MRPL50
ENSG00000136870,ENST00000339664,ZNF189
ENSG00000136872,ENST00000647789,ALDOB
ENSG00000165152,ENST00000374848,PGAP4
ENSG00000155827,ENST00000389120,RNF20
ENSG00000198785,ENST00000361820,GRIN3A
ENSG00000188386,ENST00000374806,PPP3R2
ENSG00000155833,ENST00000374798,CYLC2
ENSG00000136824,ENST00000374793,SMC2
ENSG00000186881,ENST00000334726,OR13F1
ENSG00000148136,ENST00000277216,OR13C4
ENSG00000204246,ENST00000641090,OR13C3
ENSG00000186943,ENST00000335040,OR13C8
ENSG00000277556,ENST00000374779,OR13C5
ENSG00000276119,ENST00000542196,OR13C2
ENSG00000136839,ENST00000259362,OR13C9
ENSG00000179055,ENST00000641530,OR13D1
ENSG00000136783,ENST00000374767,NIPSNAP3A
ENSG00000165028,ENST00000374762,NIPSNAP3B
ENSG00000165029,ENST00000374736,ABCA1
ENSG00000070214,ENST00000374720,SLC44A1
ENSG00000106701,ENST00000481272,FSD1L
ENSG00000106692,ENST00000357998,FKTN
ENSG00000186051,ENST00000334077,TAL2
ENSG00000095209,ENST00000374692,TMEM38B
ENSG00000148143,ENST00000277225,ZNF462
ENSG00000119318,ENST00000358015,RAD23B
ENSG00000136826,ENST00000374672,KLF4
ENSG00000148156,ENST00000374667,ACTL7B
ENSG00000187003,ENST00000333999,ACTL7A
ENSG00000070061,ENST00000374647,ELP1
ENSG00000119328,ENST00000322940,ABITRAM
ENSG00000119326,ENST00000325551,CTNNAL1
ENSG00000106771,ENST00000374586,TMEM245
ENSG00000260230,ENST00000561981,FRRS1L
ENSG00000095203,ENST00000374566,EPB41L4B
ENSG00000070159,ENST00000374541,PTPN3
ENSG00000157654,ENST00000374530,PALM2AKAP2
ENSG00000188959,ENST00000400613,C9orf152
ENSG00000136810,ENST00000374517,TXN
ENSG00000204193,ENST00000374511,TXNDC8
ENSG00000165124,ENST00000374469,SVEP1
ENSG00000030304,ENST00000374448,MUSK
ENSG00000198121,ENST00000683809,LPAR1
ENSG00000171133,ENST00000302681,OR2K2
ENSG00000136813,ENST00000684092,ECPAS
ENSG00000173258,ENST00000309235,ZNF483
ENSG00000106853,ENST00000407693,PTGR1
ENSG00000059769,ENST00000313525,DNAJC25
ENSG00000242616,ENST00000374293,GNG10
ENSG00000165181,ENST00000682961,SHOC1
ENSG00000148154,ENST00000374279,UGCG
ENSG00000106868,ENST00000374270,SUSD1
ENSG00000119314,ENST00000374257,PTBP3
ENSG00000119471,ENST00000398805,HSDL2
ENSG00000165185,ENST00000337530,KIAA1958
ENSG00000148153,ENST00000374242,INIP
ENSG00000148158,ENST00000374232,SNX30
ENSG00000119457,ENST00000374228,SLC46A2
ENSG00000228623,ENST00000639662,ZNF883
ENSG00000136866,ENST00000374227,ZFP37
ENSG00000136867,ENST00000259392,SLC31A2
ENSG00000119321,ENST00000238256,FKBP15
ENSG00000136868,ENST00000374212,SLC31A1
ENSG00000176386,ENST00000374206,CDC26
ENSG00000136875,ENST00000374198,PRPF4
ENSG00000165188,ENST00000489339,RNF183
ENSG00000148225,ENST00000374193,WDR31
ENSG00000119411,ENST00000374183,BSPRY
ENSG00000119431,ENST00000374180,HDHD3
ENSG00000148218,ENST00000409155,ALAD
ENSG00000148229,ENST00000374171,POLE3
ENSG00000157653,ENST00000374165,C9orf43
ENSG00000138835,ENST00000695401,RGS3
ENSG00000157657,ENST00000374126,ZNF618
ENSG00000106927,ENST00000265132,AMBP
ENSG00000136883,ENST00000640217,KIF12
ENSG00000196739,ENST00000356083,COL27A1
ENSG00000229314,ENST00000259396,ORM1
ENSG00000228278,ENST00000431067,ORM2
ENSG00000106948,ENST00000374088,AKNA
ENSG00000095397,ENST00000362057,WHRN
ENSG00000136888,ENST00000374050,ATP6V1G1
ENSG00000157693,ENST00000288502,TMEM268
ENSG00000230054,ENST00000423632,TEX53
ENSG00000230601,ENST00000436752,TEX48
ENSG00000181634,ENST00000374045,TNFSF15
ENSG00000106952,ENST00000223795,TNFSF8
ENSG00000041982,ENST00000350763,TNC
ENSG00000182752,ENST00000328252,PAPPA
ENSG00000148219,ENST00000313400,ASTN2
ENSG00000119401,ENST00000450136,TRIM32
ENSG00000136869,ENST00000355622,TLR4
ENSG00000078725,ENST00000265922,BRINP1
ENSG00000136861,ENST00000349780,CDK5RAP2
ENSG00000106780,ENST00000373930,MEGF9
ENSG00000119402,ENST00000608872,FBXW2
ENSG00000214654,ENST00000689072,B3GALT9
ENSG00000095261,ENST00000210313,PSMD5
ENSG00000119403,ENST00000373896,PHF19
ENSG00000056558,ENST00000373887,TRAF1
ENSG00000106804,ENST00000223642,C5
ENSG00000119397,ENST00000373855,CNTRL
ENSG00000119396,ENST00000373840,RAB14
ENSG00000148180,ENST00000432226,GSN
ENSG00000148175,ENST00000286713,STOM
ENSG00000204136,ENST00000481799,GGTA1
ENSG00000136848,ENST00000408936,DAB2IP
ENSG00000175764,ENST00000321582,TTLL11
ENSG00000119421,ENST00000373768,NDUFA8
ENSG00000185681,ENST00000373764,MORN5
ENSG00000106852,ENST00000394319,LHX6
ENSG00000119446,ENST00000417201,RBM18
ENSG00000148187,ENST00000344641,MRRF
ENSG00000095303,ENST00000362012,PTGS1
ENSG00000136834,ENST00000259357,OR1J1
ENSG00000197233,ENST00000335302,OR1J2
ENSG00000239590,ENST00000340750,OR1J4
ENSG00000171505,ENST00000304880,OR1N1
ENSG00000171501,ENST00000373688,OR1N2
ENSG00000171496,ENST00000641027,OR1L8
ENSG00000165202,ENST00000297913,OR1Q1
ENSG00000280094,ENST00000623530,OR1B1
ENSG00000173679,ENST00000309623,OR1L1
ENSG00000171481,ENST00000304820,OR1L3
ENSG00000136939,ENST00000259466,OR1L4
ENSG00000171459,ENST00000304720,OR1L6
ENSG00000148215,ENST00000373680,OR5C1
ENSG00000136940,ENST00000259467,PDCL
ENSG00000165204,ENST00000277309,OR1K1
ENSG00000056586,ENST00000357244,RC3H2
ENSG00000186130,ENST00000373659,ZBTB6
ENSG00000171448,ENST00000373656,ZBTB26
ENSG00000011454,ENST00000373647,RABGAP1
ENSG00000188394,ENST00000616002,GPR21
ENSG00000165209,ENST00000348403,STRBP
ENSG00000148204,ENST00000373631,CRB2
ENSG00000119522,ENST00000394215,DENND1A
ENSG00000106689,ENST00000373615,LHX2
ENSG00000119408,ENST00000320246,NEK6
ENSG00000136930,ENST00000259457,PSMB7
ENSG00000180264,ENST00000696331,ADGRD2
ENSG00000136931,ENST00000373588,NR5A1
ENSG00000148200,ENST00000487099,NR6A1
ENSG00000185585,ENST00000373580,OLFML2A
ENSG00000136918,ENST00000373574,WDR38
ENSG00000136942,ENST00000348462,RPL35
ENSG00000136950,ENST00000353214,ARPC5L
ENSG00000136935,ENST00000373555,GOLGA1
ENSG00000173611,ENST00000336505,SCAI
ENSG00000119414,ENST00000373547,PPP6C
ENSG00000136933,ENST00000373538,RABEPK
ENSG00000044574,ENST00000324460,HSPA5
ENSG00000165219,ENST00000297933,GAPVD1
ENSG00000119487,ENST00000265960,MAPKAP1
ENSG00000167081,ENST00000373489,PBX3
ENSG00000196814,ENST00000361171,MVB12B
ENSG00000136944,ENST00000373474,LMX1B
ENSG00000169155,ENST00000373464,ZBTB43
ENSG00000177125,ENST00000319119,ZBTB34
ENSG00000136828,ENST00000259351,RALGPS1
ENSG00000136859,ENST00000373425,ANGPTL2
ENSG00000136895,ENST00000373387,GARNL3
ENSG00000136856,ENST00000373371,SLC2A8
ENSG00000196152,ENST00000342483,ZNF79
ENSG00000197958,ENST00000361436,RPL12
ENSG00000148356,ENST00000300417,LRSAM1
ENSG00000136830,ENST00000373312,NIBAN2
ENSG00000136854,ENST00000373299,STXBP1
ENSG00000187024,ENST00000543175,PTRH1
ENSG00000160401,ENST00000373295,CFAP157
ENSG00000167094,ENST00000373289,TTC16
ENSG00000160404,ENST00000373284,TOR2A
ENSG00000095370,ENST00000314830,SH2D3C
ENSG00000136807,ENST00000373264,CDK9
ENSG00000136877,ENST00000373247,FPGS
ENSG00000106991,ENST00000373203,ENG
ENSG00000106992,ENST00000644144,AK1
ENSG00000160408,ENST00000373146,ST6GALNAC6
ENSG00000136840,ENST00000335791,ST6GALNAC4
ENSG00000167103,ENST00000388747,PIP5KL1
ENSG00000136908,ENST00000314392,DPM2
ENSG00000167106,ENST00000373095,EEIG1
ENSG00000171169,ENST00000373078,NAIF1
ENSG00000148339,ENST00000373069,SLC25A25
ENSG00000148334,ENST00000338961,PTGES2
ENSG00000148346,ENST00000277480,LCN2
ENSG00000171159,ENST00000372994,BBLN
ENSG00000148337,ENST00000372938,CIZ1
ENSG00000106976,ENST00000372923,DNM1
ENSG00000167110,ENST00000611957,GOLGA2
ENSG00000175854,ENST00000418976,SWI5
ENSG00000167112,ENST00000372890,TRUB2
ENSG00000167113,ENST00000300452,COQ4
ENSG00000167114,ENST00000300456,SLC27A4
ENSG00000167118,ENST00000372853,URM1
ENSG00000167123,ENST00000372838,CERCAM
ENSG00000136811,ENST00000351030,ODF2
ENSG00000119392,ENST00000309971,GLE1
ENSG00000197694,ENST00000372739,SPTAN1
ENSG00000119333,ENST00000372715,DYNC2I2
ENSG00000119335,ENST00000322030,SET
ENSG00000160447,ENST00000291906,PKN3
ENSG00000160446,ENST00000372663,ZDHHC12
ENSG00000160445,ENST00000291900,ZER1
ENSG00000107021,ENST00000372648,TBC1D13
ENSG00000167136,ENST00000372642,ENDOG
ENSG00000198917,ENST00000361256,SPOUT1
ENSG00000171097,ENST00000302586,KYAT1
ENSG00000136802,ENST00000372600,LRRC8A
ENSG00000175287,ENST00000372592,PHYHD1
ENSG00000175283,ENST00000372586,DOLK
ENSG00000095319,ENST00000372577,NUP188
ENSG00000148341,ENST00000372564,SH3GLB2
ENSG00000148343,ENST00000684074,MIGA2
ENSG00000167130,ENST00000372546,DOLPP1
ENSG00000095321,ENST00000318080,CRAT
ENSG00000119383,ENST00000393370,PTPA
ENSG00000188483,ENST00000372491,IER5L
ENSG00000148335,ENST00000372483,NTMT1
ENSG00000179058,ENST00000372478,C9orf50
ENSG00000148331,ENST00000277458,ASB6
ENSG00000167157,ENST00000372469,PRRX2
ENSG00000148344,ENST00000340607,PTGES
ENSG00000136816,ENST00000259339,TOR1B
ENSG00000136827,ENST00000351698,TOR1A
ENSG00000136819,ENST00000372447,C9orf78
ENSG00000136878,ENST00000372429,USP20
ENSG00000187239,ENST00000446176,FNBP1
ENSG00000148358,ENST00000347136,GPR107
ENSG00000107130,ENST00000372398,NCS1
ENSG00000148357,ENST00000683500,HMCN2
ENSG00000130707,ENST00000352480,ASS1
ENSG00000107164,ENST00000319725,FUBP3
ENSG00000130711,ENST00000253008,PRDM12
ENSG00000130713,ENST00000372358,EXOSC2
ENSG00000097007,ENST00000318560,ABL1
ENSG00000288570,ENST00000674075,ENSG00000288570
ENSG00000188710,ENST00000623824,QRFP
ENSG00000130720,ENST00000372338,FIBCD1
ENSG00000050555,ENST00000361069,LAMC3
ENSG00000126878,ENST00000247291,AIF1L
ENSG00000126883,ENST00000359428,NUP214
ENSG00000126882,ENST00000372271,FAM78A
ENSG00000160539,ENST00000372264,PLPP7
ENSG00000288701,ENST00000683519,PRRC2B
ENSG00000130714,ENST00000402686,POMT1
ENSG00000130717,ENST00000372215,UCK1
ENSG00000283526,ENST00000636672,PRRT1B
ENSG00000107263,ENST00000683357,RAPGEF1
ENSG00000160563,ENST00000292035,MED27
ENSG00000196358,ENST00000393229,NTNG2
ENSG00000107290,ENST00000224140,SETX
ENSG00000125482,ENST00000334270,TTF1
ENSG00000188523,ENST00000393216,CFAP77
ENSG00000125492,ENST00000263610,BARHL1
ENSG00000125485,ENST00000372159,DDX31
ENSG00000125484,ENST00000372146,GTF3C4
ENSG00000165695,ENST00000298545,AK8
ENSG00000165698,ENST00000356311,SPACA9
ENSG00000165699,ENST00000298552,TSC1
ENSG00000165702,ENST00000372122,GFI1B
ENSG00000148308,ENST00000372097,GTF3C5
ENSG00000170835,ENST00000372080,CEL
ENSG00000160271,ENST00000372050,RALGDS
ENSG00000148288,ENST00000372040,GBGT1
ENSG00000171102,ENST00000372034,OBP2B
ENSG00000148296,ENST00000372022,SURF6
ENSG00000148297,ENST00000343730,MED22
ENSG00000148303,ENST00000323345,RPL7A
ENSG00000148290,ENST00000371974,SURF1
ENSG00000148291,ENST00000371964,SURF2
ENSG00000148248,ENST00000371989,SURF4
ENSG00000198870,ENST00000371957,STKLD1
ENSG00000148300,ENST00000371942,REXO4
ENSG00000160323,ENST00000355699,ADAMTS13
ENSG00000160325,ENST00000316948,CACFD1
ENSG00000160326,ENST00000371899,SLC2A6
ENSG00000187616,ENST00000339996,MYMK
ENSG00000197859,ENST00000651351,ADAMTSL2
ENSG00000196990,ENST00000673969,FAM163B
ENSG00000123454,ENST00000393056,DBH
ENSG00000123453,ENST00000439388,SARDH
ENSG00000160293,ENST00000371850,VAV2
ENSG00000235106,ENST00000603928,BRD3OS
ENSG00000169925,ENST00000303407,BRD3
ENSG00000196363,ENST00000358625,WDR5
ENSG00000186350,ENST00000481739,RXRA
ENSG00000130635,ENST00000371817,COL5A1
ENSG00000160339,ENST00000291744,FCN2
ENSG00000085265,ENST00000371806,FCN1
ENSG00000130558,ENST00000371793,OLFM1
ENSG00000196422,ENST00000356818,PPP1R26
ENSG00000160345,ENST00000429260,PIERCE1
ENSG00000122140,ENST00000241600,MRPS2
ENSG00000160349,ENST00000371781,LCN1
ENSG00000122136,ENST00000371776,OBP2A
ENSG00000122133,ENST00000479141,PAEP
ENSG00000236543,ENST00000430816,ENSG00000236543
ENSG00000204007,ENST00000371763,GLT6D1
ENSG00000148386,ENST00000619315,LCN9
ENSG00000165643,ENST00000425225,SOHLH1
ENSG00000107147,ENST00000371757,KCNT1
ENSG00000130559,ENST00000389532,CAMSAP1
ENSG00000130560,ENST00000371756,UBAC1
ENSG00000148411,ENST00000277554,NACC2
ENSG00000238227,ENST00000418388,TMEM250
ENSG00000107187,ENST00000371748,LHX3
ENSG00000165661,ENST00000358701,QSOX2
ENSG00000260220,ENST00000638797,CCDC187
ENSG00000160360,ENST00000440944,GPSM1
ENSG00000213221,ENST00000371738,DNLZ
ENSG00000187796,ENST00000371732,CARD9
ENSG00000165684,ENST00000684778,SNAPC4
ENSG00000165689,ENST00000357365,ENTR1
ENSG00000165688,ENST00000371717,PMPCA
ENSG00000148384,ENST00000371712,INPP5E
ENSG00000148396,ENST00000684901,SEC16A
ENSG00000148400,ENST00000651671,NOTCH1
ENSG00000172889,ENST00000308874,EGFL7
ENSG00000169692,ENST00000371696,AGPAT2
ENSG00000165716,ENST00000371692,DIPK1B
ENSG00000187922,ENST00000497771,LCN10
ENSG00000267206,ENST00000341206,LCN6
ENSG00000204001,ENST00000371688,LCN8
ENSG00000177984,ENST00000316144,LCN15
ENSG00000244187,ENST00000290079,TMEM141
ENSG00000213213,ENST00000338005,CCDC183
ENSG00000196642,ENST00000311502,RABL6
ENSG00000232434,ENST00000436881,AJM1
ENSG00000054148,ENST00000247665,PHPT1
ENSG00000177943,ENST00000317446,MAMDC4
ENSG00000107223,ENST00000224073,EDF1
ENSG00000127191,ENST00000247668,TRAF2
ENSG00000159069,ENST00000325285,FBXW5
ENSG00000176919,ENST00000371634,C8G
ENSG00000184925,ENST00000371633,LCN12
ENSG00000107317,ENST00000371625,PTGDS
ENSG00000214402,ENST00000408973,LCNL1
ENSG00000310560,ENST00000371620,PAXX
ENSG00000169583,ENST00000494426,CLIC3
ENSG00000107331,ENST00000341511,ABCA2
ENSG00000180549,ENST00000314412,FUT7
ENSG00000107281,ENST00000371601,NPDC1
ENSG00000054179,ENST00000355097,ENTPD2
ENSG00000186193,ENST00000409687,SAPCD2
ENSG00000197355,ENST00000409858,UAP1L1
ENSG00000177239,ENST00000371589,MAN1B1
ENSG00000176978,ENST00000371579,DPP7
ENSG00000176884,ENST00000371561,GRIN1
ENSG00000184709,ENST00000371542,LRRC26
ENSG00000185863,ENST00000413619,TMEM210
ENSG00000176248,ENST00000323927,ANAPC2
ENSG00000176101,ENST00000322310,SSNA1
ENSG00000176058,ENST00000409012,TPRN
ENSG00000187713,ENST00000343666,TMEM203
ENSG00000188566,ENST00000684003,NDOR1
ENSG00000284976,ENST00000645271,ENSG00000284976
ENSG00000212864,ENST00000391553,RNF208
ENSG00000197191,ENST00000650725,CYSRT1
ENSG00000233198,ENST00000445101,RNF224
ENSG00000198569,ENST00000673835,SLC34A3
ENSG00000188229,ENST00000340384,TUBB4B
ENSG00000188163,ENST00000344774,CIMIP2A
ENSG00000197768,ENST00000412566,STPG3
ENSG00000188986,ENST00000343053,NELFB
ENSG00000198113,ENST00000357503,TOR4A
ENSG00000198435,ENST00000356628,NRARP
ENSG00000187609,ENST00000340951,EXD3
ENSG00000188747,ENST00000683555,NOXA1
ENSG00000188833,ENST00000371506,ENTPD8
ENSG00000165802,ENST00000371475,NSMF
ENSG00000130653,ENST00000406427,PNPLA7
ENSG00000182154,ENST00000371443,MRPL41
ENSG00000148399,ENST00000277540,DPH7
ENSG00000165724,ENST00000298585,ZMYND19
ENSG00000197070,ENST00000371421,ARRDC1
ENSG00000181090,ENST00000460843,EHMT1
ENSG00000148408,ENST00000371372,CACNA1B
ENSG00000261456,ENST00000568584,TUBB8
ENSG00000015171,ENST00000381604,ZMYND11
ENSG00000151240,ENST00000280886,DIP2C
ENSG00000107929,ENST00000316157,LARP4B
ENSG00000107937,ENST00000360803,GTPBP4
ENSG00000148377,ENST00000277517,IDI2
ENSG00000067064,ENST00000381344,IDI1
ENSG00000047056,ENST00000263150,WDR37
ENSG00000185736,ENST00000381312,ADARB2
ENSG00000067057,ENST00000381125,PFKP
ENSG00000107959,ENST00000224949,PITRM1
ENSG00000067082,ENST00000497571,KLF6
ENSG00000165568,ENST00000298375,AKR1E2
ENSG00000187134,ENST00000380872,AKR1C1
ENSG00000151632,ENST00000380753,AKR1C2
ENSG00000196139,ENST00000380554,AKR1C3
ENSG00000264006,ENST00000648824,AKR1C8
ENSG00000198610,ENST00000263126,AKR1C4
ENSG00000178473,ENST00000380433,UCN3
ENSG00000178462,ENST00000380419,TUBAL3
ENSG00000173848,ENST00000355029,NET1
ENSG00000178372,ENST00000380332,CALML5
ENSG00000178363,ENST00000315238,CALML3
ENSG00000196372,ENST00000357700,ASB13
ENSG00000108021,ENST00000695737,TASOR2
ENSG00000057608,ENST00000380191,GDI2
ENSG00000134461,ENST00000380094,ANKRD16
ENSG00000134452,ENST00000362091,FBH1
ENSG00000134470,ENST00000379977,IL15RA
ENSG00000134460,ENST00000379959,IL2RA
ENSG00000134453,ENST00000379888,RBM17
ENSG00000170525,ENST00000379775,PFKFB3
ENSG00000065675,ENST00000263125,PRKCQ
ENSG00000198879,ENST00000397167,SFMBT2
ENSG00000123243,ENST00000397146,ITIH5
ENSG00000151655,ENST00000358415,ITIH2
ENSG00000151657,ENST00000379562,KIN
ENSG00000165629,ENST00000356708,ATP5F1C
ENSG00000165632,ENST00000344293,TAF3
ENSG00000107485,ENST00000379328,GATA3
ENSG00000048740,ENST00000633077,CELF2
ENSG00000148429,ENST00000609104,USP6NL
ENSG00000134463,ENST00000379215,ECHDC3
ENSG00000148426,ENST00000277570,PROSER2
ENSG00000151461,ENST00000357604,UPF2
ENSG00000181192,ENST00000263035,DHTKD1
ENSG00000065665,ENST00000298428,SEC61A2
ENSG00000165609,ENST00000491614,NUDT5
ENSG00000151465,ENST00000281141,CDC123
ENSG00000183049,ENST00000619168,CAMK1D
ENSG00000151468,ENST00000378825,CCDC3
ENSG00000123240,ENST00000378747,OPTN
ENSG00000065328,ENST00000378714,MCM10
ENSG00000165623,ENST00000378681,UCMA
ENSG00000107537,ENST00000263038,PHYH
ENSG00000086475,ENST00000327347,SEPHS1
ENSG00000165626,ENST00000466271,BEND7
ENSG00000165630,ENST00000378572,PRPF18
ENSG00000151474,ENST00000357447,FRMD4A
ENSG00000065809,ENST00000181796,FAM107B
ENSG00000185267,ENST00000465530,CDNF
ENSG00000284024,ENST00000640019,MSANTD7
ENSG00000187522,ENST00000378372,HSPA14
ENSG00000152455,ENST00000354919,SUV39H2
ENSG00000152457,ENST00000378278,DCLRE1C
ENSG00000197889,ENST00000407572,MEIG1
ENSG00000152463,ENST00000378228,OLAH
ENSG00000176244,ENST00000356189,ACBD7
ENSG00000152464,ENST00000378197,RPP38
ENSG00000152465,ENST00000378165,NMT2
ENSG00000148468,ENST00000378116,FAM171A1
ENSG00000077943,ENST00000378076,ITGA8
ENSG00000148481,ENST00000277632,MINDY3
ENSG00000165983,ENST00000535784,PTER
ENSG00000165985,ENST00000298943,C1QL3
ENSG00000148484,ENST00000345264,RSU1
ENSG00000107611,ENST00000377833,CUBN
ENSG00000107614,ENST00000377799,TRDMT1
ENSG00000026025,ENST00000544301,VIM
ENSG00000148488,ENST00000377602,ST8SIA6
ENSG00000165996,ENST00000361271,HACD1
ENSG00000136738,ENST00000377524,STAM
ENSG00000148483,ENST00000377495,TMEM236
ENSG00000260314,ENST00000569591,MRC1
ENSG00000148482,ENST00000377369,SLC39A12
ENSG00000165995,ENST00000324631,CACNB2
ENSG00000241058,ENST00000377304,NSUN6
ENSG00000165997,ENST00000377275,ARL5B
ENSG00000204740,ENST00000454679,MALRD1
ENSG00000120594,ENST00000377252,PLXDC2
ENSG00000078114,ENST00000377122,NEBL
ENSG00000180592,ENST00000449193,SKIDA1
ENSG00000078403,ENST00000307729,MLLT10
ENSG00000136770,ENST00000376980,DNAJC1
ENSG00000223601,ENST00000422359,EBLN1
ENSG00000148444,ENST00000376836,COMMD3
ENSG00000168283,ENST00000376663,BMI1
ENSG00000077327,ENST00000376624,SPAG6
ENSG00000150867,ENST00000376573,PIP4K2A
ENSG00000165309,ENST00000298032,ARMC3
ENSG00000148450,ENST00000376510,MSRB2
ENSG00000168267,ENST00000376504,PTF1A
ENSG00000179133,ENST00000636213,C10orf67
ENSG00000165312,ENST00000376495,OTUD1
ENSG00000120549,ENST00000376454,KIAA1217
ENSG00000107863,ENST00000396432,ARHGAP21
ENSG00000099256,ENST00000320152,PRTFDC1
ENSG00000151023,ENST00000331161,ENKUR
ENSG00000185875,ENST00000376356,THNSL1
ENSG00000151025,ENST00000376351,GPR158
ENSG00000095777,ENST00000642920,MYO3A
ENSG00000136750,ENST00000376261,GAD2
ENSG00000077420,ENST00000376236,APBB1IP
ENSG00000148459,ENST00000376215,PDSS1
ENSG00000136754,ENST00000376140,ABI1
ENSG00000107890,ENST00000376087,ANKRD26
ENSG00000136758,ENST00000376016,YME1L1
ENSG00000120539,ENST00000375940,MASTL
ENSG00000107897,ENST00000396271,ACBD5
ENSG00000099246,ENST00000356940,RAB18
ENSG00000150051,ENST00000419761,MKX
ENSG00000169126,ENST00000305242,ODAD2
ENSG00000150054,ENST00000683449,MPP7
ENSG00000095787,ENST00000354911,WAC
ENSG00000095739,ENST00000375533,BAMBI
ENSG00000120563,ENST00000649382,LYZL1
ENSG00000197321,ENST00000355867,SVIL
ENSG00000165757,ENST00000375377,JCAD
ENSG00000107951,ENST00000263063,MTPAP
ENSG00000107968,ENST00000263056,MAP3K8
ENSG00000151033,ENST00000647634,LYZL2
ENSG00000183621,ENST00000436087,ZNF438
ENSG00000148516,ENST00000424869,ZEB1
ENSG00000165322,ENST00000344936,ARHGAP12
ENSG00000170759,ENST00000302418,KIF5B
ENSG00000120616,ENST00000319778,EPC1
ENSG00000216937,ENST00000639629,CCDC7
ENSG00000150093,ENST00000302278,ITGB1
ENSG00000099250,ENST00000374867,NRP1
ENSG00000148498,ENST00000374788,PARD3
ENSG00000108094,ENST00000374749,CUL2
ENSG00000095794,ENST00000685392,CREM
ENSG00000108100,ENST00000374704,CCNY
ENSG00000177291,ENST00000321660,GJD4
ENSG00000177283,ENST00000374694,FZD8
ENSG00000148513,ENST00000361713,ANKRD30A
ENSG00000198105,ENST00000395867,ZNF248
ENSG00000175395,ENST00000302609,ZNF25
ENSG00000189180,ENST00000432900,ZNF33A
ENSG00000075407,ENST00000685332,ZNF37A
ENSG00000196693,ENST00000359467,ZNF33B
ENSG00000165733,ENST00000374518,BMS1
ENSG00000165731,ENST00000355710,RET
ENSG00000169826,ENST00000374466,CSGALNACT2
ENSG00000198915,ENST00000395810,RASGEF1A
ENSG00000150201,ENST00000476166,FXYD4
ENSG00000169813,ENST00000682386,HNRNPF
ENSG00000243660,ENST00000437590,ZNF487
ENSG00000196793,ENST00000374446,ZNF239
ENSG00000198298,ENST00000361807,ZNF485
ENSG00000169740,ENST00000374433,ZNF32
ENSG00000107562,ENST00000343575,CXCL12
ENSG00000187783,ENST00000389583,TMEM72
ENSG00000107551,ENST00000340258,RASSF4
ENSG00000165507,ENST00000298295,DEPP1
ENSG00000165512,ENST00000298299,ZNF22
ENSG00000256574,ENST00000553795,OR13A1
ENSG00000012779,ENST00000374391,ALOX5
ENSG00000165406,ENST00000453424,MARCHF8
ENSG00000172671,ENST00000344646,ZFAND4
ENSG00000172661,ENST00000623400,WASHC2C
ENSG00000188234,ENST00000616763,AGAP4
ENSG00000265354,ENST00000580018,TIMM23
ENSG00000266412,ENST00000581486,NCOA4
ENSG00000263639,ENST00000582163,MSMB
ENSG00000274209,ENST00000620264,ANTXRL
ENSG00000264230,ENST00000619162,ANXA8L1
ENSG00000204174,ENST00000374312,NPY4R
ENSG00000204175,ENST00000374314,GPRIN2
ENSG00000204176,ENST00000374321,SYT15
ENSG00000204179,ENST00000374339,PTPN20
ENSG00000266524,ENST00000580279,GDF10
ENSG00000263761,ENST00000581492,GDF2
ENSG00000265203,ENST00000584701,RBP3
ENSG00000265763,ENST00000585316,ZNF488
ENSG00000265190,ENST00000585281,ANXA8
ENSG00000189090,ENST00000452267,FAM25G
ENSG00000204172,ENST00000452145,AGAP9
ENSG00000277758,ENST00000615923,SYT15B
ENSG00000264717,ENST00000576178,NPY4R2
ENSG00000276430,ENST00000617224,FAM25C
ENSG00000170324,ENST00000374201,FRMPD2
ENSG00000107643,ENST00000374189,MAPK8
ENSG00000128805,ENST00000249601,ARHGAP22
ENSG00000128815,ENST00000325239,WDFY4
ENSG00000165383,ENST00000374160,LRRC18
ENSG00000165633,ENST00000332853,VSTM4
ENSG00000172538,ENST00000311787,FAM170B
ENSG00000204161,ENST00000374153,TMEM273
ENSG00000177354,ENST00000374144,C10orf71
ENSG00000165606,ENST00000374139,DRGX
ENSG00000225830,ENST00000355832,ERCC6
ENSG00000070748,ENST00000337653,CHAT
ENSG00000187714,ENST00000374115,SLC18A3
ENSG00000178645,ENST00000374111,C10orf53
ENSG00000197444,ENST00000374103,OGDHL
ENSG00000227345,ENST00000616448,PARG
ENSG00000204152,ENST00000651259,TIMM23B
ENSG00000204149,ENST00000412531,AGAP6
ENSG00000099290,ENST00000282633,WASHC2A
ENSG00000188611,ENST00000682911,ASAH2
ENSG00000198964,ENST00000361781,SGMS1
ENSG00000204147,ENST00000647317,ASAH2B
ENSG00000148584,ENST00000373997,A1CF
ENSG00000185532,ENST00000373980,PRKG1
ENSG00000177613,ENST00000331173,CSTF2T
ENSG00000107984,ENST00000373970,DKK1
ENSG00000165471,ENST00000674931,MBL2
ENSG00000150275,ENST00000644397,PCDH15
ENSG00000122952,ENST00000373944,ZWINT
ENSG00000151151,ENST00000373935,IPMK
ENSG00000122873,ENST00000333926,CISD1
ENSG00000072401,ENST00000373910,UBE2D1
ENSG00000108064,ENST00000487519,TFAM
ENSG00000122870,ENST00000373886,BICC1
ENSG00000165443,ENST00000373880,PHYHIPL
ENSG00000148541,ENST00000618804,FAM13C
ENSG00000165449,ENST00000395348,SLC16A9
ENSG00000227877,ENST00000414264,MRLN
ENSG00000108091,ENST00000263102,CCDC6
ENSG00000151150,ENST00000280772,ANK3
ENSG00000170312,ENST00000395284,CDK1
ENSG00000072422,ENST00000337910,RHOBTB1
ENSG00000196932,ENST00000399298,TMEM26
ENSG00000183346,ENST00000648843,CABCOCO1
ENSG00000150347,ENST00000279873,ARID5B
ENSG00000182010,ENST00000373789,RTKN2
ENSG00000138311,ENST00000395254,ZNF365
ENSG00000181915,ENST00000373783,ADO
ENSG00000122877,ENST00000242480,EGR2
ENSG00000148572,ENST00000277746,NRBF2
ENSG00000171988,ENST00000399262,JMJD1C
ENSG00000165476,ENST00000373758,REEP3
ENSG00000183230,ENST00000433211,CTNNA3
ENSG00000198739,ENST00000361320,LRRTM3
ENSG00000108176,ENST00000225171,DNAJC12
ENSG00000096717,ENST00000212015,SIRT1
ENSG00000148634,ENST00000373700,HERC4
ENSG00000138347,ENST00000358913,MYPN
ENSG00000179774,ENST00000373673,ATOH7
ENSG00000108187,ENST00000358769,PBLD
ENSG00000096746,ENST00000265866,HNRNPH3
ENSG00000204130,ENST00000602465,RUFY2
ENSG00000138346,ENST00000358410,DNA2
ENSG00000122912,ENST00000609923,SLC25A16
ENSG00000138336,ENST00000373644,TET1
ENSG00000060339,ENST00000265872,CCAR1
ENSG00000165730,ENST00000298596,STOX1
ENSG00000107625,ENST00000373585,DDX50
ENSG00000165732,ENST00000354185,DDX21
ENSG00000198954,ENST00000361983,KIFBP
ENSG00000122862,ENST00000242465,SRGN
ENSG00000122958,ENST00000263559,VPS26A
ENSG00000156502,ENST00000359655,SUPV3L1
ENSG00000156510,ENST00000354624,HKDC1
ENSG00000156515,ENST00000359426,HK1
ENSG00000075073,ENST00000373306,TACR2
ENSG00000099282,ENST00000373290,TSPAN15
ENSG00000122859,ENST00000242462,NEUROG3
ENSG00000171224,ENST00000373279,FAM241B
ENSG00000197467,ENST00000645393,COL13A1
ENSG00000099284,ENST00000373255,MACROH2A2
ENSG00000042286,ENST00000307864,AIFM2
ENSG00000156521,ENST00000287078,TYSND1
ENSG00000079332,ENST00000373241,SAR1A
ENSG00000180817,ENST00000373232,PPA1
ENSG00000148734,ENST00000277942,NPFFR1
ENSG00000172731,ENST00000446961,LRRC20
ENSG00000148730,ENST00000373218,EIF4EBP2
ENSG00000156574,ENST00000287139,NODAL
ENSG00000107719,ENST00000263563,PALD1
ENSG00000180644,ENST00000441259,PRF1
ENSG00000138316,ENST00000373207,ADAMTS14
ENSG00000166220,ENST00000456372,TBATA
ENSG00000166224,ENST00000373202,SGPL1
ENSG00000166228,ENST00000299299,PCBD1
ENSG00000107731,ENST00000335350,UNC5B
ENSG00000198246,ENST00000373189,SLC29A3
ENSG00000107736,ENST00000224721,CDH23
ENSG00000214688,ENST00000441508,C10orf105
ENSG00000107738,ENST00000394957,VSIR
ENSG00000197746,ENST00000394936,PSAP
ENSG00000122863,ENST00000373115,CHST3
ENSG00000107742,ENST00000373109,SPOCK2
ENSG00000138303,ENST00000672957,ASCC1
ENSG00000166295,ENST00000299381,ANAPC16
ENSG00000168209,ENST00000307365,DDIT4
ENSG00000148719,ENST00000444643,DNAJB12
ENSG00000107745,ENST00000361114,MICU1
ENSG00000156026,ENST00000373053,MCU
ENSG00000138315,ENST00000334011,OIT3
ENSG00000138308,ENST00000373032,PLA2G12B
ENSG00000122884,ENST00000394890,P4HA1
ENSG00000166321,ENST00000357321,NUDT13
ENSG00000122882,ENST00000372979,ECD
ENSG00000138286,ENST00000242505,FAM149B1
ENSG00000213551,ENST00000372950,DNAJC9
ENSG00000182180,ENST00000372945,MRPS16
ENSG00000156042,ENST00000355577,CFAP70
ENSG00000138279,ENST00000372921,ANXA7
ENSG00000166343,ENST00000299432,MSS51
ENSG00000107758,ENST00000360663,PPP3CB
ENSG00000166348,ENST00000687698,USP54
ENSG00000177791,ENST00000359322,MYOZ1
ENSG00000166317,ENST00000394810,SYNPO2L
ENSG00000172650,ENST00000374094,AGAP5
ENSG00000176986,ENST00000345254,SEC24C
ENSG00000196968,ENST00000372841,FUT11
ENSG00000172586,ENST00000372833,CHCHD1
ENSG00000214655,ENST00000604729,ZSWIM8
ENSG00000166507,ENST00000309979,NDST2
ENSG00000148660,ENST00000423381,CAMK2G
ENSG00000122861,ENST00000372764,PLAU
ENSG00000035403,ENST00000211998,VCL
ENSG00000185009,ENST00000355264,AP3M1
ENSG00000156110,ENST00000539909,ADK
ENSG00000156650,ENST00000287239,KAT6B
ENSG00000188716,ENST00000338487,DUSP29
ENSG00000079393,ENST00000478873,DUSP13B
ENSG00000293543,ENST00000713560,DUSP13A
ENSG00000156671,ENST00000542569,SAMD8
ENSG00000165637,ENST00000332211,VDAC2
ENSG00000165644,ENST00000372538,COMTD1
ENSG00000165655,ENST00000372524,ZNF503
ENSG00000148655,ENST00000611255,LRMDA
ENSG00000156113,ENST00000286628,KCNMA1
ENSG00000151208,ENST00000372391,DLG5
ENSG00000148606,ENST00000372371,POLR3A
ENSG00000138326,ENST00000372360,RPS24
ENSG00000108175,ENST00000334512,ZMIZ1
ENSG00000108179,ENST00000225174,PPIF
ENSG00000165424,ENST00000372336,ZCCHC24
ENSG00000253626,ENST00000520547,EIF5AL1
ENSG00000185303,ENST00000372325,SFTPA2
ENSG00000122852,ENST00000398636,SFTPA1
ENSG00000188199,ENST00000429828,NUTM2B
ENSG00000228570,ENST00000429984,NUTM2E
ENSG00000133661,ENST00000372292,SFTPD
ENSG00000133678,ENST00000372281,TMEM254
ENSG00000189129,ENST00000372263,PLAC9
ENSG00000122359,ENST00000422982,ANXA11
ENSG00000151224,ENST00000372213,MAT1A
ENSG00000170788,ENST00000372202,DYDC1
ENSG00000133665,ENST00000256039,DYDC2
ENSG00000122378,ENST00000606162,PRXL2A
ENSG00000108219,ENST00000429989,TSPAN14
ENSG00000178217,ENST00000646907,SH2D4B
ENSG00000185737,ENST00000372141,NRG3
ENSG00000165678,ENST00000372134,GHITM
ENSG00000188373,ENST00000372126,GPR15LG
ENSG00000148600,ENST00000623527,CDHR1
ENSG00000204033,ENST00000372113,LRIT2
ENSG00000148604,ENST00000652092,RGR
ENSG00000148602,ENST00000372105,LRIT1
ENSG00000107771,ENST00000372088,CCSER2
ENSG00000182771,ENST00000327946,GRID1
ENSG00000062650,ENST00000298767,WAPL
ENSG00000122375,ENST00000241891,OPN4
ENSG00000122367,ENST00000361373,LDB3
ENSG00000107779,ENST00000372037,BMPR1A
ENSG00000173269,ENST00000372027,MMRN2
ENSG00000173267,ENST00000372017,SNCG
ENSG00000148671,ENST00000372013,ADIRF
ENSG00000188100,ENST00000343959,FAM25A
ENSG00000148672,ENST00000277865,GLUD1
ENSG00000122376,ENST00000298786,SHLD2
ENSG00000184923,ENST00000381707,NUTM2A
ENSG00000214562,ENST00000381697,NUTM2D
ENSG00000107789,ENST00000371996,MINPP1
ENSG00000198682,ENST00000456849,PAPSS2
ENSG00000138138,ENST00000680024,ATAD1
ENSG00000227268,ENST00000445946,KLLN
ENSG00000171862,ENST00000371953,PTEN
ENSG00000184719,ENST00000331772,RNLS
ENSG00000204022,ENST00000371939,LIPJ
ENSG00000182333,ENST00000238983,LIPF
ENSG00000204021,ENST00000404190,LIPK
ENSG00000204020,ENST00000404459,LIPN
ENSG00000173239,ENST00000404743,LIPM
ENSG00000152766,ENST00000371930,ANKRD22
ENSG00000138134,ENST00000371926,STAMBPL1
ENSG00000107796,ENST00000224784,ACTA2
ENSG00000026103,ENST00000652046,FAS
ENSG00000138135,ENST00000371852,CH25H
ENSG00000107798,ENST00000336233,LIPA
ENSG00000119922,ENST00000371826,IFIT2
ENSG00000119917,ENST00000371818,IFIT3
ENSG00000204010,ENST00000371809,IFIT1B
ENSG00000185745,ENST00000371804,IFIT1
ENSG00000152778,ENST00000371795,IFIT5
ENSG00000152779,ENST00000371790,SLC16A12
ENSG00000152782,ENST00000307534,PANK1
ENSG00000138182,ENST00000371728,KIF20B
ENSG00000148680,ENST00000336152,HTR7
ENSG00000148688,ENST00000371703,RPP30
ENSG00000148677,ENST00000371697,ANKRD1
ENSG00000180628,ENST00000336126,PCGF5
ENSG00000165338,ENST00000298068,HECTD2
ENSG00000119938,ENST00000238994,PPP1R3C
ENSG00000107854,ENST00000371627,TNKS2
ENSG00000174721,ENST00000311575,FGFBP3
ENSG00000095564,ENST00000265990,BTAF1
ENSG00000107864,ENST00000265997,CPEB3
ENSG00000198060,ENST00000358935,MARCHF5
ENSG00000119912,ENST00000265986,IDE
ENSG00000138160,ENST00000260731,KIF11
ENSG00000152804,ENST00000282728,HHEX
ENSG00000138190,ENST00000260762,EXOC6
ENSG00000187553,ENST00000651965,CYP26C1
ENSG00000095596,ENST00000224356,CYP26A1
ENSG00000138119,ENST00000359263,MYOF
ENSG00000138180,ENST00000371485,CEP55
ENSG00000186188,ENST00000371481,FFAR4
ENSG00000138207,ENST00000371464,RBP4
ENSG00000095464,ENST00000371447,PDE6C
ENSG00000148690,ENST00000359204,FRA10AC1
ENSG00000108231,ENST00000371418,LGI1
ENSG00000176273,ENST00000427197,SLC35G1
ENSG00000138193,ENST00000371380,PLCE1
ENSG00000173145,ENST00000371361,NOC3L
ENSG00000108239,ENST00000225235,TBC1D12
ENSG00000119969,ENST00000348459,HELLS
ENSG00000108242,ENST00000285979,CYP2C18
ENSG00000165841,ENST00000371321,CYP2C19
ENSG00000138109,ENST00000260682,CYP2C9
ENSG00000138115,ENST00000371270,CYP2C8
ENSG00000173124,ENST00000394005,ACSM6
ENSG00000107438,ENST00000329399,PDLIM1
ENSG00000095637,ENST00000371247,SORBS1
ENSG00000059573,ENST00000371224,ALDH18A1
ENSG00000119977,ENST00000371217,TCTN3
ENSG00000138185,ENST00000371205,ENTPD1
ENSG00000188649,ENST00000646931,CC2D2B
ENSG00000107443,ENST00000465148,CCNJ
ENSG00000177853,ENST00000316045,ZNF518A
ENSG00000095585,ENST00000224337,BLNK
ENSG00000107447,ENST00000371174,DNTT
ENSG00000197430,ENST00000371172,OPALIN
ENSG00000095587,ENST00000357947,TLL2
ENSG00000077147,ENST00000371142,TM9SF3
ENSG00000155629,ENST00000339364,PIK3AP1
ENSG00000196233,ENST00000421806,LCOR
ENSG00000187122,ENST00000266058,SLIT1
ENSG00000213390,ENST00000358531,ARHGAP19
ENSG00000165879,ENST00000371021,FRAT1
ENSG00000181274,ENST00000371019,FRAT2
ENSG00000052749,ENST00000370992,RRP12
ENSG00000171314,ENST00000334828,PGAM1
ENSG00000171311,ENST00000370902,EXOSC1
ENSG00000171307,ENST00000393760,ZDHHC16
ENSG00000155229,ENST00000438925,MMS19
ENSG00000165886,ENST00000370664,UBTD1
ENSG00000165887,ENST00000370655,ANKRD2
ENSG00000241935,ENST00000370646,HOGA1
ENSG00000203942,ENST00000370640,C10orf62
ENSG00000171160,ENST00000307450,MORN4
ENSG00000155252,ENST00000370631,PI4K2A
ENSG00000119986,ENST00000370626,AVPI1
ENSG00000155254,ENST00000285605,MARVELD1
ENSG00000155256,ENST00000684270,ZFYVE27
ENSG00000120057,ENST00000266066,SFRP5
ENSG00000155265,ENST00000370602,GOLGA7B
ENSG00000095713,ENST00000370597,CRTAC1
ENSG00000166024,ENST00000298999,R3HCC1L
ENSG00000138131,ENST00000260702,LOXL4
ENSG00000119943,ENST00000370575,PYROXD2
ENSG00000107521,ENST00000361490,HPS1
ENSG00000172987,ENST00000370552,HPSE2
ENSG00000119946,ENST00000356713,CNNM1
ENSG00000120053,ENST00000370508,GOT1
ENSG00000119919,ENST00000344586,NKX2-3
ENSG00000155287,ENST00000370495,SLC25A28
ENSG00000198018,ENST00000370489,ENTPD7
ENSG00000119929,ENST00000370476,CUTC
ENSG00000014919,ENST00000016171,COX15
ENSG00000023839,ENST00000647814,ABCC2
ENSG00000107554,ENST00000324109,DNMBP
ENSG00000120054,ENST00000370418,CPN1
ENSG00000107566,ENST00000421367,ERLIN1
ENSG00000213341,ENST00000370397,CHUK
ENSG00000095485,ENST00000354105,CWF19L1
ENSG00000196072,ENST00000370372,BLOC1S2
ENSG00000107593,ENST00000318222,PKD2L1
ENSG00000099194,ENST00000370355,SCD
ENSG00000075290,ENST00000343737,WNT8B
ENSG00000075826,ENST00000370345,SEC31B
ENSG00000166136,ENST00000299166,NDUFB8
ENSG00000166135,ENST00000299163,HIF1AN
ENSG00000075891,ENST00000355243,PAX2
ENSG00000119906,ENST00000238961,SLF2
ENSG00000055950,ENST00000318364,MRPL43
ENSG00000095539,ENST00000210633,SEMA4G
ENSG00000107815,ENST00000311916,TWNK
ENSG00000107816,ENST00000454422,LZTS2
ENSG00000186862,ENST00000619208,PDZD7
ENSG00000107819,ENST00000393459,SFXN3
ENSG00000107821,ENST00000370200,KAZALD1
ENSG00000107807,ENST00000370196,TLX1
ENSG00000138136,ENST00000370193,LBX1
ENSG00000166167,ENST00000370187,BTRC
ENSG00000166171,ENST00000370151,DPCD
ENSG00000166169,ENST00000370162,POLL
ENSG00000107829,ENST00000331272,FBXW4
ENSG00000107831,ENST00000320185,FGF8
ENSG00000107833,ENST00000370110,NPM3
ENSG00000198408,ENST00000361464,OGA
ENSG00000120049,ENST00000356640,KCNIP2
ENSG00000120029,ENST00000370033,ARMH3
ENSG00000166189,ENST00000299238,HPS6
ENSG00000198728,ENST00000673968,LDB1
ENSG00000148840,ENST00000278070,PPRC1
ENSG00000166197,ENST00000605788,NOLC1
ENSG00000119915,ENST00000370005,ELOVL3
ENSG00000107859,ENST00000370002,PITX3
ENSG00000107862,ENST00000369983,GBF1
ENSG00000077150,ENST00000661543,NFKB2
ENSG00000059915,ENST00000020673,PSD
ENSG00000107872,ENST00000369956,FBXL15
ENSG00000107874,ENST00000369937,CUEDC2
ENSG00000120055,ENST00000625129,C10orf95
ENSG00000138111,ENST00000238936,MFSD13A
ENSG00000138107,ENST00000369905,ACTR1A
ENSG00000107882,ENST00000369902,SUFU
ENSG00000171206,ENST00000643721,TRIM8
ENSG00000138175,ENST00000260746,ARL3
ENSG00000156398,ENST00000369893,SFXN2
ENSG00000166272,ENST00000448841,WBP1L
ENSG00000148795,ENST00000369887,CYP17A1
ENSG00000166275,ENST00000339834,BORCS7
ENSG00000214435,ENST00000369880,AS3MT
ENSG00000148842,ENST00000369878,CNNM2
ENSG00000076685,ENST00000404739,NT5C2
ENSG00000235376,ENST00000441178,RPEL1
ENSG00000148798,ENST00000369849,INA
ENSG00000156374,ENST00000369847,PCGF6
ENSG00000148835,ENST00000369839,TAF5
ENSG00000173915,ENST00000369815,ATP5MK
ENSG00000148843,ENST00000369797,PDCD11
ENSG00000138172,ENST00000260743,CALHM2
ENSG00000185933,ENST00000329905,CALHM1
ENSG00000183128,ENST00000369783,CALHM3
ENSG00000107954,ENST00000369780,NEURL1
ENSG00000107957,ENST00000369774,SH3PXD2A
ENSG00000107960,ENST00000224950,STN1
ENSG00000065613,ENST00000369755,SLK
ENSG00000065618,ENST00000648076,COL17A1
ENSG00000156384,ENST00000369727,SFR1
ENSG00000197748,ENST00000357060,CFAP43
ENSG00000148834,ENST00000369713,GSTO1
ENSG00000065621,ENST00000338595,GSTO2
ENSG00000148841,ENST00000337478,ITPRIP
ENSG00000120051,ENST00000369704,CFAP58
ENSG00000156395,ENST00000369701,SORCS3
ENSG00000108018,ENST00000263054,SORCS1
ENSG00000108039,ENST00000502935,XPNPEP1
ENSG00000148700,ENST00000356080,ADD3
ENSG00000119950,ENST00000332674,MXI1
ENSG00000119953,ENST00000369603,SMNDC1
ENSG00000138166,ENST00000369583,DUSP5
ENSG00000108055,ENST00000361804,SMC3
ENSG00000203867,ENST00000369519,RBM20
ENSG00000150593,ENST00000280154,PDCD4
ENSG00000214413,ENST00000448814,BBIP1
ENSG00000108061,ENST00000369452,SHOC2
ENSG00000150594,ENST00000280155,ADRA2A
ENSG00000119927,ENST00000348367,GPAM
ENSG00000119913,ENST00000646139,TECTB
ENSG00000197142,ENST00000354655,ACSL5
ENSG00000023041,ENST00000369405,ZDHHC6
ENSG00000151532,ENST00000393077,VTI1A
ENSG00000148737,ENST00000355995,TCF7L2
ENSG00000148702,ENST00000351270,HABP2
ENSG00000197893,ENST00000359988,NRAP
ENSG00000165806,ENST00000369318,CASP7
ENSG00000148735,ENST00000694986,PLEKHS1
ENSG00000198924,ENST00000361384,DCLRE1A
ENSG00000196865,ENST00000369301,NHLRC2
ENSG00000043591,ENST00000369295,ADRB1
ENSG00000165813,ENST00000369287,CCDC186
ENSG00000095627,ENST00000695399,TDRD1
ENSG00000165816,ENST00000392982,VWA2
ENSG00000169129,ENST00000304129,AFAP1L2
ENSG00000099204,ENST00000533213,ABLIM1
ENSG00000151553,ENST00000369248,FHIP2A
ENSG00000165832,ENST00000298746,TRUB1
ENSG00000107518,ENST00000355044,ATRNL1
ENSG00000151892,ENST00000355422,GFRA1
ENSG00000182645,ENST00000333254,CCDC172
ENSG00000203837,ENST00000369230,PNLIPRP3
ENSG00000175535,ENST00000369221,PNLIP
ENSG00000187021,ENST00000358834,PNLIPRP1
ENSG00000165863,ENST00000588184,SPMIP5
ENSG00000165868,ENST00000369209,HSPA12A
ENSG00000188316,ENST00000341276,ENO4
ENSG00000187164,ENST00000355371,SHTN1
ENSG00000148704,ENST00000369206,VAX1
ENSG00000186795,ENST00000334549,KCNK18
ENSG00000165646,ENST00000644641,SLC18A2
ENSG00000165650,ENST00000334464,PDZD8
ENSG00000170370,ENST00000553456,EMX2
ENSG00000107560,ENST00000355624,RAB11FIP2
ENSG00000165669,ENST00000369183,FAM204A
ENSG00000119973,ENST00000239032,PRLHR
ENSG00000151893,ENST00000369151,CACUL1
ENSG00000188613,ENST00000425699,NANOS1
ENSG00000107581,ENST00000369144,EIF3A
ENSG00000119979,ENST00000361432,DENND10
ENSG00000183605,ENST00000355697,SFXN4
ENSG00000165672,ENST00000298510,PRDX3
ENSG00000198873,ENST00000392870,GRK5
ENSG00000148908,ENST00000369103,RGS10
ENSG00000151923,ENST00000436547,TIAL1
ENSG00000151929,ENST00000369085,BAG3
ENSG00000198825,ENST00000650623,INPP5F
ENSG00000197771,ENST00000369077,MCMBP
ENSG00000107651,ENST00000369075,SEC23IP
ENSG00000203805,ENST00000398250,PLPP4
ENSG00000120008,ENST00000263461,WDR11
ENSG00000066468,ENST00000358487,FGFR2
ENSG00000107669,ENST00000224652,ATE1
ENSG00000107672,ENST00000369023,NSMCE4A
ENSG00000138162,ENST00000369005,TACC2
ENSG00000138152,ENST00000260723,BTBD16
ENSG00000107679,ENST00000368990,PLEKHA1
ENSG00000254636,ENST00000528446,ARMS2
ENSG00000166033,ENST00000368984,HTRA1
ENSG00000187908,ENST00000338354,DMBT1
ENSG00000286135,ENST00000652090,SPADH
ENSG00000183559,ENST00000329446,C10orf120
ENSG00000138161,ENST00000392790,CUZD1
ENSG00000213185,ENST00000368898,FAM24B
ENSG00000203795,ENST00000368894,FAM24A
ENSG00000119965,ENST00000481909,C10orf88
ENSG00000179988,ENST00000406217,PSTK
ENSG00000095574,ENST00000368886,IKZF5
ENSG00000196177,ENST00000358776,ACADSB
ENSG00000188620,ENST00000357878,HMX3
ENSG00000188816,ENST00000339992,HMX2
ENSG00000154473,ENST00000368865,BUB3
ENSG00000154478,ENST00000284674,GPR26
ENSG00000121898,ENST00000241305,CPXM2
ENSG00000182022,ENST00000435907,CHST15
ENSG00000065154,ENST00000368845,OAT
ENSG00000229544,ENST00000451024,NKX1-2
ENSG00000107902,ENST00000368842,LHPP
ENSG00000189319,ENST00000337318,FAM53B
ENSG00000203791,ENST00000368836,EEF1AKMT2
ENSG00000165660,ENST00000298492,ABRAXAS2
ENSG00000019995,ENST00000359653,ZRANB1
ENSG00000175029,ENST00000337195,CTBP2
ENSG00000175018,ENST00000368821,TEX36
ENSG00000107938,ENST00000356792,EDRF1
ENSG00000154485,ENST00000368808,MMP21
ENSG00000188690,ENST00000368797,UROS
ENSG00000107949,ENST00000278100,BCCIP
ENSG00000089876,ENST00000284690,DHX32
ENSG00000203780,ENST00000368693,FANK1
ENSG00000148848,ENST00000448723,ADAM12
ENSG00000154493,ENST00000488181,C10orf90
ENSG00000150760,ENST00000623213,DOCK1
ENSG00000188916,ENST00000522781,INSYN2A
ENSG00000214285,ENST00000398023,NPS
ENSG00000186766,ENST00000388920,FOXI2
ENSG00000180745,ENST00000368671,CLRN3
ENSG00000132334,ENST00000254667,PTPRE
ENSG00000148773,ENST00000368654,MKI67
ENSG00000170430,ENST00000651593,MGMT
ENSG00000108001,ENST00000440978,EBF3
ENSG00000237489,ENST00000637128,C10orf143
ENSG00000108010,ENST00000331244,GLRX3
ENSG00000176769,ENST00000368642,TCERG1L
ENSG00000175470,ENST00000455566,PPP2R2D
ENSG00000176171,ENST00000368636,BNIP3
ENSG00000188385,ENST00000684848,JAKMIP3
ENSG00000151640,ENST00000338492,DPYSL4
ENSG00000165752,ENST00000298630,STK32C
ENSG00000148814,ENST00000368614,LRRC27
ENSG00000171813,ENST00000305233,PWWP2B
ENSG00000068383,ENST00000368594,INPP5A
ENSG00000148826,ENST00000368592,NKX6-2
ENSG00000171811,ENST00000368586,CFAP46
ENSG00000197177,ENST00000392607,ADGRA1
ENSG00000171798,ENST00000304613,KNDC1
ENSG00000171794,ENST00000304477,UTF1
ENSG00000151650,ENST00000325980,VENTX
ENSG00000151651,ENST00000445355,ADAM8
ENSG00000130640,ENST00000252936,TUBGCP2
ENSG00000198546,ENST00000361518,ZNF511
ENSG00000130643,ENST00000252939,CALY
ENSG00000165828,ENST00000433452,PRAP1
ENSG00000148803,ENST00000278025,FUOM
ENSG00000127884,ENST00000368547,ECHS1
ENSG00000148832,ENST00000278060,PAOX
ENSG00000148824,ENST00000317502,MTG1
ENSG00000203772,ENST00000685335,SPRN
ENSG00000214279,ENST00000640237,SCART1
ENSG00000130649,ENST00000252945,CYP2E1
ENSG00000171772,ENST00000343131,SYCE1
ENSG00000225899,ENST00000425520,FRG2B
ENSG00000177951,ENST00000382762,BET1L
ENSG00000188076,ENST00000342878,SCGB1C1
ENSG00000177947,ENST00000325113,CIMAP1A
ENSG00000177963,ENST00000526104,RIC8A
ENSG00000142082,ENST00000382743,SIRT3
ENSG00000185627,ENST00000532097,PSMD13
ENSG00000174885,ENST00000534750,NLRP6
ENSG00000142102,ENST00000409548,PGGHG
ENSG00000206013,ENST00000382614,IFITM5
ENSG00000185201,ENST00000616316,IFITM2
ENSG00000185885,ENST00000408968,IFITM1
ENSG00000142089,ENST00000399808,IFITM3
ENSG00000182272,ENST00000329962,B4GALNT4
ENSG00000184363,ENST00000331563,PKP3
ENSG00000185187,ENST00000431843,SIGIRR
ENSG00000185101,ENST00000332826,ANO9
ENSG00000174915,ENST00000308020,PTDSS2
ENSG00000023191,ENST00000354420,RNH1
ENSG00000174775,ENST00000311189,HRAS
ENSG00000161328,ENST00000270115,LRRC56
ENSG00000185522,ENST00000329451,LMNTD2
ENSG00000099849,ENST00000397583,RASSF7
ENSG00000070047,ENST00000264555,PHRF1
ENSG00000185507,ENST00000525445,IRF7
ENSG00000099834,ENST00000397542,CDHR5
ENSG00000070031,ENST00000176195,SCT
ENSG00000069696,ENST00000176183,DRD4
ENSG00000177030,ENST00000382409,DEAF1
ENSG00000177106,ENST00000318562,EPS8L2
ENSG00000177042,ENST00000397510,TMEM80
ENSG00000177156,ENST00000319006,TALDO1
ENSG00000177225,ENST00000319863,GATD1
ENSG00000184524,ENST00000330106,CEND1
ENSG00000177542,ENST00000628067,SLC25A22
ENSG00000177595,ENST00000347755,PIDD1
ENSG00000177600,ENST00000321153,RPLP2
ENSG00000177666,ENST00000336615,PNPLA2
ENSG00000177685,ENST00000525077,CRACR2B
ENSG00000177697,ENST00000397420,CD151
ENSG00000177700,ENST00000322028,POLR2L
ENSG00000214063,ENST00000397397,TSPAN4
ENSG00000177830,ENST00000323578,CHID1
ENSG00000183020,ENST00000448903,AP2A2
ENSG00000184956,ENST00000421673,MUC6
ENSG00000215182,ENST00000621226,MUC5AC
ENSG00000117983,ENST00000529681,MUC5B
ENSG00000078902,ENST00000317204,TOLLIP
ENSG00000174672,ENST00000528841,BRSK2
ENSG00000182208,ENST00000329957,MOB2
ENSG00000184545,ENST00000397374,DUSP8
ENSG00000205869,ENST00000382171,KRTAP5-1
ENSG00000205867,ENST00000412090,KRTAP5-2
ENSG00000196224,ENST00000399685,KRTAP5-3
ENSG00000241598,ENST00000399682,KRTAP5-4
ENSG00000185940,ENST00000399676,KRTAP5-5
ENSG00000205864,ENST00000382160,KRTAP5-6
ENSG00000244242,ENST00000340134,IFITM10
ENSG00000117984,ENST00000236671,CTSD
ENSG00000149043,ENST00000341958,SYT8
ENSG00000130598,ENST00000381911,TNNI2
ENSG00000130592,ENST00000311604,LSP1
ENSG00000283787,ENST00000640310,PRR33
ENSG00000130595,ENST00000278317,TNNT3
ENSG00000214026,ENST00000397298,MRPL23
ENSG00000130600,ENST00000414790,H19
ENSG00000167244,ENST00000416167,IGF2
ENSG00000254647,ENST00000381330,INS
ENSG00000180176,ENST00000352909,TH
ENSG00000183734,ENST00000331289,ASCL2
ENSG00000110665,ENST00000381153,C11orf21
ENSG00000064201,ENST00000182290,TSPAN32
ENSG00000110651,ENST00000263645,CD81
ENSG00000184281,ENST00000333256,TSSC4
ENSG00000070985,ENST00000696290,TRPM5
ENSG00000053918,ENST00000155840,KCNQ1
ENSG00000269821,ENST00000597346,KCNQ1OT1
ENSG00000129757,ENST00000440480,CDKN1C
ENSG00000110628,ENST00000649076,SLC67A1
ENSG00000181649,ENST00000314222,PHLDA2
ENSG00000205531,ENST00000380542,NAP1L4
ENSG00000110619,ENST00000380525,CARS1
ENSG00000021762,ENST00000263650,OSBPL5
ENSG00000182170,ENST00000332314,MRGPRG
ENSG00000184350,ENST00000389832,MRGPRE
ENSG00000005801,ENST00000399602,ZNF195
ENSG00000167311,ENST00000397068,ART5
ENSG00000129744,ENST00000250693,ART1
ENSG00000129749,ENST00000250699,CHRNA10
ENSG00000110713,ENST00000324932,NUP98
ENSG00000148985,ENST00000278243,PGAP2
ENSG00000177105,ENST00000351018,RHOG
ENSG00000167323,ENST00000526596,STIM1
ENSG00000167325,ENST00000300738,RRM1
ENSG00000284018,ENST00000639584,SSU72L5
ENSG00000284306,ENST00000640805,SSU72L2
ENSG00000283873,ENST00000638166,SSU72L4
ENSG00000284546,ENST00000640302,SSU72L3
ENSG00000284438,ENST00000524542,SSU72L1
ENSG00000221996,ENST00000624801,OR52B4
ENSG00000132109,ENST00000254436,TRIM21
ENSG00000181963,ENST00000325719,OR52K2
ENSG00000196778,ENST00000641528,OR52K1
ENSG00000197790,ENST00000360213,OR52M1
ENSG00000226288,ENST00000641896,OR52I2
ENSG00000232268,ENST00000530443,OR52I1
ENSG00000167333,ENST00000300747,TRIM68
ENSG00000197428,ENST00000641817,OR51D1
ENSG00000180785,ENST00000396952,OR51E1
ENSG00000167332,ENST00000396950,OR51E2
ENSG00000197674,ENST00000641159,OR51C1
ENSG00000167346,ENST00000380390,MMP26
ENSG00000280021,ENST00000624103,OR51F1
ENSG00000279270,ENST00000624978,OR52R1
ENSG00000176925,ENST00000322110,OR51F2
ENSG00000176922,ENST00000322101,OR51S1
ENSG00000176900,ENST00000322049,OR51T1
ENSG00000176895,ENST00000641490,OR51A7
ENSG00000176893,ENST00000641926,OR51G2
ENSG00000278870,ENST00000623849,OR51G1
ENSG00000205497,ENST00000641898,OR51A4
ENSG00000205496,ENST00000380371,OR51A2
ENSG00000176798,ENST00000641819,OR51L1
ENSG00000205495,ENST00000380370,OR52J3
ENSG00000176787,ENST00000321522,OR52E2
ENSG00000171944,ENST00000307388,OR52A5
ENSG00000182070,ENST00000380367,OR52A1
ENSG00000176742,ENST00000641270,OR51V1
ENSG00000244734,ENST00000335295,HBB
ENSG00000223609,ENST00000650601,HBD
ENSG00000213934,ENST00000330597,HBG1
ENSG00000196565,ENST00000336906,HBG2
ENSG00000213931,ENST00000396895,HBE1
ENSG00000183251,ENST00000380224,OR51B4
ENSG00000167355,ENST00000300773,OR51B5
ENSG00000279012,ENST00000624187,OR51B2
ENSG00000176239,ENST00000380219,OR51B6
ENSG00000184698,ENST00000642046,OR51M1
ENSG00000167360,ENST00000300778,OR51Q1
ENSG00000167359,ENST00000380211,OR51I1
ENSG00000187918,ENST00000641930,OR51I2
ENSG00000181609,ENST00000322641,OR52D1
ENSG00000175520,ENST00000311659,UBQLN3
ENSG00000175518,ENST00000380184,UBQLNL
ENSG00000181616,ENST00000322653,OR52H1
ENSG00000187747,ENST00000345043,OR52B6
ENSG00000121236,ENST00000380097,TRIM6
ENSG00000258659,ENST00000429814,TRIM34
ENSG00000132256,ENST00000380034,TRIM5
ENSG00000132274,ENST00000379965,TRIM22
ENSG00000181023,ENST00000317121,OR56B1
ENSG00000181074,ENST00000641350,OR52N4
ENSG00000181017,ENST00000641377,OR56B2
ENSG00000181009,ENST00000641181,OR52N5
ENSG00000181001,ENST00000641645,OR52N1
ENSG00000180988,ENST00000317037,OR52N2
ENSG00000205409,ENST00000329322,OR52E6
ENSG00000183269,ENST00000537935,OR52E8
ENSG00000180974,ENST00000641726,OR52E4
ENSG00000277932,ENST00000610445,OR52E5
ENSG00000184478,ENST00000641160,OR56A3
ENSG00000188691,ENST00000532411,OR56A5
ENSG00000183313,ENST00000332249,OR52L1
ENSG00000183389,ENST00000641156,OR56A4
ENSG00000180934,ENST00000641900,OR56A1
ENSG00000180919,ENST00000316529,OR56B4
ENSG00000255307,ENST00000530810,OR52B2
ENSG00000175485,ENST00000311352,OR52W1
ENSG00000180878,ENST00000316375,C11orf42
ENSG00000051009,ENST00000449352,FHIP1B
ENSG00000132259,ENST00000379936,CNGA4
ENSG00000110148,ENST00000334619,CCKBR
ENSG00000170955,ENST00000303927,CAVIN3
ENSG00000166311,ENST00000342245,SMPD1
ENSG00000166313,ENST00000609360,APBB1
ENSG00000110169,ENST00000265983,HPX
ENSG00000110171,ENST00000345851,TRIM3
ENSG00000132254,ENST00000396777,ARFIP2
ENSG00000132286,ENST00000254616,TIMM10B
ENSG00000179532,ENST00000254579,DNHD1
ENSG00000132275,ENST00000254605,RRP8
ENSG00000166333,ENST00000299421,ILK
ENSG00000166337,ENST00000299424,TAF10
ENSG00000166340,ENST00000299427,TPP1
ENSG00000166341,ENST00000299441,DCHS1
ENSG00000158042,ENST00000288937,MRPL17
ENSG00000188124,ENST00000641124,OR2AG2
ENSG00000279486,ENST00000641258,OR2AG1
ENSG00000184933,ENST00000641196,OR6A2
ENSG00000166363,ENST00000299454,OR10A5
ENSG00000170790,ENST00000641461,OR10A2
ENSG00000170782,ENST00000379829,OR10A4
ENSG00000166368,ENST00000299459,OR2D2
ENSG00000178358,ENST00000317834,OR2D3
ENSG00000149054,ENST00000278319,ZNF215
ENSG00000149050,ENST00000278314,ZNF214
ENSG00000158077,ENST00000299481,NLRP14
ENSG00000170748,ENST00000306904,RBMXL2
ENSG00000170743,ENST00000318881,SYT9
ENSG00000183801,ENST00000329293,OLFML1
ENSG00000166387,ENST00000299492,PPFIBP2
ENSG00000166394,ENST00000299498,CYB5R2
ENSG00000183378,ENST00000533663,OVCH2
ENSG00000183303,ENST00000329434,OR5P2
ENSG00000182334,ENST00000641167,OR5P3
ENSG00000279000,ENST00000641238,OR10A6
ENSG00000170683,ENST00000642047,OR10A3
ENSG00000182261,ENST00000691676,NLRP10
ENSG00000175390,ENST00000651655,EIF3F
ENSG00000166402,ENST00000299506,TUB
ENSG00000166405,ENST00000309737,RIC3
ENSG00000166407,ENST00000335790,LMO1
ENSG00000130413,ENST00000687296,STK33
ENSG00000166436,ENST00000646038,TRIM66
ENSG00000166441,ENST00000314138,RPL27A
ENSG00000166444,ENST00000313726,DENND2B
ENSG00000166452,ENST00000309377,AKIP1
ENSG00000176029,ENST00000326053,C11orf16
ENSG00000176009,ENST00000531618,ASCL3
ENSG00000175348,ENST00000534025,TMEM9B
ENSG00000175352,ENST00000309166,NRIP3
ENSG00000175356,ENST00000649792,SCUBE2
ENSG00000184014,ENST00000328194,DENND5A
ENSG00000166471,ENST00000528080,TMEM41B
ENSG00000205339,ENST00000379719,IPO7
ENSG00000166478,ENST00000396602,ZNF143
ENSG00000166483,ENST00000450114,WEE1
ENSG00000133789,ENST00000318950,SWAP70
ENSG00000133812,ENST00000256190,SBF2
ENSG00000148926,ENST00000278175,ADM
ENSG00000133805,ENST00000396553,AMPD3
ENSG00000110315,ENST00000265981,RNF141
ENSG00000133800,ENST00000256178,LYVE1
ENSG00000072952,ENST00000423302,IRAG1
ENSG00000198730,ENST00000361367,CTR9
ENSG00000110321,ENST00000339995,EIF4G2
ENSG00000236287,ENST00000413761,ZBED5
ENSG00000110328,ENST00000227756,GALNT18
ENSG00000254598,ENST00000528848,CSNK2A3
ENSG00000170242,ENST00000527733,USP47
ENSG00000050165,ENST00000683431,DKK3
ENSG00000133816,ENST00000683283,MICAL2
ENSG00000197702,ENST00000334956,PARVA
ENSG00000187079,ENST00000527636,TEAD1
ENSG00000189431,ENST00000529419,RASSF10
ENSG00000133794,ENST00000403290,BMAL1
ENSG00000148925,ENST00000278174,BTBD10
ENSG00000152266,ENST00000282091,PTH
ENSG00000197601,ENST00000354817,FAR1
ENSG00000262655,ENST00000576479,SPON1
ENSG00000133818,ENST00000256196,RRAS2
ENSG00000129083,ENST00000439561,COPB1
ENSG00000129084,ENST00000396394,PSMA1
ENSG00000152270,ENST00000282096,PDE3B
ENSG00000186104,ENST00000334636,CYP2R1
ENSG00000175868,ENST00000324229,CALCB
ENSG00000110680,ENST00000331587,CALCA
ENSG00000188487,ENST00000379556,INSC
ENSG00000110693,ENST00000683767,SOX6
ENSG00000110696,ENST00000228136,C11orf58
ENSG00000166689,ENST00000531066,PLEKHA7
ENSG00000110700,ENST00000525634,RPS13
ENSG00000011405,ENST00000691414,PIK3C2A
ENSG00000070081,ENST00000529010,NUCB2
ENSG00000188211,ENST00000338965,NCR3LG1
ENSG00000187486,ENST00000339994,KCNJ11
ENSG00000006071,ENST00000389817,ABCC8
ENSG00000006611,ENST00000005226,USH1C
ENSG00000188162,ENST00000399397,OTOG
ENSG00000129152,ENST00000250003,MYOD1
ENSG00000129159,ENST00000265969,KCNC1
ENSG00000129158,ENST00000265965,SERGEF
ENSG00000129167,ENST00000682019,TPH1
ENSG00000166788,ENST00000524803,SAAL1
ENSG00000179826,ENST00000621697,MRGPRX3
ENSG00000179817,ENST00000314254,MRGPRX4
ENSG00000148965,ENST00000278222,SAA4
ENSG00000134339,ENST00000256733,SAA2
ENSG00000173432,ENST00000356524,SAA1
ENSG00000110756,ENST00000349215,HPS5
ENSG00000110768,ENST00000265963,GTF2H1
ENSG00000134333,ENST00000422447,LDHA
ENSG00000166796,ENST00000541669,LDHC
ENSG00000166800,ENST00000280706,LDHAL6A
ENSG00000074319,ENST00000251968,TSG101
ENSG00000151116,ENST00000396197,UEVLD
ENSG00000247595,ENST00000635674,MISFA
ENSG00000179119,ENST00000336349,SPTY2D1
ENSG00000151117,ENST00000280734,TMEM86A
ENSG00000179057,ENST00000513874,IGSF22
ENSG00000110786,ENST00000358540,PTPN5
ENSG00000170255,ENST00000526914,MRGPRX1
ENSG00000183695,ENST00000329773,MRGPRX2
ENSG00000177054,ENST00000446113,ZDHHC13
ENSG00000129170,ENST00000265968,CSRP3
ENSG00000129173,ENST00000250024,E2F8
ENSG00000166833,ENST00000349880,NAV2
ENSG00000109851,ENST00000524983,DBX1
ENSG00000109854,ENST00000451739,HTATIP2
ENSG00000185238,ENST00000331079,PRMT3
ENSG00000165970,ENST00000525748,SLC6A5
ENSG00000165973,ENST00000357134,NELL1
ENSG00000171714,ENST00000324559,ANO5
ENSG00000091664,ENST00000263160,SLC17A6
ENSG00000183161,ENST00000327470,FANCF
ENSG00000148935,ENST00000454584,GAS2
ENSG00000198168,ENST00000354193,SVIP
ENSG00000255359,ENST00000532798,CCDC179
ENSG00000187398,ENST00000336930,LUZP2
ENSG00000134343,ENST00000256737,ANO3
ENSG00000169550,ENST00000529533,MUC15
ENSG00000148942,ENST00000396005,SLC5A12
ENSG00000176971,ENST00000318627,FIBIN
ENSG00000129151,ENST00000263182,BBOX1
ENSG00000109881,ENST00000328697,CCDC34
ENSG00000205213,ENST00000379214,LGR4
ENSG00000148943,ENST00000278193,LIN7C
ENSG00000176697,ENST00000356660,BDNF
ENSG00000121621,ENST00000263181,KIF18A
ENSG00000169519,ENST00000407364,METTL15
ENSG00000182255,ENST00000328224,KCNA4
ENSG00000131808,ENST00000533718,FSHB
ENSG00000152219,ENST00000282032,ARL14EP
ENSG00000066382,ENST00000358117,MPPED2
ENSG00000170959,ENST00000684477,DCDC1
ENSG00000170946,ENST00000465995,DNAJC24
ENSG00000148950,ENST00000532287,IMMP1L
ENSG00000109911,ENST00000640961,ELP4
ENSG00000007372,ENST00000640368,PAX6
ENSG00000049449,ENST00000054950,RCN1
ENSG00000184937,ENST00000452863,WT1
ENSG00000149100,ENST00000531120,EIF3M
ENSG00000186714,ENST00000335185,CCDC73
ENSG00000135378,ENST00000257836,PRRG4
ENSG00000060749,ENST00000650167,QSER1
ENSG00000121690,ENST00000241051,DEPDC7
ENSG00000176148,ENST00000334274,TCP11L1
ENSG00000176102,ENST00000323959,CSTF3
ENSG00000110422,ENST00000303296,HIPK3
ENSG00000110427,ENST00000658780,KIAA1549L
ENSG00000205177,ENST00000379011,C11orf91
ENSG00000085063,ENST00000642928,CD59
ENSG00000110429,ENST00000265651,FBXO3
ENSG00000135363,ENST00000257818,LMO2
ENSG00000135387,ENST00000341394,CAPRIN1
ENSG00000135372,ENST00000257829,NAT10
ENSG00000166016,ENST00000435224,ABTB2
ENSG00000121691,ENST00000241052,CAT
ENSG00000135374,ENST00000257832,ELF5
ENSG00000135373,ENST00000257831,EHF
ENSG00000149089,ENST00000395787,APIP
ENSG00000110435,ENST00000227868,PDHX
ENSG00000026508,ENST00000428726,CD44
ENSG00000110436,ENST00000278379,SLC1A2
ENSG00000149090,ENST00000619888,PAMR1
ENSG00000179431,ENST00000317811,FJX1
ENSG00000166326,ENST00000299413,TRIM44
ENSG00000179241,ENST00000315571,LDLRAD3
ENSG00000110442,ENST00000263401,COMMD9
ENSG00000135362,ENST00000530639,PRR5L
ENSG00000175104,ENST00000526995,TRAF6
ENSG00000166349,ENST00000299440,RAG1
ENSG00000175097,ENST00000311485,RAG2
ENSG00000166352,ENST00000334307,IFTAP
ENSG00000148948,ENST00000528697,LRRC4C
ENSG00000166181,ENST00000531273,API5
ENSG00000052841,ENST00000039989,TTC17
ENSG00000149084,ENST00000278353,HSD17B12
ENSG00000166199,ENST00000302708,ALKBH3
ENSG00000187479,ENST00000617612,C11orf96
ENSG00000205126,ENST00000378832,ACCSL
ENSG00000110455,ENST00000263776,ACCS
ENSG00000151348,ENST00000533608,EXT2
ENSG00000052850,ENST00000652299,ALX4
ENSG00000085117,ENST00000227155,CD82
ENSG00000157570,ENST00000520358,TSPAN18
ENSG00000175274,ENST00000525680,TP53I11
ENSG00000019485,ENST00000683152,PRDM11
ENSG00000019505,ENST00000020926,SYT13
ENSG00000175264,ENST00000308064,CHST1
ENSG00000181830,ENST00000314134,SLC35C1
ENSG00000121671,ENST00000616080,CRY2
ENSG00000121653,ENST00000241014,MAPK8IP1
ENSG00000234776,ENST00000449465,FREY1
ENSG00000121680,ENST00000378750,PEX16
ENSG00000165905,ENST00000401752,LARGE2
ENSG00000135365,ENST00000676320,PHF21A
ENSG00000157613,ENST00000621158,CREB3L1
ENSG00000149091,ENST00000456247,DGKZ
ENSG00000110492,ENST00000395566,MDK
ENSG00000180720,ENST00000682254,CHRM4
ENSG00000110497,ENST00000683756,AMBRA1
ENSG00000180423,ENST00000326737,HARBI1
ENSG00000175224,ENST00000683050,ATG13
ENSG00000175220,ENST00000311956,ARHGAP1
ENSG00000175213,ENST00000311764,ZNF408
ENSG00000180210,ENST00000311907,F2
ENSG00000175216,ENST00000529230,CKAP5
ENSG00000134569,ENST00000378623,LRP4
ENSG00000149179,ENST00000278460,CSTPP1
ENSG00000149182,ENST00000524782,ARFGAP2
ENSG00000165912,ENST00000298838,PACSIN3
ENSG00000134574,ENST00000256996,DDB2
ENSG00000134575,ENST00000672073,ACP2
ENSG00000025434,ENST00000441012,NR1H3
ENSG00000110514,ENST00000706887,MADD
ENSG00000134571,ENST00000545968,MYBPC3
ENSG00000066336,ENST00000378538,SPI1
ENSG00000165915,ENST00000362021,SLC39A13
ENSG00000165916,ENST00000298852,PSMC3
ENSG00000165917,ENST00000298854,RAPSN
ENSG00000149187,ENST00000687097,CELF1
ENSG00000213619,ENST00000263774,NDUFS3
ENSG00000110536,ENST00000326674,PTPMT1
ENSG00000123444,ENST00000430070,KBTBD4
ENSG00000196666,ENST00000538490,FAM180B
ENSG00000172247,ENST00000302514,C1QTNF4
ENSG00000109919,ENST00000302503,MTCH2
ENSG00000165923,ENST00000525123,AGBL2
ENSG00000109920,ENST00000263773,FNBP4
ENSG00000030066,ENST00000378460,NUP160
ENSG00000149177,ENST00000418331,PTPRJ
ENSG00000175619,ENST00000309562,OR4B1
ENSG00000172208,ENST00000624868,OR4X2
ENSG00000176567,ENST00000320048,OR4X1
ENSG00000176555,ENST00000319988,OR4S1
ENSG00000176547,ENST00000319856,OR4C3
ENSG00000176540,ENST00000319813,OR4C5
ENSG00000237388,ENST00000446524,OR4A47
ENSG00000220948,ENST00000534741,TRIM51G
ENSG00000182053,ENST00000332682,TRIM49B
ENSG00000214891,ENST00000617704,TRIM64C
ENSG00000086205,ENST00000256999,FOLH1
ENSG00000258817,ENST00000555099,OR4C13
ENSG00000221954,ENST00000335238,OR4C12
ENSG00000185926,ENST00000328188,OR4C46
ENSG00000221840,ENST00000319760,OR4A5
ENSG00000150244,ENST00000417545,TRIM48
ENSG00000181961,ENST00000314721,OR4A16
ENSG00000181958,ENST00000641526,OR4A15
ENSG00000181939,ENST00000642128,OR4C15
ENSG00000279514,ENST00000623907,OR4C16
ENSG00000172188,ENST00000641580,OR4C11
ENSG00000181927,ENST00000641760,OR4P4
ENSG00000174982,ENST00000641692,OR4S2
ENSG00000181903,ENST00000314259,OR4C6
ENSG00000186886,ENST00000641440,OR5D3P
ENSG00000279761,ENST00000623930,OR5D13
ENSG00000186113,ENST00000335605,OR5D14
ENSG00000279395,ENST00000625203,OR5L1
ENSG00000186119,ENST00000333976,OR5D18
ENSG00000205030,ENST00000378397,OR5L2
ENSG00000205029,ENST00000378396,OR5D16
ENSG00000124900,ENST00000449290,TRIM51
ENSG00000187612,ENST00000344514,OR5W2
ENSG00000167825,ENST00000301532,OR5I1
ENSG00000174970,ENST00000641071,OR10AG1
ENSG00000149133,ENST00000278409,OR5F1
ENSG00000181785,ENST00000641320,OR5AS1
ENSG00000172154,ENST00000302124,OR8I2
ENSG00000181767,ENST00000313503,OR8H2
ENSG00000181761,ENST00000313472,OR8H3
ENSG00000167822,ENST00000642058,OR8J3
ENSG00000181752,ENST00000313447,OR8K5
ENSG00000174957,ENST00000312298,OR5J2
ENSG00000181718,ENST00000641661,OR5T2
ENSG00000172489,ENST00000313033,OR5T3
ENSG00000181698,ENST00000641665,OR5T1
ENSG00000181693,ENST00000641600,OR8H1
ENSG00000280314,ENST00000641662,OR8K3
ENSG00000150261,ENST00000279783,OR8K1
ENSG00000172487,ENST00000533152,OR8J1
ENSG00000172199,ENST00000302270,OR8U1
ENSG00000279961,ENST00000623286,OR8U3
ENSG00000150269,ENST00000279791,OR5M9
ENSG00000174937,ENST00000641993,OR5M3
ENSG00000181371,ENST00000327216,OR5M8
ENSG00000255223,ENST00000528616,OR5M11
ENSG00000254834,ENST00000526538,OR5M10
ENSG00000255012,ENST00000641076,OR5M1
ENSG00000172464,ENST00000544374,OR5AP2
ENSG00000172459,ENST00000624596,OR5AR1
ENSG00000174914,ENST00000642097,OR9G1
ENSG00000172457,ENST00000641668,OR9G4
ENSG00000181273,ENST00000326855,OR5AK2
ENSG00000183908,ENST00000497933,LRRC55
ENSG00000134817,ENST00000606794,APLNR
ENSG00000149115,ENST00000358252,TNKS1BP1
ENSG00000149136,ENST00000278412,SSRP1
ENSG00000109991,ENST00000263314,P2RX3
ENSG00000156575,ENST00000287143,PRG3
ENSG00000186652,ENST00000311862,PRG2
ENSG00000134802,ENST00000395124,SLC43A3
ENSG00000186907,ENST00000335099,RTN4RL2
ENSG00000149150,ENST00000278426,SLC43A1
ENSG00000134809,ENST00000257245,TIMM10
ENSG00000214872,ENST00000527972,SMTNL1
ENSG00000156587,ENST00000287156,UBE2L6
ENSG00000149131,ENST00000278407,SERPING1
ENSG00000166793,ENST00000300022,YPEL4
ENSG00000172409,ENST00000533682,CLP1
ENSG00000156599,ENST00000287169,ZDHHC5
ENSG00000156603,ENST00000431606,MED19
ENSG00000213593,ENST00000278422,TMX2
ENSG00000211450,ENST00000534355,SELENOH
ENSG00000233436,ENST00000422652,BTBD18
ENSG00000198561,ENST00000399050,CTNND1
ENSG00000186509,ENST00000335397,OR9Q1
ENSG00000279051,ENST00000302622,OR6Q1
ENSG00000172377,ENST00000641439,OR9I1
ENSG00000186513,ENST00000641291,OR9Q2
ENSG00000197887,ENST00000641683,OR1S2
ENSG00000280204,ENST00000641544,OR1S1
ENSG00000180475,ENST00000316770,OR10Q1
ENSG00000172772,ENST00000395079,OR10W1
ENSG00000197786,ENST00000357377,OR5B17
ENSG00000172769,ENST00000641865,OR5B3
ENSG00000172365,ENST00000641342,OR5B2
ENSG00000172362,ENST00000641921,OR5B12
ENSG00000198283,ENST00000360374,OR5B21
ENSG00000110031,ENST00000395074,LPXN
ENSG00000186660,ENST00000316059,ZFP91
ENSG00000242689,ENST00000361987,CNTF
ENSG00000149124,ENST00000344743,GLYAT
ENSG00000156689,ENST00000287275,GLYATL2
ENSG00000166840,ENST00000532726,GLYATL1
ENSG00000255151,ENST00000527482,GLYATL1B
ENSG00000189057,ENST00000343597,FAM111B
ENSG00000166801,ENST00000675163,FAM111A
ENSG00000110042,ENST00000227451,DTX4
ENSG00000197629,ENST00000361050,MPEG1
ENSG00000176495,ENST00000641998,OR5AN1
ENSG00000172324,ENST00000302040,OR5A2
ENSG00000172320,ENST00000641045,OR5A1
ENSG00000166884,ENST00000300127,OR4D6
ENSG00000254466,ENST00000530162,OR4D10
ENSG00000176200,ENST00000313253,OR4D11
ENSG00000172742,ENST00000641962,OR4D9
ENSG00000110048,ENST00000263847,OSBP
ENSG00000166889,ENST00000300146,PATL1
ENSG00000172289,ENST00000307552,OR10V1
ENSG00000166900,ENST00000337979,STX3
ENSG00000166902,ENST00000300151,MRPL16
ENSG00000134812,ENST00000257248,CBLIF
ENSG00000134827,ENST00000257264,TCN1
ENSG00000285231,ENST00000646438,OOSP3
ENSG00000284873,ENST00000646685,OOSP1
ENSG00000285010,ENST00000645590,OOSP4A
ENSG00000255393,ENST00000642343,OOSP4B
ENSG00000149507,ENST00000278855,OOSP2
ENSG00000149516,ENST00000278865,MS4A3
ENSG00000149534,ENST00000278888,MS4A2
ENSG00000110077,ENST00000528851,MS4A6A
ENSG00000110079,ENST00000337908,MS4A4A
ENSG00000214787,ENST00000651255,MS4A4E
ENSG00000166926,ENST00000684409,MS4A6E
ENSG00000166927,ENST00000300184,MS4A7
ENSG00000166928,ENST00000300187,MS4A14
ENSG00000166930,ENST00000300190,MS4A5
ENSG00000156738,ENST00000345732,MS4A1
ENSG00000071203,ENST00000016913,MS4A12
ENSG00000204979,ENST00000378186,MS4A13
ENSG00000166959,ENST00000300226,MS4A8
ENSG00000214782,ENST00000529108,MS4A18
ENSG00000166961,ENST00000405633,MS4A15
ENSG00000172689,ENST00000308287,MS4A10
ENSG00000110104,ENST00000227520,CCDC86
ENSG00000183134,ENST00000332539,PTGDR2
ENSG00000149506,ENST00000278853,ZP1
ENSG00000110107,ENST00000227524,PRPF19
ENSG00000110108,ENST00000227525,TMEM109
ENSG00000006118,ENST00000453848,TMEM132A
ENSG00000110446,ENST00000227880,SLC15A3
ENSG00000013725,ENST00000313421,CD6
ENSG00000110448,ENST00000347785,CD5
ENSG00000167987,ENST00000301765,VPS37C
ENSG00000229859,ENST00000325558,PGA3
ENSG00000229183,ENST00000378149,PGA4
ENSG00000256713,ENST00000312403,PGA5
ENSG00000167992,ENST00000335613,VWCE
ENSG00000167986,ENST00000301764,DDB1
ENSG00000149476,ENST00000394900,TKFC
ENSG00000162144,ENST00000294072,CYB561A3
ENSG00000149483,ENST00000278826,TMEM138
ENSG00000187049,ENST00000515837,TMEM216
ENSG00000149532,ENST00000439958,CPSF7
ENSG00000167985,ENST00000301761,SDHAF2
ENSG00000162148,ENST00000338608,SAXO4
ENSG00000204950,ENST00000378075,LRRC10B
ENSG00000011347,ENST00000539008,SYT7
ENSG00000134780,ENST00000257215,DAGLA
ENSG00000124920,ENST00000278836,MYRF
ENSG00000134825,ENST00000537328,TMEM258
ENSG00000168496,ENST00000305885,FEN1
ENSG00000134824,ENST00000278840,FADS2
ENSG00000149485,ENST00000350997,FADS1
ENSG00000221968,ENST00000278829,FADS3
ENSG00000167994,ENST00000394836,RAB3IL1
ENSG00000167995,ENST00000378043,BEST1
ENSG00000167996,ENST00000273550,FTH1
ENSG00000149503,ENST00000394818,INCENP
ENSG00000168515,ENST00000306238,SCGB1D1
ENSG00000124939,ENST00000244930,SCGB2A1
ENSG00000124935,ENST00000244926,SCGB1D2
ENSG00000110484,ENST00000227918,SCGB2A2
ENSG00000197745,ENST00000358585,SCGB1D4
ENSG00000162174,ENST00000415229,ASRGL1
ENSG00000149021,ENST00000278282,SCGB1A1
ENSG00000124942,ENST00000378024,AHNAK
ENSG00000254772,ENST00000329251,EEF1G
ENSG00000149016,ENST00000476907,TUT1
ENSG00000149480,ENST00000278823,MTA2
ENSG00000149499,ENST00000394773,EML3
ENSG00000149489,ENST00000278833,ROM1
ENSG00000149541,ENST00000265471,B3GAT3
ENSG00000089597,ENST00000356638,GANAB
ENSG00000185085,ENST00000330574,INTS5
ENSG00000278615,ENST00000524958,C11orf98
ENSG00000162194,ENST00000354588,LBHD1
ENSG00000214756,ENST00000532971,CSKMT
ENSG00000204922,ENST00000377953,UQCC3
ENSG00000162191,ENST00000301935,UBXN1
ENSG00000177363,ENST00000317449,LRRN4CL
ENSG00000168000,ENST00000360796,BSCL2
ENSG00000162188,ENST00000294117,GNG3
ENSG00000214753,ENST00000301785,HNRNPUL2
ENSG00000162222,ENST00000316461,TTC9C
ENSG00000185670,ENST00000394807,ZBTB3
ENSG00000168002,ENST00000301788,POLR2G
ENSG00000162227,ENST00000294168,TAF6L
ENSG00000168569,ENST00000307366,TMEM223
ENSG00000185475,ENST00000333449,TMEM179B
ENSG00000162231,ENST00000294172,NXF1
ENSG00000162236,ENST00000294179,STX5
ENSG00000283268,ENST00000636508,TEX54
ENSG00000133316,ENST00000278856,WDR74
ENSG00000168003,ENST00000338663,SLC3A2
ENSG00000168539,ENST00000306960,CHRM1
ENSG00000197901,ENST00000360421,SLC22A6
ENSG00000149452,ENST00000336232,SLC22A8
ENSG00000197658,ENST00000612278,SLC22A24
ENSG00000196600,ENST00000306494,SLC22A25
ENSG00000184999,ENST00000332793,SLC22A10
ENSG00000149742,ENST00000279178,SLC22A9
ENSG00000168004,ENST00000540857,PLAAT5
ENSG00000133317,ENST00000394618,LGALS12
ENSG00000133321,ENST00000255688,PLAAT4
ENSG00000133328,ENST00000255695,PLAAT2
ENSG00000176485,ENST00000415826,PLAAT3
ENSG00000184743,ENST00000398868,ATL3
ENSG00000133318,ENST00000377819,RTN3
ENSG00000188070,ENST00000433688,ZFTA
ENSG00000168005,ENST00000294244,SPINDOC
ENSG00000072518,ENST00000402010,MARK2
ENSG00000167771,ENST00000301459,RCOR2
ENSG00000110583,ENST00000377793,NAA40
ENSG00000176340,ENST00000314133,COX8A
ENSG00000167770,ENST00000538426,OTUB1
ENSG00000133315,ENST00000255681,MACROD1
ENSG00000126500,ENST00000682287,FLRT1
ENSG00000168439,ENST00000305218,STIP1
ENSG00000149781,ENST00000345728,FERMT3
ENSG00000149743,ENST00000317459,TRPT1
ENSG00000149761,ENST00000279206,NUDT22
ENSG00000110011,ENST00000628077,DNAJC4
ENSG00000173511,ENST00000309422,VEGFB
ENSG00000173486,ENST00000309366,FKBP2
ENSG00000286264,ENST00000652762,ENSG00000286264
ENSG00000173457,ENST00000309318,PPP1R14B
ENSG00000149782,ENST00000279230,PLCB3
ENSG00000002330,ENST00000309032,BAD
ENSG00000173264,ENST00000438980,GPR137
ENSG00000182450,ENST00000422670,KCNK4
ENSG00000219435,ENST00000328404,CATSPERZ
ENSG00000173153,ENST00000000442,ESRRA
ENSG00000173113,ENST00000544844,TRMT112
ENSG00000126432,ENST00000265462,PRDX5
ENSG00000168071,ENST00000356786,CCDC88B
ENSG00000162302,ENST00000334205,RPS6KA4
ENSG00000168065,ENST00000301891,SLC22A11
ENSG00000197891,ENST00000377574,SLC22A12
ENSG00000110076,ENST00000265459,NRXN2
ENSG00000068831,ENST00000394432,RASGRP2
ENSG00000068976,ENST00000164139,PYGM
ENSG00000168066,ENST00000377390,SF1
ENSG00000168067,ENST00000294066,MAP4K2
ENSG00000133895,ENST00000450708,MEN1
ENSG00000171219,ENST00000342711,CDC42BPG
ENSG00000110047,ENST00000320631,EHD1
ENSG00000110046,ENST00000377264,ATG2A
ENSG00000068971,ENST00000164133,PPP2R5B
ENSG00000149735,ENST00000279168,GPHA2
ENSG00000168070,ENST00000301896,MAJIN
ENSG00000168062,ENST00000301887,BATF2
ENSG00000213465,ENST00000246747,ARL2
ENSG00000110025,ENST00000377244,SNX15
ENSG00000168061,ENST00000652489,SAC3D1
ENSG00000168060,ENST00000358658,NAALADL1
ENSG00000146670,ENST00000275517,CDCA5
ENSG00000162300,ENST00000294258,ZFPL1
ENSG00000187066,ENST00000530719,TMEM262
ENSG00000149823,ENST00000279281,VPS51
ENSG00000149809,ENST00000279263,TM7SF2
ENSG00000174276,ENST00000310597,ZNHIT2
ENSG00000149806,ENST00000529639,FAU
ENSG00000162298,ENST00000377190,SYVN1
ENSG00000149792,ENST00000279242,MRPL49
ENSG00000204710,ENST00000377185,SPDYC
ENSG00000014216,ENST00000279247,CAPN1
ENSG00000014138,ENST00000265465,POLA2
ENSG00000149798,ENST00000279249,CDC42EP2
ENSG00000133884,ENST00000528416,DPF2
ENSG00000173825,ENST00000309880,TIGD3
ENSG00000162241,ENST00000398802,SLC25A45
ENSG00000126391,ENST00000317568,FRMD8
ENSG00000245532,ENST00000501122,NEAT1
ENSG00000251562,ENST00000850956,MALAT1
ENSG00000142186,ENST00000270176,SCYL1
ENSG00000168056,ENST00000301873,LTBP3
ENSG00000173465,ENST00000309328,ZNRD2
ENSG00000176973,ENST00000530349,FAM89B
ENSG00000173442,ENST00000309295,EHBP1L1
ENSG00000173338,ENST00000340313,KCNK7
ENSG00000173327,ENST00000309100,MAP3K11
ENSG00000197136,ENST00000355703,PCNX3
ENSG00000213445,ENST00000534313,SIPA1
ENSG00000173039,ENST00000406246,RELA
ENSG00000172977,ENST00000341318,KAT5
ENSG00000172922,ENST00000308418,RNASEH2C
ENSG00000254470,ENST00000532090,AP5B1
ENSG00000172818,ENST00000335987,OVOL1
ENSG00000172757,ENST00000308162,CFL1
ENSG00000172803,ENST00000308342,SNX32
ENSG00000172732,ENST00000308110,MUS81
ENSG00000172638,ENST00000307998,EFEMP2
ENSG00000172543,ENST00000307886,CTSW
ENSG00000172500,ENST00000357519,FIBP
ENSG00000175602,ENST00000312579,CCDC85B
ENSG00000175592,ENST00000312562,FOSL1
ENSG00000175573,ENST00000438576,C11orf68
ENSG00000175550,ENST00000312515,DRAP1
ENSG00000175513,ENST00000532620,TSGA10IP
ENSG00000175467,ENST00000312397,SART1
ENSG00000175376,ENST00000533544,EIF1AD
ENSG00000175334,ENST00000312175,BANF1
ENSG00000175315,ENST00000312134,CST6
ENSG00000175294,ENST00000312106,CATSPER1
ENSG00000175229,ENST00000312006,GAL3ST3
ENSG00000087365,ENST00000322535,SF3B2
ENSG00000175115,ENST00000320580,PACS1
ENSG00000174996,ENST00000394067,KLC2
ENSG00000174903,ENST00000311481,RAB1B
ENSG00000174871,ENST00000311445,CNIH2
ENSG00000174851,ENST00000376901,YIF1A
ENSG00000179292,ENST00000327259,TMEM151A
ENSG00000174807,ENST00000311330,CD248
ENSG00000174791,ENST00000311320,RIN1
ENSG00000174744,ENST00000359957,BRMS1
ENSG00000174684,ENST00000311181,B4GAT1
ENSG00000174669,ENST00000357440,SLC29A2
ENSG00000174576,ENST00000311034,NPAS4
ENSG00000174547,ENST00000310999,MRPL11
ENSG00000174516,ENST00000320740,PELI3
ENSG00000254986,ENST00000531863,DPP3
ENSG00000174483,ENST00000318312,BBS1
ENSG00000174165,ENST00000310442,ZDHHC24
ENSG00000248746,ENST00000513398,ACTN3
ENSG00000174080,ENST00000310325,CTSF
ENSG00000182791,ENST00000333861,CCDC87
ENSG00000173992,ENST00000533244,CCS
ENSG00000239306,ENST00000310137,RBM14
ENSG00000173933,ENST00000310092,RBM4
ENSG00000173914,ENST00000310046,RBM4B
ENSG00000173898,ENST00000533211,SPTBN2
ENSG00000173715,ENST00000540737,TOP6BL
ENSG00000173653,ENST00000309657,RCE1
ENSG00000173599,ENST00000393960,PC
ENSG00000173621,ENST00000309602,LRFN4
ENSG00000173237,ENST00000683896,C11orf86
ENSG00000173227,ENST00000527043,SYT12
ENSG00000173156,ENST00000308831,RHOD
ENSG00000173120,ENST00000529006,KDM2A
ENSG00000173020,ENST00000308595,GRK2
ENSG00000172932,ENST00000511455,ANKRD13D
ENSG00000172830,ENST00000308127,SSH3
ENSG00000172613,ENST00000307980,RAD9A
ENSG00000175482,ENST00000312419,POLD4
ENSG00000175505,ENST00000312438,CLCF1
ENSG00000172531,ENST00000376745,PPP1CA
ENSG00000175463,ENST00000542590,TBC1D10C
ENSG00000172508,ENST00000687366,CARNS1
ENSG00000175634,ENST00000312629,RPS6KB2
ENSG00000213402,ENST00000326294,PTPRCAP
ENSG00000172725,ENST00000341356,CORO1B
ENSG00000175514,ENST00000312457,GPR152
ENSG00000175544,ENST00000325656,CABP4
ENSG00000172663,ENST00000308022,TMEM134
ENSG00000110711,ENST00000279146,AIP
ENSG00000110697,ENST00000356404,PITPNM1
ENSG00000167797,ENST00000301488,CDK2AP2
ENSG00000167791,ENST00000294288,CABP2
ENSG00000084207,ENST00000398606,GSTP1
ENSG00000167792,ENST00000322776,NDUFV1
ENSG00000167799,ENST00000376693,NUDT8
ENSG00000167800,ENST00000335385,TBX10
ENSG00000132744,ENST00000255082,ACY3
ENSG00000132746,ENST00000673966,ALDH3B2
ENSG00000110057,ENST00000227471,UNC93B1
ENSG00000006534,ENST00000342456,ALDH3B1
ENSG00000110717,ENST00000313468,NDUFS8
ENSG00000110719,ENST00000265686,TCIRG1
ENSG00000110721,ENST00000265689,CHKA
ENSG00000110066,ENST00000304363,KMT5B
ENSG00000171067,ENST00000304271,C11orf24
ENSG00000162337,ENST00000294304,LRP5
ENSG00000110075,ENST00000393800,PPP6R3
ENSG00000069482,ENST00000265643,GAL
ENSG00000132749,ENST00000255087,TESMIN
ENSG00000110090,ENST00000265641,CPT1A
ENSG00000197345,ENST00000362034,MRPL21
ENSG00000132740,ENST00000255078,IGHMBP2
ENSG00000172938,ENST00000309106,MRGPRD
ENSG00000172935,ENST00000309099,MRGPRF
ENSG00000162341,ENST00000294309,TPCN2
ENSG00000284713,ENST00000686237,SMIM38
ENSG00000172927,ENST00000441339,MYEOV
ENSG00000255774,ENST00000542064,LINC02747
ENSG00000285094,ENST00000717996,LINC01488
ENSG00000110092,ENST00000227507,CCND1
ENSG00000149716,ENST00000279147,LTO1
ENSG00000162344,ENST00000294312,FGF19
ENSG00000075388,ENST00000168712,FGF4
ENSG00000186895,ENST00000334134,FGF3
ENSG00000131620,ENST00000355303,ANO1
ENSG00000168040,ENST00000301838,FADD
ENSG00000131626,ENST00000253925,PPFIA1
ENSG00000085733,ENST00000301843,CTTN
ENSG00000162105,ENST00000601538,SHANK2
ENSG00000172893,ENST00000355527,DHCR7
ENSG00000172890,ENST00000319023,NADSYN1
ENSG00000244411,ENST00000398536,KRTAP5-7
ENSG00000241233,ENST00000398534,KRTAP5-8
ENSG00000254997,ENST00000528743,KRTAP5-9
ENSG00000204572,ENST00000398531,KRTAP5-10
ENSG00000204571,ENST00000398530,KRTAP5-11
ENSG00000184276,ENST00000328698,DEFB108B
ENSG00000254469,ENST00000679412,XNDC1N
ENSG00000225805,ENST00000530210,DEFB131B
ENSG00000137522,ENST00000361756,RNF121
ENSG00000137496,ENST00000393703,IL18BP
ENSG00000137497,ENST00000393695,NUMA1
ENSG00000184154,ENST00000289488,LRRC51
ENSG00000149357,ENST00000278671,LAMTOR1
ENSG00000284844,ENST00000541899,TOMT
ENSG00000110200,ENST00000227618,ANAPC15
ENSG00000110203,ENST00000611028,FOLR3
ENSG00000110195,ENST00000393676,FOLR1
ENSG00000165457,ENST00000298223,FOLR2
ENSG00000165458,ENST00000298229,INPPL1
ENSG00000165462,ENST00000298231,PHOX2A
ENSG00000162129,ENST00000538039,CLPB
ENSG00000186642,ENST00000334456,PDE2A
ENSG00000186635,ENST00000393609,ARAP1
ENSG00000214530,ENST00000334805,STARD10
ENSG00000168010,ENST00000321297,ATG16L2
ENSG00000137478,ENST00000409418,FCHSD2
ENSG00000175591,ENST00000393597,P2RY2
ENSG00000171631,ENST00000540124,P2RY6
ENSG00000110237,ENST00000263674,ARHGEF17
ENSG00000054967,ENST00000064780,RELT
ENSG00000054965,ENST00000356467,FAM168A
ENSG00000021300,ENST00000354190,PLEKHB1
ENSG00000175582,ENST00000336083,RAB6A
ENSG00000175581,ENST00000310614,MRPL48
ENSG00000181924,ENST00000355693,COA4
ENSG00000175575,ENST00000310571,PAAF1
ENSG00000187726,ENST00000339764,DNAJB13
ENSG00000175567,ENST00000663595,UCP2
ENSG00000175564,ENST00000314032,UCP3
ENSG00000168014,ENST00000334126,C2CD3
ENSG00000214517,ENST00000328257,PPME1
ENSG00000149380,ENST00000331597,P4HA3
ENSG00000165434,ENST00000298198,PGM2L1
ENSG00000175538,ENST00000310128,KCNE3
ENSG00000175536,ENST00000310109,LIPT2
ENSG00000077514,ENST00000263681,POLD3
ENSG00000054938,ENST00000376332,CHRDL2
ENSG00000166439,ENST00000299563,RNF169
ENSG00000166435,ENST00000684022,XRRA1
ENSG00000118363,ENST00000263672,SPCS2
ENSG00000162139,ENST00000294064,NEU3
ENSG00000171561,ENST00000641504,OR2AT4
ENSG00000137491,ENST00000289575,SLCO2B1
ENSG00000261594,ENST00000562197,TPBGL
ENSG00000137486,ENST00000420843,ARRB1
ENSG00000149273,ENST00000531188,RPS3
ENSG00000149243,ENST00000539798,KLHL35
ENSG00000158555,ENST00000336898,GDPD5
ENSG00000149257,ENST00000358171,SERPINH1
ENSG00000171533,ENST00000304771,MAP6
ENSG00000166391,ENST00000198801,MOGAT2
ENSG00000062282,ENST00000228027,DGAT2
ENSG00000198382,ENST00000356136,UVRAG
ENSG00000085741,ENST00000322563,WNT11
ENSG00000137492,ENST00000260045,THAP12
ENSG00000179240,ENST00000529331,GVQW3
ENSG00000158636,ENST00000695367,EMSY
ENSG00000137507,ENST00000260061,LRRC32
ENSG00000182704,ENST00000333090,TSKU
ENSG00000078124,ENST00000532485,ACER3
ENSG00000198488,ENST00000622824,B3GNT6
ENSG00000149260,ENST00000648180,CAPN5
ENSG00000254550,ENST00000529803,OMP
ENSG00000137474,ENST00000409709,MYO7A
ENSG00000178795,ENST00000315938,GDPD4
ENSG00000149269,ENST00000356341,PAK1
ENSG00000074201,ENST00000525428,CLNS1A
ENSG00000178301,ENST00000313578,AQP11
ENSG00000048649,ENST00000308488,RSF1
ENSG00000087884,ENST00000393427,AAMDC
ENSG00000149262,ENST00000534064,INTS4
ENSG00000151364,ENST00000353172,KCTD14
ENSG00000151365,ENST00000281030,THRSP
ENSG00000151366,ENST00000281031,NDUFC2
ENSG00000159063,ENST00000299626,ALG8
ENSG00000188997,ENST00000340067,KCTD21
ENSG00000118369,ENST00000529308,USP35
ENSG00000033327,ENST00000361507,GAB2
ENSG00000137513,ENST00000281038,NARS2
ENSG00000149256,ENST00000278550,TENM4
ENSG00000182103,ENST00000329203,FAM181B
ENSG00000137509,ENST00000313010,PRCP
ENSG00000165490,ENST00000533655,DDIAS
ENSG00000137502,ENST00000527633,RAB30
ENSG00000165494,ENST00000690938,PCF11
ENSG00000137494,ENST00000533342,ANKRD42
ENSG00000137500,ENST00000529689,CCDC90B
ENSG00000150672,ENST00000376104,DLG2
ENSG00000171204,ENST00000358867,TMEM126B
ENSG00000171202,ENST00000304511,TMEM126A
ENSG00000137504,ENST00000527447,CREBZF
ENSG00000179071,ENST00000316398,CCDC89
ENSG00000137501,ENST00000359152,SYTL2
ENSG00000150676,ENST00000342404,CCDC83
ENSG00000073921,ENST00000393346,PICALM
ENSG00000074266,ENST00000263360,EED
ENSG00000149196,ENST00000278483,HIKESHI
ENSG00000149201,ENST00000445632,CCDC81
ENSG00000151376,ENST00000543262,ME3
ENSG00000150687,ENST00000280258,PRSS23
ENSG00000174804,ENST00000531380,FZD4
ENSG00000166575,ENST00000305494,TMEM135
ENSG00000123892,ENST00000243662,RAB38
ENSG00000109861,ENST00000227266,CTSC
ENSG00000168959,ENST00000305447,GRM5
ENSG00000077498,ENST00000263321,TYR
ENSG00000086991,ENST00000263317,NOX4
ENSG00000214414,ENST00000398290,TRIM77
ENSG00000168930,ENST00000329758,TRIM49
ENSG00000189253,ENST00000329862,TRIM64B
ENSG00000223417,ENST00000420869,TRIM49D1
ENSG00000233802,ENST00000623787,TRIM49D2
ENSG00000204450,ENST00000533122,TRIM64
ENSG00000204449,ENST00000448984,TRIM49C
ENSG00000255009,ENST00000530464,UBTFL1
ENSG00000077616,ENST00000534061,NAALAD2
ENSG00000110172,ENST00000320585,CHORDC1
ENSG00000165323,ENST00000525166,FAT3
ENSG00000134640,ENST00000257068,MTNR1B
ENSG00000180773,ENST00000326402,SLC36A4
ENSG00000165325,ENST00000298050,DEUP1
ENSG00000166002,ENST00000298966,SMCO4
ENSG00000166004,ENST00000325212,CEP295
ENSG00000166012,ENST00000448108,TAF1D
ENSG00000182919,ENST00000354421,C11orf54
ENSG00000042429,ENST00000251871,MED17
ENSG00000214376,ENST00000409977,VSTM5
ENSG00000181333,ENST00000315765,HEPHL1
ENSG00000110218,ENST00000227638,PANX1
ENSG00000183560,ENST00000687084,IZUMO1R
ENSG00000123901,ENST00000243673,GPR83
ENSG00000020922,ENST00000323929,MRE11
ENSG00000168876,ENST00000544612,ANKRD49
ENSG00000257057,ENST00000542198,C11orf97
ENSG00000134627,ENST00000299001,PIWIL4
ENSG00000196371,ENST00000358752,FUT4
ENSG00000166025,ENST00000433060,AMOTL1
ENSG00000150316,ENST00000279839,CWC15
ENSG00000186280,ENST00000335080,KDM4D
ENSG00000235268,ENST00000450979,KDM4E
ENSG00000255855,ENST00000711328,KDM4F
ENSG00000263465,ENST00000587424,SRSF8
ENSG00000149218,ENST00000278505,ENDOD1
ENSG00000149212,ENST00000536441,SESN3
ENSG00000077458,ENST00000358780,FAM76B
ENSG00000166037,ENST00000325542,CEP57
ENSG00000087053,ENST00000346299,MTMR2
ENSG00000184384,ENST00000524717,MAML2
ENSG00000149231,ENST00000646818,CCDC82
ENSG00000183340,ENST00000332349,JRKL
ENSG00000149972,ENST00000524871,CNTN5
ENSG00000165895,ENST00000298815,ARHGAP42
ENSG00000082175,ENST00000325455,PGR
ENSG00000137672,ENST00000344327,TRPC6
ENSG00000187151,ENST00000334289,ANGPTL5
ENSG00000110318,ENST00000263468,CEP126
ENSG00000137691,ENST00000434758,CFAP300
ENSG00000137693,ENST00000282441,YAP1
ENSG00000023445,ENST00000263464,BIRC3
ENSG00000110330,ENST00000227758,BIRC2
ENSG00000152558,ENST00000398136,TMEM123
ENSG00000137673,ENST00000260227,MMP7
ENSG00000137674,ENST00000260228,MMP20
ENSG00000137675,ENST00000260229,MMP27
ENSG00000118113,ENST00000236826,MMP8
ENSG00000166670,ENST00000279441,MMP10
ENSG00000196611,ENST00000315274,MMP1
ENSG00000149968,ENST00000299855,MMP3
ENSG00000262406,ENST00000571244,MMP12
ENSG00000137745,ENST00000260302,MMP13
ENSG00000137692,ENST00000260247,DCUN1D5
ENSG00000187240,ENST00000375735,DYNC2H1
ENSG00000170962,ENST00000393158,PDGFD
ENSG00000170967,ENST00000302259,DDI1
ENSG00000196954,ENST00000444739,CASP4
ENSG00000137757,ENST00000260315,CASP5
ENSG00000137752,ENST00000533400,CASP1
ENSG00000204397,ENST00000673097,CARD16
ENSG00000255501,ENST00000530950,CARD18
ENSG00000152578,ENST00000282499,GRIA4
ENSG00000170903,ENST00000301919,MSANTD4
ENSG00000182359,ENST00000531837,KBTBD3
ENSG00000149313,ENST00000278618,AASDHPPT
ENSG00000152402,ENST00000526355,GUCY1A2
ENSG00000152404,ENST00000282251,CWF19L2
ENSG00000137760,ENST00000428149,ALKBH8
ENSG00000110675,ENST00000265840,ELMOD1
ENSG00000170290,ENST00000305991,SLN
ENSG00000110660,ENST00000525815,SLC35F2
ENSG00000179331,ENST00000320578,RAB39A
ENSG00000166266,ENST00000393094,CUL5
ENSG00000075239,ENST00000265838,ACAT1
ENSG00000149308,ENST00000278612,NPAT
ENSG00000149311,ENST00000675843,ATM
ENSG00000166323,ENST00000393084,C11orf65
ENSG00000178202,ENST00000323468,POGLUT3
ENSG00000110723,ENST00000265843,EXPH5
ENSG00000178105,ENST00000322536,DDX10
ENSG00000185742,ENST00000327419,C11orf87
ENSG00000137710,ENST00000645495,RDX
ENSG00000149289,ENST00000278590,ZC3H12C
ENSG00000137714,ENST00000260270,FDX1
ENSG00000137727,ENST00000683387,ARHGAP20
ENSG00000150750,ENST00000280325,POU2AF2
ENSG00000214290,ENST00000610738,POU2AF3
ENSG00000110777,ENST00000393067,POU2AF1
ENSG00000137707,ENST00000692032,BTG4
ENSG00000183644,ENST00000375618,HOATZ
ENSG00000204381,ENST00000375614,LAYN
ENSG00000170145,ENST00000304987,SIK2
ENSG00000137713,ENST00000527614,PPP2R1B
ENSG00000086848,ENST00000616540,ALG9
ENSG00000255561,ENST00000260257,FDXACB1
ENSG00000137720,ENST00000260276,CFAP68
ENSG00000109846,ENST00000650687,CRYAB
ENSG00000170276,ENST00000304298,HSPB2
ENSG00000149300,ENST00000278601,C11orf52
ENSG00000150764,ENST00000440460,DIXDC1
ENSG00000150768,ENST00000280346,DLAT
ENSG00000150773,ENST00000280350,PIH1D2
ENSG00000150776,ENST00000393047,NKAPD1
ENSG00000150779,ENST00000504148,TIMM8B
ENSG00000204370,ENST00000375549,SDHD
ENSG00000150782,ENST00000280357,IL18
ENSG00000150783,ENST00000280358,TEX12
ENSG00000197580,ENST00000357685,BCO2
ENSG00000150787,ENST00000280362,PTS
ENSG00000188771,ENST00000338832,PLET1
ENSG00000149294,ENST00000316851,NCAM1
ENSG00000149292,ENST00000529221,TTC12
ENSG00000170209,ENST00000303941,ANKK1
ENSG00000149295,ENST00000362072,DRD2
ENSG00000166682,ENST00000299882,TMPRSS5
ENSG00000086827,ENST00000200135,ZW10
ENSG00000228607,ENST00000453129,CLDN25
ENSG00000048028,ENST00000696973,USP28
ENSG00000149305,ENST00000260191,HTR3B
ENSG00000166736,ENST00000504030,HTR3A
ENSG00000109906,ENST00000335953,ZBTB16
ENSG00000166741,ENST00000299964,NNMT
ENSG00000180425,ENST00000623205,C11orf71
ENSG00000076053,ENST00000375490,RBM7
ENSG00000076043,ENST00000265881,REXO2
ENSG00000095110,ENST00000534921,NXPE1
ENSG00000137634,ENST00000375478,NXPE4
ENSG00000204361,ENST00000389586,NXPE2
ENSG00000182985,ENST00000331581,CADM1
ENSG00000137656,ENST00000260210,BUD13
ENSG00000109917,ENST00000227322,ZPR1
ENSG00000110243,ENST00000227665,APOA5
ENSG00000110244,ENST00000357780,APOA4
ENSG00000110245,ENST00000227667,APOC3
ENSG00000118137,ENST00000236850,APOA1
ENSG00000160584,ENST00000445177,SIK3
ENSG00000168092,ENST00000527958,PAFAH1B2
ENSG00000149577,ENST00000324225,SIDT2
ENSG00000149591,ENST00000392951,TAGLN
ENSG00000160613,ENST00000320934,PCSK7
ENSG00000167257,ENST00000300650,RNF214
ENSG00000186318,ENST00000313005,BACE1
ENSG00000278768,ENST00000618857,BACE1-AS
ENSG00000110274,ENST00000278935,CEP164
ENSG00000177103,ENST00000651296,DSCAML1
ENSG00000137731,ENST00000292079,FXYD2
ENSG00000137726,ENST00000526014,FXYD6
ENSG00000137747,ENST00000524993,TMPRSS13
ENSG00000110324,ENST00000227752,IL10RA
ENSG00000255274,ENST00000689828,SMIM35
ENSG00000137648,ENST00000437212,TMPRSS4
ENSG00000177098,ENST00000324727,SCN4B
ENSG00000149575,ENST00000278947,SCN2B
ENSG00000160593,ENST00000356289,JAML
ENSG00000160588,ENST00000278949,MPZL3
ENSG00000149573,ENST00000278937,MPZL2
ENSG00000198851,ENST00000361763,CD3E
ENSG00000167286,ENST00000300692,CD3D
ENSG00000160654,ENST00000532917,CD3G
ENSG00000110344,ENST00000252108,UBE4A
ENSG00000167283,ENST00000300688,ATP5MG
ENSG00000118058,ENST00000534358,KMT2A
ENSG00000172425,ENST00000302783,TTC36
ENSG00000149582,ENST00000313236,TMEM25
ENSG00000118096,ENST00000264021,IFT46
ENSG00000095139,ENST00000264028,ARCN1
ENSG00000019144,ENST00000600882,PHLDB1
ENSG00000118094,ENST00000264029,TREH
ENSG00000110367,ENST00000534980,DDX6
ENSG00000160683,ENST00000292174,CXCR5
ENSG00000186174,ENST00000683865,BCL9L
ENSG00000110375,ENST00000264031,UPK2
ENSG00000176302,ENST00000317011,FOXR1
ENSG00000186166,ENST00000334418,CENATAC
ENSG00000118181,ENST00000527673,RPS25
ENSG00000196655,ENST00000533632,TRAPPC4
ENSG00000149428,ENST00000617285,HYOU1
ENSG00000160695,ENST00000621676,VPS11
ENSG00000256269,ENST00000652429,HMBS
ENSG00000188486,ENST00000530167,H2AX
ENSG00000172269,ENST00000354202,DPAGT1
ENSG00000172375,ENST00000648610,C2CD2L
ENSG00000172273,ENST00000350777,HINFP
ENSG00000172350,ENST00000619701,ABCG4
ENSG00000160703,ENST00000409109,NLRX1
ENSG00000172367,ENST00000355547,NHERF4
ENSG00000248712,ENST00000503566,DRC12
ENSG00000110395,ENST00000264033,CBL
ENSG00000076706,ENST00000264036,MCAM
ENSG00000173456,ENST00000311413,RNF26
ENSG00000223953,ENST00000528368,C1QTNF5
ENSG00000235718,ENST00000619721,MFRP
ENSG00000036672,ENST00000260187,USP2
ENSG00000154096,ENST00000284240,THY1
ENSG00000110400,ENST00000264025,NECTIN1
ENSG00000137699,ENST00000341846,TRIM29
ENSG00000184232,ENST00000328965,OAF
ENSG00000137709,ENST00000543440,POU2F3
ENSG00000181264,ENST00000375095,TLCD5
ENSG00000196914,ENST00000397843,ARHGEF12
ENSG00000149403,ENST00000527524,GRIK4
ENSG00000154114,ENST00000683345,TBCEL
ENSG00000109927,ENST00000392793,TECTA
ENSG00000109929,ENST00000264027,SC5D
ENSG00000246790,ENST00000529160,SORL1-AS1
ENSG00000137642,ENST00000260197,SORL1
ENSG00000259571,ENST00000560104,BLID
ENSG00000154127,ENST00000284273,UBASH3B
ENSG00000109943,ENST00000227348,CRTAM
ENSG00000109944,ENST00000227349,JHY
ENSG00000188909,ENST00000343035,BSX
ENSG00000109971,ENST00000534624,HSPA8
ENSG00000166250,ENST00000448775,CLMP
ENSG00000023171,ENST00000635736,GRAMD1B
ENSG00000166257,ENST00000299333,SCN3B
ENSG00000166261,ENST00000530393,ZNF202
ENSG00000221931,ENST00000327930,OR6X1
ENSG00000196099,ENST00000309154,OR6M1
ENSG00000204300,ENST00000375026,TMEM225
ENSG00000181518,ENST00000641687,OR8D4
ENSG00000171014,ENST00000307033,OR4D5
ENSG00000181499,ENST00000321252,OR6T1
ENSG00000196248,ENST00000641123,OR10S1
ENSG00000198674,ENST00000307002,OR10G6
ENSG00000254737,ENST00000641722,OR10G4
ENSG00000236981,ENST00000375024,OR10G9
ENSG00000234560,ENST00000641224,OR10G8
ENSG00000182634,ENST00000641585,OR10G7
ENSG00000110002,ENST00000456829,VWA5A
ENSG00000197309,ENST00000641351,OR10D3
ENSG00000197849,ENST00000641972,OR8G1
ENSG00000255298,ENST00000641992,OR8G5
ENSG00000196341,ENST00000641015,OR8D1
ENSG00000279116,ENST00000624618,OR8D2
ENSG00000284680,ENST00000641451,OR8B2
ENSG00000284609,ENST00000641139,OR8B3
ENSG00000280090,ENST00000356130,OR8B4
ENSG00000197125,ENST00000642064,OR8B8
ENSG00000170953,ENST00000306842,OR8B12
ENSG00000196119,ENST00000284287,OR8A1
ENSG00000154143,ENST00000284288,PANX3
ENSG00000154144,ENST00000441174,TBRG1
ENSG00000110013,ENST00000263593,SIAE
ENSG00000064199,ENST00000227135,SPA17
ENSG00000154146,ENST00000284292,NRGN
ENSG00000019102,ENST00000326621,VSIG2
ENSG00000149564,ENST00000278927,ESAM
ENSG00000120458,ENST00000374979,MSANTD2
ENSG00000154134,ENST00000397801,ROBO3
ENSG00000154133,ENST00000306534,ROBO4
ENSG00000165478,ENST00000298251,HEPACAM
ENSG00000221932,ENST00000408930,HEPN1
ENSG00000149548,ENST00000344762,CCDC15
ENSG00000134955,ENST00000403796,SLC37A2
ENSG00000150433,ENST00000682305,TMEM218
ENSG00000165495,ENST00000298282,PKNOX2
ENSG00000149557,ENST00000278919,FEZ1
ENSG00000149547,ENST00000278903,EI24
ENSG00000134910,ENST00000392708,STT3A
ENSG00000149554,ENST00000438015,CHEK1
ENSG00000134940,ENST00000533904,ACRV1
ENSG00000171053,ENST00000305738,PATE1
ENSG00000196844,ENST00000358524,PATE2
ENSG00000236027,ENST00000445202,PATE3
ENSG00000237353,ENST00000457514,PATE4
ENSG00000198331,ENST00000425380,HYLS1
ENSG00000110060,ENST00000227474,PUS3
ENSG00000109832,ENST00000263576,DDX25
ENSG00000283703,ENST00000686984,VSIG10L2
ENSG00000064309,ENST00000531738,CDON
ENSG00000165526,ENST00000298317,RPUSD4
ENSG00000197798,ENST00000533050,FAM118B
ENSG00000182934,ENST00000332118,SRPRA
ENSG00000110074,ENST00000263578,FOXRED1
ENSG00000150455,ENST00000392679,TIRAP
ENSG00000110063,ENST00000263579,DCPS
ENSG00000110080,ENST00000444328,ST3GAL4
ENSG00000149571,ENST00000525144,KIRREL3
ENSG00000134954,ENST00000392668,ETS1
ENSG00000151702,ENST00000527786,FLI1
ENSG00000151704,ENST00000392666,KCNJ1
ENSG00000120457,ENST00000529694,KCNJ5
ENSG00000120471,ENST00000531399,TP53AIP1
ENSG00000134909,ENST00000682385,ARHGAP32
ENSG00000043039,ENST00000281437,BARX2
ENSG00000151715,ENST00000281441,TMEM45B
ENSG00000170322,ENST00000682444,NFRKB
ENSG00000170325,ENST00000360871,PRDM10
ENSG00000084234,ENST00000338167,APLP2
ENSG00000149418,ENST00000278742,ST14
ENSG00000196323,ENST00000357899,ZBTB44
ENSG00000134917,ENST00000257359,ADAMTS8
ENSG00000166106,ENST00000299164,ADAMTS15
ENSG00000120451,ENST00000265909,SNX19
ENSG00000182667,ENST00000683400,NTM
ENSG00000183715,ENST00000524381,OPCML
ENSG00000166118,ENST00000299140,SPATA19
ENSG00000080854,ENST00000533871,IGSF9B
ENSG00000166086,ENST00000299106,JAM3
ENSG00000151503,ENST00000534548,NCAPD3
ENSG00000151502,ENST00000281187,VPS26B
ENSG00000151500,ENST00000341541,THYN1
ENSG00000151498,ENST00000281182,ACAD8
ENSG00000166105,ENST00000431683,GLB1L3
ENSG00000149328,ENST00000535456,GLB1L2
ENSG00000109956,ENST00000312527,B3GAT1
ENSG00000120645,ENST00000538872,IQSEC3
ENSG00000111181,ENST00000684302,SLC6A12
ENSG00000010379,ENST00000343164,SLC6A13
ENSG00000073614,ENST00000399788,KDM5A
ENSG00000120647,ENST00000239830,CCDC77
ENSG00000139044,ENST00000266383,B4GALNT3
ENSG00000171840,ENST00000305108,NINJ2
ENSG00000060237,ENST00000315939,WNK1
ENSG00000002016,ENST00000358495,RAD52
ENSG00000082805,ENST00000360905,ERC1
ENSG00000111186,ENST00000397196,WNT5B
ENSG00000171823,ENST00000339235,FBXL14
ENSG00000006831,ENST00000357103,ADIPOR2
ENSG00000151062,ENST00000382722,CACNA2D4
ENSG00000166159,ENST00000299194,LRTM2
ENSG00000151065,ENST00000280665,DCP1B
ENSG00000151067,ENST00000399655,CACNA1C
ENSG00000004478,ENST00000001008,FKBP4
ENSG00000111203,ENST00000228799,ITFG2
ENSG00000053702,ENST00000337508,NRIP2
ENSG00000283297,ENST00000637658,TEX52
ENSG00000111206,ENST00000359843,FOXM1
ENSG00000171792,ENST00000489288,RHNO1
ENSG00000078246,ENST00000448120,TULP3
ENSG00000197905,ENST00000359864,TEAD4
ENSG00000011105,ENST00000011898,TSPAN9
ENSG00000111218,ENST00000382622,PRMT8
ENSG00000130038,ENST00000440314,CRACR2A
ENSG00000111224,ENST00000228820,PARP11
ENSG00000118971,ENST00000261254,CCND2
ENSG00000078237,ENST00000179259,TIGAR
ENSG00000118972,ENST00000237837,FGF23
ENSG00000111241,ENST00000228837,FGF6
ENSG00000047621,ENST00000261250,FERRY3
ENSG00000111247,ENST00000352618,RAD51AP1
ENSG00000010219,ENST00000543431,DYRK4
ENSG00000111254,ENST00000228850,AKAP3
ENSG00000139180,ENST00000266544,NDUFA9
ENSG00000130035,ENST00000252318,GALNT8
ENSG00000151079,ENST00000280684,KCNA6
ENSG00000111262,ENST00000382545,KCNA1
ENSG00000130037,ENST00000252321,KCNA5
ENSG00000185652,ENST00000423158,NTF3
ENSG00000047617,ENST00000682330,ANO2
ENSG00000110799,ENST00000261405,VWF
ENSG00000010278,ENST00000009180,CD9
ENSG00000008323,ENST00000684764,PLEKHG6
ENSG00000067182,ENST00000162749,TNFRSF1A
ENSG00000111319,ENST00000228916,SCNN1A
ENSG00000111321,ENST00000228918,LTBR
ENSG00000139193,ENST00000266557,CD27
ENSG00000139192,ENST00000266556,TAPBPL
ENSG00000139190,ENST00000396308,VAMP1
ENSG00000111639,ENST00000229238,MRPL51
ENSG00000010292,ENST00000315579,NCAPD2
ENSG00000111640,ENST00000229239,GAPDH
ENSG00000010295,ENST00000619571,IFFO1
ENSG00000111641,ENST00000322166,NOP2
ENSG00000111642,ENST00000544040,CHD4
ENSG00000184574,ENST00000329858,LPAR5
ENSG00000111644,ENST00000229243,ACRBP
ENSG00000111653,ENST00000341550,ING4
ENSG00000126746,ENST00000683879,ZNF384
ENSG00000139200,ENST00000534837,PIANP
ENSG00000111652,ENST00000543155,COPS7A
ENSG00000089693,ENST00000203630,MLF2
ENSG00000159335,ENST00000309083,PTMS
ENSG00000089692,ENST00000203629,LAG3
ENSG00000010610,ENST00000011653,CD4
ENSG00000250510,ENST00000311268,GPR162
ENSG00000110811,ENST00000290510,P3H3
ENSG00000111664,ENST00000229264,GNB3
ENSG00000111665,ENST00000538862,CDCA3
ENSG00000111667,ENST00000229268,USP5
ENSG00000111669,ENST00000396705,TPI1
ENSG00000111671,ENST00000524270,SPSB2
ENSG00000010626,ENST00000443597,LRRC23
ENSG00000111674,ENST00000229277,ENO2
ENSG00000111676,ENST00000396684,ATN1
ENSG00000111678,ENST00000229281,C12orf57
ENSG00000111679,ENST00000318974,PTPN6
ENSG00000215021,ENST00000535923,PHB2
ENSG00000126749,ENST00000599672,EMG1
ENSG00000111684,ENST00000261407,LPCAT3
ENSG00000182326,ENST00000360817,C1S
ENSG00000159403,ENST00000647956,C1R
ENSG00000139178,ENST00000266542,C1RL
ENSG00000139194,ENST00000266560,RBP5
ENSG00000139182,ENST00000266546,CLSTN3
ENSG00000139197,ENST00000675855,PEX5
ENSG00000215009,ENST00000399422,ACSM4
ENSG00000177675,ENST00000313599,CD163L1
ENSG00000177575,ENST00000432237,CD163
ENSG00000111701,ENST00000229304,APOBEC1
ENSG00000184344,ENST00000329913,GDF3
ENSG00000187569,ENST00000345088,DPPA3
ENSG00000198178,ENST00000360345,CLEC4C
ENSG00000205857,ENST00000382119,NANOGNB
ENSG00000111704,ENST00000229307,NANOG
ENSG00000173262,ENST00000431042,SLC2A14
ENSG00000059804,ENST00000075120,SLC2A3
ENSG00000065970,ENST00000162391,FOXJ2
ENSG00000171860,ENST00000307637,C3AR1
ENSG00000089818,ENST00000339754,NECAP1
ENSG00000111729,ENST00000229332,CLEC4A
ENSG00000196946,ENST00000396570,ZNF705A
ENSG00000171847,ENST00000538603,FAM90A1
ENSG00000205846,ENST00000382073,CLEC6A
ENSG00000166527,ENST00000299665,CLEC4D
ENSG00000166523,ENST00000299663,CLEC4E
ENSG00000111732,ENST00000229335,AICDA
ENSG00000197614,ENST00000359478,MFAP5
ENSG00000166532,ENST00000535829,RIMKLB
ENSG00000166535,ENST00000299698,A2ML1
ENSG00000111752,ENST00000544916,PHC1
ENSG00000003056,ENST00000000412,M6PR
ENSG00000139187,ENST00000356986,KLRG1
ENSG00000175899,ENST00000318602,A2M
ENSG00000126838,ENST00000261336,PZP
ENSG00000111796,ENST00000229402,KLRB1
ENSG00000069493,ENST00000290855,CLEC2D
ENSG00000110848,ENST00000228434,CD69
ENSG00000150045,ENST00000617889,KLRF1
ENSG00000110852,ENST00000228438,CLEC2B
ENSG00000256797,ENST00000535540,KLRF2
ENSG00000188393,ENST00000455827,CLEC2A
ENSG00000172322,ENST00000304361,CLEC12A
ENSG00000165682,ENST00000298527,CLEC1B
ENSG00000256660,ENST00000338896,CLEC12B
ENSG00000197992,ENST00000355819,CLEC9A
ENSG00000150048,ENST00000315330,CLEC1A
ENSG00000172243,ENST00000304084,CLEC7A
ENSG00000173391,ENST00000309539,OLR1
ENSG00000165685,ENST00000543484,TMEM52B
ENSG00000139112,ENST00000266458,GABARAPL1
ENSG00000134539,ENST00000336164,KLRD1
ENSG00000213809,ENST00000240618,KLRK1
ENSG00000183542,ENST00000309384,KLRC4
ENSG00000205810,ENST00000396439,KLRC3
ENSG00000205809,ENST00000381902,KLRC2
ENSG00000134545,ENST00000359151,KLRC1
ENSG00000180574,ENST00000538173,EIF2S3B
ENSG00000111196,ENST00000320756,MAGOHB
ENSG00000060140,ENST00000075503,STYK1
ENSG00000060138,ENST00000228251,YBX3
ENSG00000121377,ENST00000240687,TAS2R7
ENSG00000121314,ENST00000240615,TAS2R8
ENSG00000121381,ENST00000240691,TAS2R9
ENSG00000231887,ENST00000543626,PRH1
ENSG00000121318,ENST00000240619,TAS2R10
ENSG00000111215,ENST00000228811,PRR4
ENSG00000212128,ENST00000390677,TAS2R13
ENSG00000134551,ENST00000396400,PRH2
ENSG00000212127,ENST00000537503,TAS2R14
ENSG00000212126,ENST00000506868,TAS2R50
ENSG00000255837,ENST00000538986,TAS2R20
ENSG00000212124,ENST00000390673,TAS2R19
ENSG00000256436,ENST00000390675,TAS2R31
ENSG00000226761,ENST00000533467,TAS2R46
ENSG00000255374,ENST00000531678,TAS2R43
ENSG00000256188,ENST00000539585,TAS2R30
ENSG00000256537,ENST00000622602,SMIM10L1
ENSG00000186136,ENST00000334266,TAS2R42
ENSG00000197870,ENST00000538488,PRB3
ENSG00000230657,ENST00000279575,PRB4
ENSG00000121335,ENST00000389362,PRB2
ENSG00000139083,ENST00000396373,ETV6
ENSG00000121380,ENST00000308721,BCL2L14
ENSG00000070018,ENST00000261349,LRP6
ENSG00000111261,ENST00000535902,MANSC1
ENSG00000165714,ENST00000314565,BORCS5
ENSG00000111266,ENST00000298573,DUSP16
ENSG00000111269,ENST00000228865,CREBL2
ENSG00000183150,ENST00000651487,GPR19
ENSG00000111276,ENST00000228872,CDKN1B
ENSG00000178878,ENST00000356591,APOLD1
ENSG00000213782,ENST00000358007,DDX47
ENSG00000013588,ENST00000014914,GPRC5A
ENSG00000111291,ENST00000228887,GPRC5D
ENSG00000013583,ENST00000014930,HEBP1
ENSG00000084444,ENST00000197268,FAM234B
ENSG00000111305,ENST00000651961,GSG1
ENSG00000134531,ENST00000256951,EMP1
ENSG00000273079,ENST00000609686,GRIN2B
ENSG00000171681,ENST00000261168,ATF7IP
ENSG00000121316,ENST00000240617,PLBD1
ENSG00000070019,ENST00000261170,GUCY2C
ENSG00000197837,ENST00000539745,H4C16
ENSG00000246705,ENST00000544848,H2AJ
ENSG00000084463,ENST00000261167,WBP11
ENSG00000182993,ENST00000330828,C12orf60
ENSG00000179256,ENST00000316048,SMCO3
ENSG00000111339,ENST00000228936,ART4
ENSG00000111341,ENST00000539261,MGP
ENSG00000139055,ENST00000266397,ERP27
ENSG00000111348,ENST00000228945,ARHGDIB
ENSG00000139053,ENST00000266395,PDE6H
ENSG00000134533,ENST00000256953,RERG
ENSG00000151490,ENST00000281171,PTPRO
ENSG00000151491,ENST00000281172,EPS8
ENSG00000023734,ENST00000419869,STRAP
ENSG00000023697,ENST00000428559,DERA
ENSG00000188991,ENST00000344941,SLC15A5
ENSG00000008394,ENST00000396210,MGST1
ENSG00000048540,ENST00000537304,LMO3
ENSG00000111404,ENST00000538724,RERGL
ENSG00000139144,ENST00000538779,PIK3C2G
ENSG00000139151,ENST00000266505,PLCZ1
ENSG00000177938,ENST00000317658,CAPZA3
ENSG00000052126,ENST00000429027,PLEKHA5
ENSG00000139154,ENST00000266508,AEBP2
ENSG00000172572,ENST00000359062,PDE3A
ENSG00000139155,ENST00000266509,SLCO1C1
ENSG00000111700,ENST00000381545,SLCO1B3
ENSG00000134538,ENST00000256958,SLCO1B1
ENSG00000084453,ENST00000683939,SLCO1A2
ENSG00000121351,ENST00000240652,IAPP
ENSG00000121350,ENST00000240651,PYROXD1
ENSG00000004700,ENST00000444129,RECQL
ENSG00000111711,ENST00000229314,GOLT1B
ENSG00000134548,ENST00000256969,SPX
ENSG00000111713,ENST00000261195,GYS2
ENSG00000111716,ENST00000350669,LDHB
ENSG00000121361,ENST00000240662,KCNJ8
ENSG00000069431,ENST00000261200,ABCC9
ENSG00000111726,ENST00000229329,CMAS
ENSG00000111728,ENST00000396037,ST8SIA1
ENSG00000111731,ENST00000446597,C2CD5
ENSG00000139163,ENST00000266517,ETNK1
ENSG00000134532,ENST00000451604,SOX5
ENSG00000060982,ENST00000261192,BCAT1
ENSG00000118308,ENST00000556887,IRAG2
ENSG00000118307,ENST00000395987,DNAI7
ENSG00000205707,ENST00000381356,ETFRF1
ENSG00000133703,ENST00000311936,KRAS
ENSG00000152936,ENST00000458174,LMNTD1
ENSG00000123094,ENST00000689635,RASSF8
ENSG00000123095,ENST00000242728,BHLHE41
ENSG00000123096,ENST00000242729,SSPN
ENSG00000123104,ENST00000381340,ITPR2
ENSG00000064102,ENST00000261191,INTS13
ENSG00000111790,ENST00000229395,FGFR1OP2
ENSG00000064115,ENST00000343028,TM7SF3
ENSG00000152944,ENST00000282892,MED21
ENSG00000214700,ENST00000429849,C12orf71
ENSG00000211455,ENST00000389032,STK38L
ENSG00000029153,ENST00000266503,BMAL2
ENSG00000165935,ENST00000535986,SMCO2
ENSG00000110841,ENST00000228425,PPFIBP1
ENSG00000174236,ENST00000310791,REP15
ENSG00000061794,ENST00000081029,MRPS35
ENSG00000205693,ENST00000381273,MANSC4
ENSG00000087448,ENST00000381271,KLHL42
ENSG00000087494,ENST00000545234,PTHLH
ENSG00000123106,ENST00000536442,CCDC91
ENSG00000064763,ENST00000536681,FAR2
ENSG00000087502,ENST00000360150,ERGIC2
ENSG00000187950,ENST00000537054,OVCH1
ENSG00000133687,ENST00000539277,TMTC1
ENSG00000133704,ENST00000256079,IPO8
ENSG00000110888,ENST00000695402,CAPRIN2
ENSG00000110900,ENST00000546076,TSPAN11
ENSG00000013573,ENST00000542838,DDX11
ENSG00000139146,ENST00000337682,SINHCAF
ENSG00000170456,ENST00000389082,DENND5B
ENSG00000139160,ENST00000357721,ETFBKMT
ENSG00000151743,ENST00000281471,AMN1
ENSG00000188375,ENST00000340398,H3-5
ENSG00000174718,ENST00000312561,RESF1
ENSG00000151746,ENST00000652176,BICD1
ENSG00000139132,ENST00000534526,FGD4
ENSG00000087470,ENST00000549701,DNM1L
ENSG00000139131,ENST00000324868,YARS2
ENSG00000057294,ENST00000340811,PKP2
ENSG00000110975,ENST00000228567,SYT10
ENSG00000139133,ENST00000266483,ALG10
ENSG00000175548,ENST00000308742,ALG10B
ENSG00000139117,ENST00000331366,CPNE8
ENSG00000139116,ENST00000361418,KIF21A
ENSG00000173208,ENST00000308666,ABCD2
ENSG00000180116,ENST00000324616,REDIC1
ENSG00000151229,ENST00000280871,SLC2A13
ENSG00000188906,ENST00000298910,LRRK2
ENSG00000018236,ENST00000551295,CNTN1
ENSG00000165966,ENST00000402685,PDZRN4
ENSG00000151233,ENST00000398675,GXYLT1
ENSG00000015153,ENST00000534854,YAF2
ENSG00000134283,ENST00000358314,PPHLN1
ENSG00000139168,ENST00000266529,ZCRB1
ENSG00000139174,ENST00000345127,PRICKLE1
ENSG00000173157,ENST00000389420,ADAMTS20
ENSG00000129317,ENST00000344862,PUS7L
ENSG00000198001,ENST00000613694,IRAK4
ENSG00000151239,ENST00000395510,TWF1
ENSG00000139173,ENST00000266534,TMEM117
ENSG00000184613,ENST00000429094,NELL2
ENSG00000185610,ENST00000332700,DBX2
ENSG00000177119,ENST00000320560,ANO6
ENSG00000189079,ENST00000334344,ARID2
ENSG00000139218,ENST00000369367,SCAF11
ENSG00000111371,ENST00000398637,SLC38A1
ENSG00000134294,ENST00000256689,SLC38A2
ENSG00000139209,ENST00000266579,SLC38A4
ENSG00000139211,ENST00000550413,AMIGO2
ENSG00000179715,ENST00000546455,PCED1B
ENSG00000005175,ENST00000005386,RPAP3
ENSG00000111405,ENST00000422538,ENDOU
ENSG00000079337,ENST00000449771,RAPGEF3
ENSG00000211584,ENST00000442218,SLC48A1
ENSG00000061273,ENST00000080059,HDAC7
ENSG00000111424,ENST00000549336,VDR
ENSG00000134291,ENST00000429772,TMEM106C
ENSG00000139219,ENST00000380518,COL2A1
ENSG00000079387,ENST00000549518,SENP1
ENSG00000152556,ENST00000359794,PFKM
ENSG00000177981,ENST00000317697,ASB8
ENSG00000177875,ENST00000316554,CCDC184
ENSG00000172640,ENST00000310248,OR10AD1
ENSG00000187166,ENST00000335017,H1-7
ENSG00000167528,ENST00000547026,ZNF641
ENSG00000139223,ENST00000266594,ANP32D
ENSG00000177627,ENST00000548364,C12orf54
ENSG00000284723,ENST00000641651,OR8S1
ENSG00000198678,ENST00000328207,OR5BS1
ENSG00000167531,ENST00000301046,LALBA
ENSG00000139620,ENST00000420613,KANSL2
ENSG00000129315,ENST00000261900,CCNT1
ENSG00000257987,ENST00000548380,SPMIP11
ENSG00000174233,ENST00000357869,ADCY6
ENSG00000167535,ENST00000301050,CACNB3
ENSG00000174243,ENST00000308025,DDX23
ENSG00000172602,ENST00000309739,RND1
ENSG00000139537,ENST00000320516,CCDC65
ENSG00000134285,ENST00000550765,FKBP11
ENSG00000134287,ENST00000256682,ARF3
ENSG00000169884,ENST00000301061,WNT10B
ENSG00000125084,ENST00000293549,WNT1
ENSG00000181418,ENST00000421952,DDN
ENSG00000181929,ENST00000548065,PRKAG1
ENSG00000167548,ENST00000301067,KMT2D
ENSG00000167550,ENST00000301068,RHEBL1
ENSG00000139549,ENST00000649637,DHH
ENSG00000139636,ENST00000267102,LMBR1L
ENSG00000123416,ENST00000336023,TUBA1B
ENSG00000167552,ENST00000301071,TUBA1A
ENSG00000167553,ENST00000301072,TUBA1C
ENSG00000135406,ENST00000257860,PRPH
ENSG00000135451,ENST00000257909,TROAP
ENSG00000186897,ENST00000334221,C1QL4
ENSG00000178401,ENST00000549441,DNAJC22
ENSG00000123352,ENST00000552918,SPATS2
ENSG00000135519,ENST00000257981,KCNH3
ENSG00000187778,ENST00000343810,MCRS1
ENSG00000110844,ENST00000548825,PRPF40B
ENSG00000135436,ENST00000257894,FAM186B
ENSG00000161791,ENST00000335154,FMNL3
ENSG00000139644,ENST00000267115,TMBIM6
ENSG00000167566,ENST00000335999,NCKAP5L
ENSG00000186666,ENST00000333924,BCDIN3D
ENSG00000135472,ENST00000320634,FAIM2
ENSG00000167580,ENST00000199280,AQP2
ENSG00000161798,ENST00000293599,AQP5
ENSG00000086159,ENST00000315520,AQP6
ENSG00000161800,ENST00000312377,RACGAP1
ENSG00000110881,ENST00000447966,ASIC1
ENSG00000066117,ENST00000394963,SMARCD1
ENSG00000167588,ENST00000301149,GPD1
ENSG00000178449,ENST00000550487,COX14
ENSG00000139624,ENST00000317551,CERS5
ENSG00000050405,ENST00000341247,LIMA1
ENSG00000185958,ENST00000327337,FAM186A
ENSG00000161813,ENST00000398473,LARP4
ENSG00000066084,ENST00000301180,DIP2B
ENSG00000123268,ENST00000262053,ATF1
ENSG00000186452,ENST00000398458,TMPRSS12
ENSG00000185432,ENST00000332160,TMT1A
ENSG00000214511,ENST00000695931,HIGD1C
ENSG00000110911,ENST00000262052,SLC11A2
ENSG00000050426,ENST00000262055,LETMD1
ENSG00000110925,ENST00000228515,CSRNP2
ENSG00000135457,ENST00000257915,TFCP2
ENSG00000184271,ENST00000333640,POU6F1
ENSG00000183283,ENST00000412716,DAZAP2
ENSG00000170545,ENST00000603798,SMAGP
ENSG00000110934,ENST00000615107,BIN2
ENSG00000139610,ENST00000293636,CELA1
ENSG00000139629,ENST00000356317,GALNT6
ENSG00000050438,ENST00000453097,SLC4A8
ENSG00000196876,ENST00000627620,SCN8A
ENSG00000284730,ENST00000642069,TMDD1
ENSG00000261308,ENST00000618634,FIGNL2
ENSG00000167612,ENST00000301190,ANKRD33
ENSG00000139567,ENST00000388922,ACVRL1
ENSG00000135503,ENST00000257963,ACVR1B
ENSG00000161835,ENST00000293662,TAMALIN
ENSG00000123358,ENST00000394825,NR4A1
ENSG00000123395,ENST00000336854,ATG101
ENSG00000284791,ENST00000546390,SMIM41
ENSG00000167767,ENST00000394815,KRT80
ENSG00000135480,ENST00000331817,KRT7
ENSG00000170442,ENST00000423955,KRT86
ENSG00000205426,ENST00000327741,KRT81
ENSG00000170523,ENST00000293670,KRT83
ENSG00000135443,ENST00000257901,KRT85
ENSG00000161849,ENST00000257951,KRT84
ENSG00000161850,ENST00000257974,KRT82
ENSG00000170454,ENST00000252245,KRT75
ENSG00000185479,ENST00000252252,KRT6B
ENSG00000170465,ENST00000252250,KRT6C
ENSG00000205420,ENST00000330722,KRT6A
ENSG00000186081,ENST00000252242,KRT5
ENSG00000139648,ENST00000267119,KRT71
ENSG00000170484,ENST00000305620,KRT74
ENSG00000170486,ENST00000293745,KRT72
ENSG00000186049,ENST00000305748,KRT73
ENSG00000172867,ENST00000309680,KRT2
ENSG00000167768,ENST00000252244,KRT1
ENSG00000189182,ENST00000341809,KRT77
ENSG00000185069,ENST00000332411,KRT76
ENSG00000186442,ENST00000417996,KRT3
ENSG00000170477,ENST00000551956,KRT4
ENSG00000185640,ENST00000330553,KRT79
ENSG00000170423,ENST00000304620,KRT78
ENSG00000170421,ENST00000692008,KRT8
ENSG00000111057,ENST00000388835,KRT18
ENSG00000063046,ENST00000262056,EIF4B
ENSG00000111077,ENST00000314250,TNS2
ENSG00000167778,ENST00000301463,SPRYD3
ENSG00000167779,ENST00000301464,IGFBP6
ENSG00000167780,ENST00000301466,SOAT2
ENSG00000139631,ENST00000444623,CSAD
ENSG00000139651,ENST00000416904,ZNF740
ENSG00000139626,ENST00000267082,ITGB7
ENSG00000172819,ENST00000425354,RARG
ENSG00000283536,ENST00000635789,ENSG00000283536
ENSG00000182544,ENST00000329548,MFSD5
ENSG00000135476,ENST00000257934,ESPL1
ENSG00000123349,ENST00000334478,PFDN5
ENSG00000139637,ENST00000267103,MYG1
ENSG00000094914,ENST00000209873,AAAS
ENSG00000170374,ENST00000536324,SP7
ENSG00000185591,ENST00000327443,SP1
ENSG00000135409,ENST00000257863,AMHR2
ENSG00000205352,ENST00000429243,PRR13
ENSG00000197111,ENST00000546463,PCBP2
ENSG00000139625,ENST00000547488,MAP3K12
ENSG00000139546,ENST00000266987,TARBP2
ENSG00000139574,ENST00000267017,NPFF
ENSG00000170653,ENST00000420353,ATF7
ENSG00000135390,ENST00000394349,ATP5MC2
ENSG00000012822,ENST00000550804,CALCOCO1
ENSG00000260492,ENST00000663667,CISTR
ENSG00000123364,ENST00000243056,HOXC13
ENSG00000123407,ENST00000243103,HOXC12
ENSG00000228630,ENST00000424518,HOTAIR
ENSG00000123388,ENST00000546378,HOXC11
ENSG00000180818,ENST00000303460,HOXC10
ENSG00000197757,ENST00000243108,HOXC6
ENSG00000180806,ENST00000303450,HOXC9
ENSG00000037965,ENST00000040584,HOXC8
ENSG00000198353,ENST00000430889,HOXC4
ENSG00000172789,ENST00000312492,HOXC5
ENSG00000123415,ENST00000682136,SMUG1
ENSG00000094916,ENST00000209875,CBX5
ENSG00000135486,ENST00000340913,HNRNPA1
ENSG00000123405,ENST00000435572,NFE2
ENSG00000111481,ENST00000262061,COPZ1
ENSG00000139572,ENST00000267015,GPR84
ENSG00000161642,ENST00000394313,ZNF385A
ENSG00000161638,ENST00000293379,ITGA5
ENSG00000170627,ENST00000305879,GTSF1
ENSG00000123338,ENST00000293373,NCKAP1L
ENSG00000123360,ENST00000243052,PDE1B
ENSG00000135447,ENST00000257905,PPP1R1A
ENSG00000135413,ENST00000257867,LACRT
ENSG00000161634,ENST00000293371,DCD
ENSG00000172551,ENST00000308796,MUCL1
ENSG00000135426,ENST00000449076,TESPA1
ENSG00000123307,ENST00000242994,NEUROD4
ENSG00000170605,ENST00000641329,OR9K2
ENSG00000179919,ENST00000326258,OR10A7
ENSG00000197706,ENST00000343399,OR6C74
ENSG00000188324,ENST00000358433,OR6C6
ENSG00000205330,ENST00000642104,OR6C1
ENSG00000205329,ENST00000641740,OR6C3
ENSG00000187857,ENST00000641576,OR6C75
ENSG00000205328,ENST00000379665,OR6C65
ENSG00000185821,ENST00000328314,OR6C76
ENSG00000179695,ENST00000641202,OR6C2
ENSG00000184954,ENST00000327335,OR6C70
ENSG00000205327,ENST00000548615,OR6C68
ENSG00000179626,ENST00000641569,OR6C4
ENSG00000179615,ENST00000641114,OR2AP1
ENSG00000175398,ENST00000309675,OR10P1
ENSG00000170439,ENST00000394252,TMT1B
ENSG00000135424,ENST00000257879,ITGA7
ENSG00000135441,ENST00000548925,BLOC1S1
ENSG00000135437,ENST00000257895,RDH5
ENSG00000135404,ENST00000257857,CD63
ENSG00000135414,ENST00000257868,GDF11
ENSG00000205323,ENST00000336133,SARNP
ENSG00000123353,ENST00000243045,ORMDL2
ENSG00000135392,ENST00000678005,DNAJC14
ENSG00000123342,ENST00000322569,MMP19
ENSG00000170473,ENST00000408946,PYM1
ENSG00000065357,ENST00000331886,DGKA
ENSG00000185664,ENST00000548747,PMEL
ENSG00000123374,ENST00000266970,CDK2
ENSG00000111540,ENST00000360299,RAB5B
ENSG00000139531,ENST00000266971,SUOX
ENSG00000123411,ENST00000547167,IKZF4
ENSG00000197728,ENST00000646449,RPS26
ENSG00000065361,ENST00000267101,ERBB3
ENSG00000170515,ENST00000303305,PA2G4
ENSG00000229117,ENST00000546591,RPL41
ENSG00000139641,ENST00000394048,ESYT1
ENSG00000135482,ENST00000257940,ZC3H10
ENSG00000196465,ENST00000695999,MYL6B
ENSG00000092841,ENST00000550697,MYL6
ENSG00000139613,ENST00000550164,SMARCC2
ENSG00000181852,ENST00000345093,RNF41
ENSG00000139579,ENST00000267023,NABP2
ENSG00000139540,ENST00000454355,SLC39A5
ENSG00000139645,ENST00000267116,ANKRD52
ENSG00000135469,ENST00000308197,COQ10A
ENSG00000062485,ENST00000351328,CS
ENSG00000257727,ENST00000273308,CNPY2
ENSG00000135473,ENST00000440411,PAN2
ENSG00000110944,ENST00000228534,IL23A
ENSG00000170581,ENST00000314128,STAT2
ENSG00000175336,ENST00000398189,APOF
ENSG00000111602,ENST00000553532,TIMELESS
ENSG00000135517,ENST00000652304,MIP
ENSG00000176422,ENST00000338146,SPRYD4
ENSG00000135423,ENST00000311966,GLS2
ENSG00000076067,ENST00000262031,RBMS2
ENSG00000076108,ENST00000549884,BAZ2A
ENSG00000110955,ENST00000262030,ATP5F1B
ENSG00000110958,ENST00000262033,PTGES3
ENSG00000196531,ENST00000454682,NACA
ENSG00000198056,ENST00000338193,PRIM1
ENSG00000025423,ENST00000322165,HSD17B6
ENSG00000170426,ENST00000293502,SDR9C7
ENSG00000139547,ENST00000398138,RDH16
ENSG00000166856,ENST00000300098,GPR182
ENSG00000166860,ENST00000300101,ZBTB39
ENSG00000166863,ENST00000458521,TAC3
ENSG00000166866,ENST00000300119,MYO1A
ENSG00000166881,ENST00000300128,NEMP1
ENSG00000166886,ENST00000300131,NAB2
ENSG00000166888,ENST00000300134,STAT6
ENSG00000123384,ENST00000243077,LRP1
ENSG00000259125,ENST00000555461,LRP1-AS
ENSG00000182379,ENST00000349394,NXPH4
ENSG00000182199,ENST00000328923,SHMT2
ENSG00000185633,ENST00000554503,NDUFA4L2
ENSG00000185482,ENST00000332782,STAC3
ENSG00000179912,ENST00000402412,R3HDM2
ENSG00000175189,ENST00000309668,INHBC
ENSG00000139269,ENST00000266646,INHBE
ENSG00000111087,ENST00000228682,GLI1
ENSG00000123329,ENST00000393791,ARHGAP9
ENSG00000166986,ENST00000262027,MARS1
ENSG00000175197,ENST00000346473,DDIT3
ENSG00000285133,ENST00000642841,ENSG00000285133
ENSG00000166987,ENST00000355673,MBD6
ENSG00000175203,ENST00000548249,DCTN2
ENSG00000155980,ENST00000455537,KIF5A
ENSG00000166908,ENST00000354947,PIP4K2C
ENSG00000178498,ENST00000337737,DTX3
ENSG00000240771,ENST00000286494,ARHGEF25
ENSG00000135454,ENST00000341156,B4GALNT1
ENSG00000135506,ENST00000315970,OS9
ENSG00000135439,ENST00000547588,AGAP2
ENSG00000135452,ENST00000257910,TSPAN31
ENSG00000135446,ENST00000257904,CDK4
ENSG00000139266,ENST00000266643,MARCHF9
ENSG00000111012,ENST00000228606,CYP27B1
ENSG00000037897,ENST00000324871,METTL1
ENSG00000123427,ENST00000300209,EEF1AKMT3
ENSG00000123297,ENST00000652027,TSFM
ENSG00000135407,ENST00000549994,AVIL
ENSG00000175215,ENST00000398073,CTDSP2
ENSG00000166896,ENST00000300145,ATP23
ENSG00000139263,ENST00000320743,LRIG3
ENSG00000118596,ENST00000547379,SLC16A7
ENSG00000198673,ENST00000416284,TAFA2
ENSG00000135655,ENST00000280377,USP15
ENSG00000061987,ENST00000393630,MON2
ENSG00000111110,ENST00000228705,PPM1H
ENSG00000166148,ENST00000299178,AVPR1A
ENSG00000177990,ENST00000324472,DPY19L2
ENSG00000118600,ENST00000261234,RXYLT1
ENSG00000196935,ENST00000355086,SRGAP1
ENSG00000174206,ENST00000398055,KICS2
ENSG00000185306,ENST00000543942,C12orf56
ENSG00000184575,ENST00000332707,XPOT
ENSG00000183735,ENST00000331710,TBK1
ENSG00000153179,ENST00000542104,RASSF3
ENSG00000135677,ENST00000258145,GNS
ENSG00000111490,ENST00000539867,TBC1D30
ENSG00000156076,ENST00000286574,WIF1
ENSG00000174106,ENST00000308330,LEMD3
ENSG00000174099,ENST00000308259,MSRB3
ENSG00000149948,ENST00000403681,HMGA2
ENSG00000139233,ENST00000266604,LLPH
ENSG00000155957,ENST00000358230,TMBIM4
ENSG00000090376,ENST00000261233,IRAK3
ENSG00000127311,ENST00000247815,HELB
ENSG00000155974,ENST00000359742,GRIP1
ENSG00000111530,ENST00000545606,CAND1
ENSG00000127334,ENST00000344096,DYRK2
ENSG00000255733,ENST00000538665,IFNG-AS1
ENSG00000111537,ENST00000229135,IFNG
ENSG00000111536,ENST00000229134,IL26
ENSG00000127318,ENST00000538666,IL22
ENSG00000111554,ENST00000682720,MDM1
ENSG00000127314,ENST00000250559,RAP1B
ENSG00000111581,ENST00000229179,NUP107
ENSG00000175782,ENST00000398004,SLC35E3
ENSG00000135679,ENST00000258149,MDM2
ENSG00000135678,ENST00000551568,CPM
ENSG00000111605,ENST00000435070,CPSF6
ENSG00000090382,ENST00000261267,LYZ
ENSG00000127337,ENST00000247843,YEATS4
ENSG00000166225,ENST00000549921,FRS2
ENSG00000166226,ENST00000299300,CCT2
ENSG00000198812,ENST00000361484,LRRC10
ENSG00000127325,ENST00000330891,BEST3
ENSG00000127328,ENST00000247833,RAB3IP
ENSG00000166268,ENST00000552032,MYRFL
ENSG00000111596,ENST00000229195,CNOT2
ENSG00000135643,ENST00000258111,KCNMB4
ENSG00000127329,ENST00000334414,PTPRB
ENSG00000153233,ENST00000283228,PTPRR
ENSG00000127324,ENST00000247829,TSPAN8
ENSG00000139292,ENST00000266674,LGR5
ENSG00000133858,ENST00000378743,ZFC3H1
ENSG00000173451,ENST00000308086,THAP2
ENSG00000139291,ENST00000266673,TMEM19
ENSG00000080371,ENST00000261263,RAB21
ENSG00000121749,ENST00000485960,TBC1D15
ENSG00000139287,ENST00000333850,TPH2
ENSG00000072657,ENST00000261180,TRHDE
ENSG00000253719,ENST00000519948,ATXN7L3B
ENSG00000166006,ENST00000549446,KCNC2
ENSG00000180881,ENST00000699294,CAPS2
ENSG00000173401,ENST00000378695,GLIPR1L1
ENSG00000180481,ENST00000550916,GLIPR1L2
ENSG00000139278,ENST00000266659,GLIPR1
ENSG00000111615,ENST00000229214,KRR1
ENSG00000139289,ENST00000266671,PHLDA1
ENSG00000187109,ENST00000618691,NAP1L1
ENSG00000179941,ENST00000650064,BBS10
ENSG00000091039,ENST00000261183,OSBPL8
ENSG00000186908,ENST00000426126,ZDHHC17
ENSG00000175183,ENST00000311083,CSRP2
ENSG00000165891,ENST00000322886,E2F7
ENSG00000067798,ENST00000397909,NAV3
ENSG00000067715,ENST00000261205,SYT1
ENSG00000177425,ENST00000328827,PAWR
ENSG00000058272,ENST00000450142,PPP1R12A
ENSG00000165899,ENST00000547103,OTOGL
ENSG00000139304,ENST00000644991,PTPRQ
ENSG00000111046,ENST00000228641,MYF6
ENSG00000111049,ENST00000228644,MYF5
ENSG00000111052,ENST00000552864,LIN7A
ENSG00000111058,ENST00000548058,ACSS3
ENSG00000139220,ENST00000549396,PPFIA2
ENSG00000133773,ENST00000256151,CCDC59
ENSG00000127720,ENST00000248306,METTL25
ENSG00000179104,ENST00000321196,TMTC2
ENSG00000072041,ENST00000266682,SLC6A15
ENSG00000231738,ENST00000532498,TSPAN19
ENSG00000133640,ENST00000393217,LRRIQ1
ENSG00000180318,ENST00000316824,ALX1
ENSG00000198774,ENST00000361228,RASSF9
ENSG00000133636,ENST00000256010,NTS
ENSG00000182050,ENST00000611864,MGAT4C
ENSG00000165805,ENST00000298699,C12orf50
ENSG00000133641,ENST00000356891,RLIG1
ENSG00000198707,ENST00000552810,CEP290
ENSG00000139324,ENST00000266712,TMTC3
ENSG00000049130,ENST00000644744,KITLG
ENSG00000139318,ENST00000279488,DUSP6
ENSG00000139323,ENST00000313546,POC1B
ENSG00000257594,ENST00000529983,GALNT4
ENSG00000070961,ENST00000428670,ATP2B1
ENSG00000197651,ENST00000358859,CCER1
ENSG00000083782,ENST00000261172,EPYC
ENSG00000139330,ENST00000266719,KERA
ENSG00000139329,ENST00000266718,LUM
ENSG00000011465,ENST00000052754,DCN
ENSG00000133639,ENST00000256015,BTG1
ENSG00000187510,ENST00000344636,PLEKHG7
ENSG00000102189,ENST00000322349,EEA1
ENSG00000173598,ENST00000415493,NUDT4
ENSG00000177889,ENST00000318066,UBE2N
ENSG00000198015,ENST00000549982,MRPL42
ENSG00000120833,ENST00000551556,SOCS2
ENSG00000169372,ENST00000332896,CRADD
ENSG00000136040,ENST00000258526,PLXNC1
ENSG00000173588,ENST00000397809,CEP83
ENSG00000057704,ENST00000261226,TMCC3
ENSG00000184752,ENST00000327772,NDUFA12
ENSG00000120798,ENST00000333003,NR2C1
ENSG00000180263,ENST00000343958,FGD6
ENSG00000028203,ENST00000436874,VEZT
ENSG00000111142,ENST00000323666,METAP2
ENSG00000136014,ENST00000258499,USP44
ENSG00000074527,ENST00000343702,NTN4
ENSG00000139343,ENST00000266735,SNRPF
ENSG00000165972,ENST00000344280,CCDC38
ENSG00000139344,ENST00000266736,AMDHD1
ENSG00000084110,ENST00000261208,HAL
ENSG00000111144,ENST00000228740,LTA4H
ENSG00000111145,ENST00000228741,ELK3
ENSG00000059758,ENST00000261211,CDK17
ENSG00000188596,ENST00000524981,CFAP54
ENSG00000139350,ENST00000266742,NEDD1
ENSG00000255794,ENST00000850890,RMST
ENSG00000120802,ENST00000556029,TMPO
ENSG00000075415,ENST00000552981,SLC25A3
ENSG00000166130,ENST00000299157,IKBIP
ENSG00000120868,ENST00000551964,APAF1
ENSG00000185046,ENST00000683438,ANKS1B
ENSG00000180219,ENST00000324341,GARIN6
ENSG00000111647,ENST00000279907,BLTP3B
ENSG00000075089,ENST00000188312,ACTR6
ENSG00000166153,ENST00000550587,DEPDC4
ENSG00000136021,ENST00000360820,SCYL2
ENSG00000179520,ENST00000323346,SLC17A8
ENSG00000012504,ENST00000392986,NR1H4
ENSG00000139354,ENST00000547754,GAS2L3
ENSG00000151572,ENST00000392977,ANO4
ENSG00000256870,ENST00000536262,SLC5A8
ENSG00000120800,ENST00000261637,UTP20
ENSG00000120805,ENST00000261636,ARL1
ENSG00000166211,ENST00000551346,SPIC
ENSG00000196091,ENST00000361466,MYBPC1
ENSG00000111666,ENST00000229266,CHPT1
ENSG00000139351,ENST00000392924,SYCP3
ENSG00000111670,ENST00000299314,GNPTAB
ENSG00000136048,ENST00000258534,DRAM1
ENSG00000120860,ENST00000240079,WASHC3
ENSG00000075188,ENST00000552283,NUP37
ENSG00000185480,ENST00000327680,PARPBP
ENSG00000183395,ENST00000329406,PMCH
ENSG00000017427,ENST00000337514,IGF1
ENSG00000171759,ENST00000553106,PAH
ENSG00000139352,ENST00000266744,ASCL1
ENSG00000179088,ENST00000548883,C12orf42
ENSG00000136011,ENST00000388887,STAB2
ENSG00000111696,ENST00000392876,NT5DC3
ENSG00000166598,ENST00000299767,HSP90B1
ENSG00000204954,ENST00000378090,UQCC6
ENSG00000139372,ENST00000392872,TDG
ENSG00000120820,ENST00000360814,GLT8D2
ENSG00000111727,ENST00000229330,HCFC2
ENSG00000120837,ENST00000240055,NFYB
ENSG00000198431,ENST00000525566,TXNRD1
ENSG00000255150,ENST00000527879,EID3
ENSG00000171310,ENST00000303694,CHST11
ENSG00000136052,ENST00000258538,SLC41A2
ENSG00000151131,ENST00000552951,NOPCHAP1
ENSG00000136010,ENST00000258494,ALDH1L2
ENSG00000136051,ENST00000332180,WASHC4
ENSG00000136044,ENST00000258530,APPL2
ENSG00000235162,ENST00000443585,C12orf75
ENSG00000074590,ENST00000261402,NUAK1
ENSG00000136026,ENST00000378026,CKAP4
ENSG00000166046,ENST00000299045,TCP11L2
ENSG00000013503,ENST00000228347,POLR3B
ENSG00000111783,ENST00000392842,RFX4
ENSG00000111785,ENST00000392837,RIC8B
ENSG00000151135,ENST00000280756,TMEM263
ENSG00000120832,ENST00000240050,MTERF2
ENSG00000008405,ENST00000008527,CRY1
ENSG00000151136,ENST00000280758,ABTB3
ENSG00000136045,ENST00000412830,PWP1
ENSG00000110851,ENST00000228437,PRDM4
ENSG00000187855,ENST00000342331,ASCL4
ENSG00000075035,ENST00000547525,WSCD2
ENSG00000174600,ENST00000550402,CMKLR1
ENSG00000198855,ENST00000552695,FICD
ENSG00000075856,ENST00000546815,SART3
ENSG00000136003,ENST00000311893,ISCU
ENSG00000183160,ENST00000392806,TMEM119
ENSG00000110876,ENST00000550948,SELPLG
ENSG00000110880,ENST00000261401,CORO1C
ENSG00000084112,ENST00000326495,SSH1
ENSG00000110887,ENST00000228476,DAO
ENSG00000166111,ENST00000610966,SVOP
ENSG00000135093,ENST00000257548,USP30
ENSG00000189046,ENST00000429722,ALKBH2
ENSG00000076248,ENST00000242576,UNG
ENSG00000076555,ENST00000338432,ACACB
ENSG00000139445,ENST00000299162,FOXN4
ENSG00000174527,ENST00000310903,MYO1H
ENSG00000110906,ENST00000228495,KCTD10
ENSG00000151148,ENST00000342494,UBE3B
ENSG00000139428,ENST00000545712,MMAB
ENSG00000110921,ENST00000228510,MVK
ENSG00000139438,ENST00000538780,FAM222A
ENSG00000111199,ENST00000261740,TRPV4
ENSG00000139433,ENST00000318348,GLTP
ENSG00000139437,ENST00000405876,TCHP
ENSG00000139436,ENST00000355312,GIT2
ENSG00000076513,ENST00000261739,ANKRD13A
ENSG00000174456,ENST00000615315,C12orf76
ENSG00000122970,ENST00000242591,IFT81
ENSG00000174437,ENST00000539276,ATP2A2
ENSG00000196510,ENST00000455511,ANAPC7
ENSG00000111229,ENST00000228825,ARPC3
ENSG00000111231,ENST00000228827,GPN3
ENSG00000204856,ENST00000377673,FAM216A
ENSG00000111237,ENST00000549578,VPS29
ENSG00000151164,ENST00000409300,RAD9B
ENSG00000196850,ENST00000354300,PPTC7
ENSG00000204852,ENST00000397659,TCTN1
ENSG00000122986,ENST00000242607,HVCN1
ENSG00000186298,ENST00000335007,PPP1CC
ENSG00000173093,ENST00000308208,CCDC63
ENSG00000111245,ENST00000228841,MYL2
ENSG00000111249,ENST00000261726,CUX2
ENSG00000198324,ENST00000683047,PHETA1
ENSG00000111252,ENST00000341259,SH2B3
ENSG00000204842,ENST00000673436,ATXN2
ENSG00000089234,ENST00000419234,BRAP
ENSG00000111271,ENST00000313698,ACAD10
ENSG00000111275,ENST00000261733,ALDH2
ENSG00000089022,ENST00000550735,MAPKAPK5
ENSG00000198270,ENST00000552374,TMEM116
ENSG00000089248,ENST00000261735,ERP29
ENSG00000111300,ENST00000261745,NAA25
ENSG00000135148,ENST00000412615,TRAFD1
ENSG00000173064,ENST00000682272,HECTD4
ENSG00000089009,ENST00000202773,RPL6
ENSG00000179295,ENST00000351677,PTPN11
ENSG00000089169,ENST00000389385,RPH3A
ENSG00000089127,ENST00000202917,OAS1
ENSG00000111331,ENST00000228928,OAS3
ENSG00000111335,ENST00000392583,OAS2
ENSG00000135144,ENST00000548759,DTX1
ENSG00000111344,ENST00000548055,RASAL1
ENSG00000186710,ENST00000335621,CFAP73
ENSG00000123064,ENST00000306014,DDX54
ENSG00000139405,ENST00000548278,RITA1
ENSG00000166578,ENST00000416617,IQCD
ENSG00000186815,ENST00000335509,TPCN1
ENSG00000089060,ENST00000680972,SLC8B1
ENSG00000151176,ENST00000280800,PLBD2
ENSG00000135094,ENST00000257549,SDS
ENSG00000139410,ENST00000403593,SDSL
ENSG00000089116,ENST00000261731,LHX5
ENSG00000122965,ENST00000261741,RBM19
ENSG00000089225,ENST00000405440,TBX5
ENSG00000135111,ENST00000349155,TBX3
ENSG00000123066,ENST00000281928,MED13L
ENSG00000258102,ENST00000556529,MAP1LC3B2
ENSG00000111412,ENST00000261318,SPRING1
ENSG00000135119,ENST00000257575,RNFT2
ENSG00000135116,ENST00000257572,HRK
ENSG00000174989,ENST00000652555,FBXW8
ENSG00000088992,ENST00000335209,TESC
ENSG00000135108,ENST00000622495,FBXO21
ENSG00000089250,ENST00000317775,NOS1
ENSG00000171435,ENST00000339824,KSR2
ENSG00000111445,ENST00000454402,RFC5
ENSG00000176871,ENST00000315436,WSB2
ENSG00000176834,ENST00000359236,VSIG10
ENSG00000089220,ENST00000261313,PEBP1
ENSG00000135090,ENST00000392533,TAOK3
ENSG00000111707,ENST00000543473,SUDS3
ENSG00000139767,ENST00000267260,SRRM4
ENSG00000152137,ENST00000281938,HSPB8
ENSG00000183273,ENST00000327554,CCDC60
ENSG00000224982,ENST00000426426,TMEM233
ENSG00000111725,ENST00000229328,PRKAB1
ENSG00000122966,ENST00000392521,CIT
ENSG00000135127,ENST00000548673,BICDL1
ENSG00000111737,ENST00000229340,RAB35
ENSG00000089154,ENST00000300648,GCN1
ENSG00000089157,ENST00000392514,RPLP0
ENSG00000089159,ENST00000637617,PXN
ENSG00000202538,ENST00000365668,RNU4-2
ENSG00000089163,ENST00000202967,SIRT4
ENSG00000170890,ENST00000308366,PLA2G1B
ENSG00000135097,ENST00000257552,MSI1
ENSG00000111775,ENST00000229379,COX6A1
ENSG00000170855,ENST00000546954,TRIAP1
ENSG00000257218,ENST00000551765,GATC
ENSG00000111786,ENST00000229390,SRSF9
ENSG00000088986,ENST00000242577,DYNLL1
ENSG00000110871,ENST00000288532,COQ5
ENSG00000022840,ENST00000325954,RNF10
ENSG00000288623,ENST00000675818,ENSG00000288623
ENSG00000167272,ENST00000357500,POP5
ENSG00000157782,ENST00000316803,CABP1
ENSG00000110917,ENST00000228506,MLEC
ENSG00000175970,ENST00000344651,UNC119B
ENSG00000122971,ENST00000242592,ACADS
ENSG00000157837,ENST00000353487,SPPL3
ENSG00000135100,ENST00000257555,HNF1A
ENSG00000157895,ENST00000288757,C12orf43
ENSG00000135114,ENST00000257570,OASL
ENSG00000089041,ENST00000328963,P2RX7
ENSG00000135124,ENST00000337233,P2RX4
ENSG00000110931,ENST00000404169,CAMKK2
ENSG00000089053,ENST00000261819,ANAPC5
ENSG00000170633,ENST00000361234,RNF34
ENSG00000089094,ENST00000377071,KDM2B
ENSG00000139714,ENST00000355329,MORN3
ENSG00000188735,ENST00000449592,TMEM120B
ENSG00000139725,ENST00000267205,RHOF
ENSG00000139718,ENST00000604567,SETD1B
ENSG00000158104,ENST00000289004,HPD
ENSG00000110801,ENST00000541212,PSMD9
ENSG00000158023,ENST00000288912,CFAP251
ENSG00000110987,ENST00000261822,BCL7A
ENSG00000175727,ENST00000319080,MLXIP
ENSG00000158113,ENST00000339777,LRRC43
ENSG00000204671,ENST00000377035,IL31
ENSG00000176383,ENST00000324189,B3GNT4
ENSG00000184047,ENST00000464942,DIABLO
ENSG00000284934,ENST00000713558,ENSG00000284934
ENSG00000139719,ENST00000267199,VPS33A
ENSG00000130779,ENST00000620786,CLIP1
ENSG00000033030,ENST00000633063,ZCCHC8
ENSG00000111011,ENST00000331738,RSRC2
ENSG00000184445,ENST00000333479,KNTC1
ENSG00000182782,ENST00000328880,HCAR2
ENSG00000255398,ENST00000528880,HCAR3
ENSG00000196917,ENST00000432564,HCAR1
ENSG00000139726,ENST00000280557,DENR
ENSG00000130783,ENST00000253079,CCDC62
ENSG00000130787,ENST00000253083,HIP1R
ENSG00000139722,ENST00000267202,VPS37B
ENSG00000150967,ENST00000280560,ABCB9
ENSG00000111325,ENST00000228922,OGFOD2
ENSG00000182196,ENST00000315580,ARL6IP4
ENSG00000090975,ENST00000320201,PITPNM2
ENSG00000051825,ENST00000606320,MPHOSPH9
ENSG00000130921,ENST00000253233,MTRFR
ENSG00000111328,ENST00000261692,CDK2AP1
ENSG00000139697,ENST00000602398,SBNO1
ENSG00000183955,ENST00000402868,KMT5A
ENSG00000150977,ENST00000280571,RILPL2
ENSG00000184209,ENST00000526639,SNRNP35
ENSG00000188026,ENST00000376874,RILPL1
ENSG00000086598,ENST00000262225,TMED2
ENSG00000111364,ENST00000238146,DDX55
ENSG00000111361,ENST00000424014,EIF2B1
ENSG00000111358,ENST00000543341,GTF2H3
ENSG00000168778,ENST00000303372,TCTN2
ENSG00000185344,ENST00000330342,ATP6V0A2
ENSG00000197653,ENST00000673944,DNAH10
ENSG00000119242,ENST00000238156,CCDC92
ENSG00000179195,ENST00000337815,ZNF664
ENSG00000178882,ENST00000546355,RFLNA
ENSG00000196498,ENST00000405201,NCOR2
ENSG00000073060,ENST00000261693,SCARB1
ENSG00000150991,ENST00000339647,UBC
ENSG00000150990,ENST00000308736,DHX37
ENSG00000184992,ENST00000341446,BRI3BP
ENSG00000081760,ENST00000316519,AACS
ENSG00000139364,ENST00000682704,TMEM132B
ENSG00000181234,ENST00000435159,TMEM132C
ENSG00000139370,ENST00000266771,SLC15A4
ENSG00000151948,ENST00000442111,GLT1D1
ENSG00000151952,ENST00000422113,TMEM132D
ENSG00000111432,ENST00000229030,FZD10
ENSG00000125207,ENST00000245255,PIWIL1
ENSG00000060709,ENST00000690449,RIMBP2
ENSG00000111450,ENST00000392373,STX2
ENSG00000132341,ENST00000543796,RAN
ENSG00000111452,ENST00000261654,ADGRD1
ENSG00000061936,ENST00000261674,SFSWAP
ENSG00000198598,ENST00000360564,MMP17
ENSG00000177169,ENST00000321867,ULK1
ENSG00000177192,ENST00000376649,PUS1
ENSG00000183495,ENST00000389561,EP400
ENSG00000185163,ENST00000397333,DDX51
ENSG00000184967,ENST00000330579,NOC4L
ENSG00000182870,ENST00000328957,GALNT9
ENSG00000112787,ENST00000680143,FBRSL1
ENSG00000204583,ENST00000376608,LRCOL1
ENSG00000187848,ENST00000643471,P2RX2
ENSG00000177084,ENST00000320574,POLE
ENSG00000176894,ENST00000317479,PXMP2
ENSG00000247077,ENST00000498926,PGAM5
ENSG00000176915,ENST00000357997,ANKLE2
ENSG00000090615,ENST00000450791,GOLGA3
ENSG00000072609,ENST00000450056,CHFR
ENSG00000196458,ENST00000360187,ZNF605
ENSG00000198393,ENST00000328654,ZNF26
ENSG00000198040,ENST00000539354,ZNF84
ENSG00000196387,ENST00000355557,ZNF140
ENSG00000214029,ENST00000537226,ZNF891
ENSG00000256223,ENST00000248211,ZNF10
ENSG00000090612,ENST00000536435,ZNF268
ENSG00000227059,ENST00000545940,ANHX
ENSG00000198033,ENST00000400113,TUBA3C
ENSG00000132958,ENST00000697147,TPTE2
ENSG00000196199,ENST00000361479,MPHOSPH8
ENSG00000121390,ENST00000338910,PSPC1
ENSG00000132950,ENST00000337963,ZMYM5
ENSG00000121741,ENST00000610343,ZMYM2
ENSG00000121743,ENST00000241125,GJA3
ENSG00000165474,ENST00000382848,GJB2
ENSG00000121742,ENST00000647029,GJB6
ENSG00000165475,ENST00000298248,CRYL1
ENSG00000032742,ENST00000351808,IFT88
ENSG00000172458,ENST00000682841,IL17D
ENSG00000150456,ENST00000382758,EEF1AKMT1
ENSG00000132953,ENST00000255305,XPO4
ENSG00000150457,ENST00000382592,LATS2
ENSG00000150459,ENST00000382533,SAP18
ENSG00000165480,ENST00000314759,SKA3
ENSG00000173141,ENST00000309594,MRPL57
ENSG00000180776,ENST00000400590,ZDHHC20
ENSG00000165487,ENST00000382374,MICU2
ENSG00000102678,ENST00000382353,FGF9
ENSG00000102683,ENST00000218867,SGCG
ENSG00000151835,ENST00000382292,SACS
ENSG00000127863,ENST00000248484,TNFRSF19
ENSG00000027001,ENST00000382172,MIPEP
ENSG00000205863,ENST00000713589,C1QTNF9B
ENSG00000182957,ENST00000382108,SPATA13
ENSG00000240654,ENST00000332018,C1QTNF9
ENSG00000102699,ENST00000381989,PARP4
ENSG00000075673,ENST00000381946,ATP12A
ENSG00000132972,ENST00000255324,RNF17
ENSG00000151849,ENST00000381884,CPAP
ENSG00000151846,ENST00000281589,PABPC3
ENSG00000165566,ENST00000515384,AMER2
ENSG00000139505,ENST00000381801,MTMR6
ENSG00000139496,ENST00000381736,NUP58
ENSG00000132932,ENST00000381655,ATP8A2
ENSG00000180730,ENST00000319420,SHISA2
ENSG00000127870,ENST00000381588,RNF6
ENSG00000132964,ENST00000381527,CDK8
ENSG00000132970,ENST00000335327,WASF3
ENSG00000132975,ENST00000405846,GPR12
ENSG00000152484,ENST00000282344,USP12
ENSG00000122026,ENST00000311549,RPL21
ENSG00000122035,ENST00000241463,RASL11A
ENSG00000122034,ENST00000381140,GTF3A
ENSG00000122033,ENST00000381120,MTIF3
ENSG00000139517,ENST00000316334,LNX2
ENSG00000186184,ENST00000302979,POLR1D
ENSG00000169840,ENST00000302945,GSX1
ENSG00000139515,ENST00000381033,PDX1
ENSG00000165556,ENST00000381020,CDX2
ENSG00000183463,ENST00000332715,URAD
ENSG00000122025,ENST00000241453,FLT3
ENSG00000152520,ENST00000380958,PAN3
ENSG00000102755,ENST00000282397,FLT1
ENSG00000132963,ENST00000380842,POMP
ENSG00000139508,ENST00000266943,SLC46A3
ENSG00000132938,ENST00000612955,MTUS2
ENSG00000139514,ENST00000380752,SLC7A1
ENSG00000122042,ENST00000380680,UBL3
ENSG00000102781,ENST00000380615,KATNAL1
ENSG00000236444,ENST00000635918,UBE2L5
ENSG00000189403,ENST00000341423,HMGB1
ENSG00000132952,ENST00000255304,USPL1
ENSG00000132965,ENST00000380490,ALOX5AP
ENSG00000102802,ENST00000380482,MEDAG
ENSG00000175664,ENST00000380473,TEX26
ENSG00000120694,ENST00000320027,HSPH1
ENSG00000187676,ENST00000343307,B3GLCT
ENSG00000133105,ENST00000298386,RXFP2
ENSG00000073910,ENST00000542859,FRY
ENSG00000189167,ENST00000533490,ZAR1L
ENSG00000139618,ENST00000380152,BRCA2
ENSG00000139597,ENST00000380130,N4BP2L1
ENSG00000244754,ENST00000267068,N4BP2L2
ENSG00000083642,ENST00000315596,PDS5B
ENSG00000133116,ENST00000380099,KL
ENSG00000133121,ENST00000336934,STARD13
ENSG00000133119,ENST00000380071,RFC3
ENSG00000172915,ENST00000379939,NBEA
ENSG00000180660,ENST00000379919,MAB21L1
ENSG00000133083,ENST00000360631,DCLK1
ENSG00000120669,ENST00000379881,SOHLH2
ENSG00000242715,ENST00000239859,CCDC169
ENSG00000133104,ENST00000438666,SPART
ENSG00000133101,ENST00000255465,CCNA1
ENSG00000180440,ENST00000315190,SERTM1
ENSG00000133111,ENST00000255476,RFXAP
ENSG00000120693,ENST00000379826,SMAD9
ENSG00000120697,ENST00000239891,ALG5
ENSG00000120699,ENST00000389704,EXOSC8
ENSG00000102710,ENST00000350612,SUPT20H
ENSG00000180138,ENST00000379800,CSNK1A1L
ENSG00000133110,ENST00000379747,POSTN
ENSG00000133107,ENST00000379705,TRPC4
ENSG00000120686,ENST00000239878,UFM1
ENSG00000150893,ENST00000280481,FREM2
ENSG00000133115,ENST00000379631,STOML3
ENSG00000120685,ENST00000352251,PROSER1
ENSG00000188811,ENST00000379600,NHLRC3
ENSG00000183722,ENST00000379589,LHFPL6
ENSG00000133103,ENST00000455146,COG6
ENSG00000150907,ENST00000379561,FOXO1
ENSG00000102738,ENST00000323563,MRPS31
ENSG00000102743,ENST00000338625,SLC25A15
ENSG00000120690,ENST00000239882,ELF1
ENSG00000120688,ENST00000379487,WBP4
ENSG00000165572,ENST00000379485,KBTBD6
ENSG00000120696,ENST00000379483,KBTBD7
ENSG00000120662,ENST00000379480,MTRF1
ENSG00000172766,ENST00000379406,NAA16
ENSG00000102760,ENST00000379359,RGCC
ENSG00000102763,ENST00000379310,VWA8
ENSG00000102780,ENST00000337343,DGKH
ENSG00000023516,ENST00000025301,AKAP11
ENSG00000120659,ENST00000398795,TNFSF11
ENSG00000179813,ENST00000313851,FAM216B
ENSG00000133106,ENST00000313624,EPSTI1
ENSG00000120675,ENST00000379221,DNAJC15
ENSG00000120658,ENST00000690772,ENOX1
ENSG00000151773,ENST00000444614,CCDC122
ENSG00000179630,ENST00000325686,LACC1
ENSG00000151778,ENST00000379179,SERP2
ENSG00000102804,ENST00000458659,TSC22D1
ENSG00000083635,ENST00000379161,NUFIP1
ENSG00000133114,ENST00000379151,GPALPP1
ENSG00000188342,ENST00000340473,GTF2F2
ENSG00000180332,ENST00000379108,KCTD4
ENSG00000133112,ENST00000530705,TPT1
ENSG00000174032,ENST00000519676,SLC25A30
ENSG00000136152,ENST00000349995,COG3
ENSG00000165837,ENST00000298738,ERICH6B
ENSG00000174015,ENST00000310521,CBY2
ENSG00000215475,ENST00000400405,SIAH3
ENSG00000123200,ENST00000679008,ZC3H13
ENSG00000080618,ENST00000181383,CPB2
ENSG00000136167,ENST00000323076,LCP1
ENSG00000173988,ENST00000595396,LRRC63
ENSG00000102445,ENST00000429979,RUBCNL
ENSG00000136141,ENST00000389797,LRCH1
ENSG00000139684,ENST00000378720,ESD
ENSG00000102468,ENST00000542664,HTR2A
ENSG00000136143,ENST00000646932,SUCLA2
ENSG00000136159,ENST00000258662,NUDT15
ENSG00000136146,ENST00000258648,MED4
ENSG00000136156,ENST00000647800,ITM2B
ENSG00000139687,ENST00000267163,RB1
ENSG00000139679,ENST00000620633,LPAR6
ENSG00000136161,ENST00000344532,RCBTB2
ENSG00000152207,ENST00000682523,CYSLTR2
ENSG00000102531,ENST00000492622,FNDC3A
ENSG00000102539,ENST00000218721,MLNR
ENSG00000102543,ENST00000251108,CDADC1
ENSG00000102547,ENST00000409308,CAB39L
ENSG00000136169,ENST00000611815,SETDB2
ENSG00000136147,ENST00000378319,PHF11
ENSG00000136144,ENST00000378302,RCBTB1
ENSG00000152213,ENST00000282026,ARL11
ENSG00000123179,ENST00000242827,EBPL
ENSG00000102753,ENST00000261667,KPNA3
ENSG00000123178,ENST00000361840,SPRYD7
ENSG00000204977,ENST00000378182,TRIM13
ENSG00000198553,ENST00000312942,KCNRG
ENSG00000186047,ENST00000504404,DLEU7
ENSG00000136104,ENST00000336617,RNASEH2B
ENSG00000226792,ENST00000563710,C13orf42
ENSG00000150510,ENST00000322475,FAM124A
ENSG00000253309,ENST00000681248,SERPINE3
ENSG00000102786,ENST00000311234,INTS6
ENSG00000139668,ENST00000298125,WDFY2
ENSG00000102796,ENST00000444610,DHRS12
ENSG00000281106,ENST00000629372,TMEM272
ENSG00000123171,ENST00000242819,CCDC70
ENSG00000123191,ENST00000242839,ATP7B
ENSG00000253710,ENST00000521508,ALG11
ENSG00000253797,ENST00000521776,UTP14C
ENSG00000197168,ENST00000684899,NEK5
ENSG00000136098,ENST00000610828,NEK3
ENSG00000136114,ENST00000258613,THSD1
ENSG00000136100,ENST00000378060,VPS36
ENSG00000136108,ENST00000258607,CKAP2
ENSG00000139675,ENST00000357495,HNRNPA1L2
ENSG00000165416,ENST00000310528,SUGT1
ENSG00000136110,ENST00000377962,CNMD
ENSG00000136099,ENST00000377942,PCDH8
ENSG00000102837,ENST00000219022,OLFM4
ENSG00000204919,ENST00000377931,PRR20A
ENSG00000229665,ENST00000544357,PRR20C
ENSG00000204918,ENST00000377930,PRR20B
ENSG00000227151,ENST00000452123,PRR20D
ENSG00000234278,ENST00000434815,PRR20E
ENSG00000118946,ENST00000377918,PCDH17
ENSG00000139734,ENST00000400324,DIAPH3
ENSG00000083544,ENST00000377881,TDRD3
ENSG00000280165,ENST00000409204,PCDH20
ENSG00000237378,ENST00000611641,ENSG00000237378
ENSG00000285566,ENST00000648713,ENSG00000285566
ENSG00000184226,ENST00000377865,PCDH9
ENSG00000150361,ENST00000377844,KLHL1
ENSG00000230223,ENST00000424524,ATXN8OS
ENSG00000276644,ENST00000613252,DACH1
ENSG00000204899,ENST00000377818,MZT1
ENSG00000136122,ENST00000390667,BORA
ENSG00000083520,ENST00000377767,DIS3
ENSG00000083535,ENST00000326291,PIBF1
ENSG00000102554,ENST00000377687,KLF5
ENSG00000118922,ENST00000703967,KLF12
ENSG00000136111,ENST00000377636,TBC1D4
ENSG00000188243,ENST00000682242,COMMD6
ENSG00000118939,ENST00000377595,UCHL3
ENSG00000136153,ENST00000377534,LMO7
ENSG00000178695,ENST00000377474,KCTD12
ENSG00000102794,ENST00000377462,ACOD1
ENSG00000102805,ENST00000377453,CLN5
ENSG00000005812,ENST00000355619,FBXL3
ENSG00000005810,ENST00000544440,MYCBP2
ENSG00000288716,ENST00000684204,ENSG00000288716
ENSG00000136155,ENST00000349847,SCEL
ENSG00000139737,ENST00000418532,SLAIN1
ENSG00000136160,ENST00000646607,EDNRB
ENSG00000152192,ENST00000377208,POU4F1
ENSG00000152193,ENST00000282003,OBI1
ENSG00000139746,ENST00000438737,RBM26
ENSG00000102471,ENST00000218652,NDFIP2
ENSG00000136158,ENST00000377104,SPRY2
ENSG00000178235,ENST00000674365,SLITRK1
ENSG00000184564,ENST00000647374,SLITRK6
ENSG00000165300,ENST00000683689,SLITRK5
ENSG00000215417,ENST00000581816,MIR17HG
ENSG00000179399,ENST00000377067,GPC5
ENSG00000183098,ENST00000377047,GPC6
ENSG00000080166,ENST00000377028,DCT
ENSG00000088451,ENST00000261296,TGDS
ENSG00000152749,ENST00000376958,GPR180
ENSG00000125285,ENST00000376945,SOX21
ENSG00000125257,ENST00000645237,ABCC4
ENSG00000134873,ENST00000299339,CLDN10
ENSG00000134874,ENST00000376829,DZIP1
ENSG00000102580,ENST00000602402,DNAJC3
ENSG00000102595,ENST00000376747,UGGT2
ENSG00000185352,ENST00000376705,HS6ST3
ENSG00000165621,ENST00000541038,OXGR1
ENSG00000139793,ENST00000679496,MBNL2
ENSG00000125249,ENST00000245304,RAP2A
ENSG00000065150,ENST00000651721,IPO5
ENSG00000152767,ENST00000319562,FARP1
ENSG00000139797,ENST00000267291,RNF113B
ENSG00000102572,ENST00000539966,STK24
ENSG00000088386,ENST00000376503,SLC15A1
ENSG00000088387,ENST00000682017,DOCK9
ENSG00000134882,ENST00000403766,UBAC2
ENSG00000125245,ENST00000397470,GPR18
ENSG00000169508,ENST00000376414,GPR183
ENSG00000125304,ENST00000376387,TM9SF2
ENSG00000125246,ENST00000339105,CLYBL
ENSG00000139800,ENST00000267294,ZIC5
ENSG00000043355,ENST00000376335,ZIC2
ENSG00000175198,ENST00000376285,PCCA
ENSG00000134864,ENST00000683975,GGACT
ENSG00000125247,ENST00000342624,TMTC4
ENSG00000102452,ENST00000251127,NALCN
ENSG00000198542,ENST00000376180,ITGBL1
ENSG00000102466,ENST00000376143,FGF14
ENSG00000134900,ENST00000376052,TPP2
ENSG00000139780,ENST00000267273,METTL21C
ENSG00000175820,ENST00000322527,CCDC168
ENSG00000151287,ENST00000376032,TEX30
ENSG00000134901,ENST00000376004,POGLUT2
ENSG00000134897,ENST00000257336,BIVM
ENSG00000134899,ENST00000652225,ERCC5
ENSG00000125255,ENST00000245312,SLC10A2
ENSG00000182346,ENST00000375936,DAOA
ENSG00000125266,ENST00000646441,EFNB2
ENSG00000134884,ENST00000400198,ARGLU1
ENSG00000204442,ENST00000375915,NALF1
ENSG00000174405,ENST00000442234,LIG4
ENSG00000139826,ENST00000375898,ABHD13
ENSG00000102524,ENST00000375887,TNFSF13B
ENSG00000041515,ENST00000457511,MYO16
ENSG00000185950,ENST00000375856,IRS2
ENSG00000187498,ENST00000375820,COL4A1
ENSG00000134871,ENST00000360467,COL4A2
ENSG00000139832,ENST00000267328,RAB20
ENSG00000213995,ENST00000680254,NAXD
ENSG00000134905,ENST00000257347,CARS2
ENSG00000153487,ENST00000333219,ING1
ENSG00000088448,ENST00000267339,ANKRD10
ENSG00000102606,ENST00000646102,ARHGEF7
ENSG00000153495,ENST00000283547,TEX29
ENSG00000182968,ENST00000330949,SOX1
ENSG00000153498,ENST00000283550,SPACA7
ENSG00000126216,ENST00000261965,TUBGCP3
ENSG00000068650,ENST00000375645,ATP11A
ENSG00000126217,ENST00000535094,MCF2L
ENSG00000057593,ENST00000346342,F7
ENSG00000126218,ENST00000375559,F10
ENSG00000126231,ENST00000375547,PROZ
ENSG00000126226,ENST00000337344,PCID2
ENSG00000139842,ENST00000375440,CUL4A
ENSG00000185896,ENST00000332556,LAMP1
ENSG00000139835,ENST00000375431,GRTP1
ENSG00000153531,ENST00000612156,ADPRHL1
ENSG00000150401,ENST00000478244,DCUN1D2
ENSG00000150403,ENST00000434316,TMCO3
ENSG00000198176,ENST00000375370,TFDP1
ENSG00000186009,ENST00000335288,ATP4B
ENSG00000185974,ENST00000335678,GRK1
ENSG00000184497,ENST00000375353,TMEM255B
ENSG00000183087,ENST00000327773,GAS6
ENSG00000283199,ENST00000636427,C13orf46
ENSG00000185989,ENST00000334062,RASA3
ENSG00000283361,ENST00000636692,CFAP97D2
ENSG00000130177,ENST00000356221,CDC16
ENSG00000169062,ENST00000375299,UPF3A
ENSG00000198824,ENST00000361283,CHAMP1
ENSG00000257115,ENST00000550708,OR11H12
ENSG00000222036,ENST00000547889,POTEM
ENSG00000187537,ENST00000547848,POTEG
ENSG00000258453,ENST00000556246,OR11H2
ENSG00000176294,ENST00000557677,OR4N2
ENSG00000182652,ENST00000642117,OR4Q3
ENSG00000176299,ENST00000641200,OR4M1
ENSG00000165762,ENST00000641885,OR4K2
ENSG00000176281,ENST00000315915,OR4K5
ENSG00000155249,ENST00000641172,OR4K1
ENSG00000169488,ENST00000305051,OR4K15
ENSG00000169484,ENST00000641793,OR4K14
ENSG00000176253,ENST00000641904,OR4K13
ENSG00000176246,ENST00000315683,OR4L1
ENSG00000176230,ENST00000641386,OR4K17
ENSG00000184394,ENST00000641086,OR4N5
ENSG00000196832,ENST00000641879,OR11G2
ENSG00000176219,ENST00000315519,OR11H6
ENSG00000176198,ENST00000641082,OR11H4
ENSG00000136319,ENST00000258821,TTC5
ENSG00000100814,ENST00000358932,CCNB1IP1
ENSG00000129484,ENST00000429687,PARP2
ENSG00000129566,ENST00000262715,TEP1
ENSG00000185271,ENST00000636854,KLHL33
ENSG00000092094,ENST00000206542,OSGEP
ENSG00000100823,ENST00000216714,APEX1
ENSG00000165782,ENST00000250489,PIP4P1
ENSG00000198805,ENST00000361505,PNP
ENSG00000182545,ENST00000430083,RNASE10
ENSG00000188655,ENST00000554964,RNASE9
ENSG00000173464,ENST00000557105,RNASE11
ENSG00000258436,ENST00000696784,RNASE12
ENSG00000181803,ENST00000320704,OR6S1
ENSG00000258818,ENST00000555835,RNASE4
ENSG00000214274,ENST00000397990,ANG
ENSG00000181562,ENST00000326842,EDDM3A
ENSG00000181552,ENST00000326783,EDDM3B
ENSG00000169413,ENST00000304677,RNASE6
ENSG00000129538,ENST00000397967,RNASE1
ENSG00000169397,ENST00000304639,RNASE3
ENSG00000169385,ENST00000304625,RNASE2
ENSG00000165792,ENST00000339374,METTL17
ENSG00000165794,ENST00000298681,SLC39A2
ENSG00000165795,ENST00000556147,NDRG2
ENSG00000179636,ENST00000321760,TPPP2
ENSG00000206150,ENST00000382951,RNASE13
ENSG00000165799,ENST00000298690,RNASE7
ENSG00000173431,ENST00000308227,RNASE8
ENSG00000165801,ENST00000298694,ARHGEF40
ENSG00000165804,ENST00000360947,ZNF219
ENSG00000232070,ENST00000556585,TMEM253
ENSG00000169327,ENST00000304418,OR5AU1
ENSG00000092199,ENST00000553300,HNRNPC
ENSG00000092200,ENST00000400017,RPGRIP1
ENSG00000092201,ENST00000216297,SUPT16H
ENSG00000100888,ENST00000646647,CHD8
ENSG00000129472,ENST00000397762,RAB2B
ENSG00000092203,ENST00000448790,TOX4
ENSG00000165819,ENST00000298717,METTL3
ENSG00000165821,ENST00000537235,SALL2
ENSG00000169208,ENST00000641040,OR10G3
ENSG00000255582,ENST00000542433,OR10G2
ENSG00000221977,ENST00000641524,OR4E2
ENSG00000276240,ENST00000641792,OR4E1
ENSG00000129562,ENST00000250498,DAD1
ENSG00000100439,ENST00000428304,ABHD4
ENSG00000255804,ENST00000540461,OR6J1
ENSG00000155463,ENST00000612549,OXA1L
ENSG00000155465,ENST00000674313,SLC7A7
ENSG00000172590,ENST00000397496,MRPL52
ENSG00000157227,ENST00000311852,MMP14
ENSG00000197324,ENST00000359591,LRP10
ENSG00000139890,ENST00000267396,REM2
ENSG00000100461,ENST00000359890,RBM23
ENSG00000100462,ENST00000324366,PRMT5
ENSG00000092036,ENST00000541587,HAUS4
ENSG00000129474,ENST00000262713,AJUBA
ENSG00000100802,ENST00000299088,C14orf93
ENSG00000100804,ENST00000361611,PSMB5
ENSG00000222028,ENST00000408907,PSMB11
ENSG00000139880,ENST00000487137,CDH24
ENSG00000100813,ENST00000605057,ACIN1
ENSG00000179933,ENST00000319074,C14orf119
ENSG00000283654,ENST00000637218,CIROP
ENSG00000092067,ENST00000206513,CEBPE
ENSG00000092068,ENST00000316902,SLC7A8
ENSG00000215277,ENST00000430154,RNF212B
ENSG00000290292,ENST00000357460,HOMEZ
ENSG00000235194,ENST00000452015,PPP1R3E
ENSG00000129473,ENST00000250405,BCL2L2
ENSG00000100836,ENST00000216727,PABPN1
ENSG00000092096,ENST00000354772,SLC22A17
ENSG00000100842,ENST00000216733,EFS
ENSG00000166090,ENST00000397242,IL25
ENSG00000166091,ENST00000339180,CMTM5
ENSG00000197616,ENST00000405093,MYH6
ENSG00000092054,ENST00000355349,MYH7
ENSG00000129460,ENST00000408901,NGDN
ENSG00000136367,ENST00000419474,ZFHX2
ENSG00000259431,ENST00000288014,THTPA
ENSG00000213983,ENST00000397120,AP1G2
ENSG00000092051,ENST00000356300,JPH4
ENSG00000100867,ENST00000250383,DHRS2
ENSG00000157326,ENST00000313250,DHRS4
ENSG00000187630,ENST00000335125,DHRS4L2
ENSG00000186648,ENST00000342740,CARMIL3
ENSG00000100884,ENST00000689861,CPNE6
ENSG00000129535,ENST00000561028,NRL
ENSG00000100889,ENST00000216780,PCK2
ENSG00000100897,ENST00000446197,DCAF11
ENSG00000139914,ENST00000267426,FITM1
ENSG00000092010,ENST00000206451,PSME1
ENSG00000100908,ENST00000216799,EMC9
ENSG00000100911,ENST00000216802,PSME2
ENSG00000092098,ENST00000324103,RNF31
ENSG00000213928,ENST00000396864,IRF9
ENSG00000100918,ENST00000611366,REC8
ENSG00000196497,ENST00000354464,IPO4
ENSG00000100926,ENST00000261789,TM9SF1
ENSG00000139908,ENST00000339917,TSSK4
ENSG00000254505,ENST00000347519,CHMP4A
ENSG00000213920,ENST00000288087,MDP1
ENSG00000129559,ENST00000250495,NEDD8
ENSG00000100938,ENST00000399440,GMPR2
ENSG00000092330,ENST00000267415,TINF2
ENSG00000092295,ENST00000206765,TGM1
ENSG00000100949,ENST00000216840,RABGGTA
ENSG00000157379,ENST00000288111,DHRS1
ENSG00000196943,ENST00000267425,NOP9
ENSG00000136305,ENST00000554411,CIDEB
ENSG00000213906,ENST00000533293,LTB4R2
ENSG00000213903,ENST00000345363,LTB4R
ENSG00000129467,ENST00000418030,ADCY4
ENSG00000129465,ENST00000216274,RIPK3
ENSG00000100968,ENST00000250373,NFATC4
ENSG00000205978,ENST00000382554,NYNRIN
ENSG00000100441,ENST00000553935,KHNYN
ENSG00000139899,ENST00000267406,CBLN3
ENSG00000100445,ENST00000399395,SDR39U1
ENSG00000092009,ENST00000250378,CMA1
ENSG00000100448,ENST00000216336,CTSG
ENSG00000100450,ENST00000216338,GZMH
ENSG00000100453,ENST00000216341,GZMB
ENSG00000168952,ENST00000323944,STXBP6
ENSG00000139910,ENST00000539517,NOVA1
ENSG00000176165,ENST00000313071,FOXG1
ENSG00000184304,ENST00000331968,PRKD1
ENSG00000092140,ENST00000206595,G2E3
ENSG00000092108,ENST00000458591,SCFD1
ENSG00000100473,ENST00000396618,COCH
ENSG00000196792,ENST00000357479,STRN3
ENSG00000100478,ENST00000542754,AP4S1
ENSG00000092148,ENST00000399332,HECTD1
ENSG00000129493,ENST00000543095,HEATR5A
ENSG00000129480,ENST00000310850,DTD2
ENSG00000214943,ENST00000399285,GPR33
ENSG00000151413,ENST00000281081,NUBPL
ENSG00000100852,ENST00000345122,ARHGAP5
ENSG00000151320,ENST00000280979,AKAP6
ENSG00000151322,ENST00000356141,NPAS3
ENSG00000129521,ENST00000250457,EGLN3
ENSG00000165389,ENST00000298130,SPTSSA
ENSG00000129518,ENST00000250454,EAPP
ENSG00000129515,ENST00000362031,SNX6
ENSG00000165410,ENST00000298159,CFL2
ENSG00000198604,ENST00000360310,BAZ1A
ENSG00000100883,ENST00000216774,SRP54
ENSG00000151327,ENST00000280987,FAM177A1
ENSG00000092020,ENST00000261475,PPP2R3C
ENSG00000100890,ENST00000534898,PRORP
ENSG00000100902,ENST00000261479,PSMA6
ENSG00000100906,ENST00000216797,NFKBIA
ENSG00000168348,ENST00000307169,INSM2
ENSG00000174373,ENST00000680220,RALGAPA1
ENSG00000100916,ENST00000216807,BRMS1L
ENSG00000259104,ENST00000556013,PTCSC3
ENSG00000151332,ENST00000416007,MBIP
ENSG00000136352,ENST00000354822,NKX2-1
ENSG00000136327,ENST00000258829,NKX2-8
ENSG00000198807,ENST00000361487,PAX9
ENSG00000183032,ENST00000331299,SLC25A21
ENSG00000151338,ENST00000684589,MIPOL1
ENSG00000129514,ENST00000250448,FOXA1
ENSG00000139865,ENST00000553443,TTC6
ENSG00000139874,ENST00000267377,SSTR1
ENSG00000176435,ENST00000342213,CLEC14A
ENSG00000100934,ENST00000307712,SEC23A
ENSG00000092208,ENST00000308317,GEMIN2
ENSG00000182400,ENST00000330149,TRAPPC6B
ENSG00000100941,ENST00000216832,PNN
ENSG00000150527,ENST00000640607,MIA2
ENSG00000165355,ENST00000298097,FBXO33
ENSG00000165379,ENST00000298119,LRFN5
ENSG00000189139,ENST00000340446,FSCB
ENSG00000179476,ENST00000325192,DORIP1
ENSG00000179454,ENST00000396128,KLHL28
ENSG00000198718,ENST00000361462,TOGARAM1
ENSG00000185246,ENST00000355765,PRPF39
ENSG00000100442,ENST00000396062,FKBP3
ENSG00000187790,ENST00000267430,FANCM
ENSG00000129534,ENST00000310806,MIS18BP1
ENSG00000165496,ENST00000298283,RPL10L
ENSG00000139915,ENST00000399232,MDGA2
ENSG00000213741,ENST00000245458,RPS29
ENSG00000165501,ENST00000298288,LRR1
ENSG00000165502,ENST00000298289,RPL36AL
ENSG00000168282,ENST00000305386,MGAT2
ENSG00000165506,ENST00000298292,DNAAF2
ENSG00000100479,ENST00000216367,POLE2
ENSG00000197776,ENST00000359332,KLHDC1
ENSG00000165516,ENST00000298307,KLHDC2
ENSG00000165525,ENST00000298310,NEMF
ENSG00000165527,ENST00000298316,ARF6
ENSG00000100483,ENST00000395860,VCPKMT
ENSG00000100485,ENST00000216373,SOS2
ENSG00000087299,ENST00000267436,L2HGDH
ENSG00000125375,ENST00000557421,DMAC2L
ENSG00000100490,ENST00000395834,CDKL1
ENSG00000012983,ENST00000682126,MAP4K5
ENSG00000198513,ENST00000358385,ATL1
ENSG00000151748,ENST00000324679,SAV1
ENSG00000100503,ENST00000530997,NIN
ENSG00000100504,ENST00000216392,PYGL
ENSG00000131969,ENST00000337334,ABHD12B
ENSG00000100505,ENST00000684578,TRIM9
ENSG00000139921,ENST00000457354,TMX1
ENSG00000139926,ENST00000344768,FRMD6
ENSG00000186469,ENST00000556766,GNG2
ENSG00000087302,ENST00000261700,RTRAF
ENSG00000087303,ENST00000216286,NID2
ENSG00000168229,ENST00000306051,PTGDR
ENSG00000125384,ENST00000245457,PTGER2
ENSG00000087301,ENST00000281741,TXNDC16
ENSG00000180998,ENST00000321662,GPR137C
ENSG00000197930,ENST00000395686,ERO1A
ENSG00000100519,ENST00000445930,PSMC6
ENSG00000198252,ENST00000354586,STYX
ENSG00000100522,ENST00000216410,GNPNAT1
ENSG00000073712,ENST00000341590,FERMT2
ENSG00000100523,ENST00000673822,DDHD1
ENSG00000125378,ENST00000245451,BMP4
ENSG00000100526,ENST00000335183,CDKN3
ENSG00000100528,ENST00000216416,CNIH1
ENSG00000197045,ENST00000358056,GMFB
ENSG00000100532,ENST00000216420,CGRRF1
ENSG00000020577,ENST00000554335,SAMD4A
ENSG00000131979,ENST00000491895,GCH1
ENSG00000198554,ENST00000360586,WDHD1
ENSG00000180008,ENST00000555846,SOCS4
ENSG00000168175,ENST00000395468,MAPK1IP1L
ENSG00000131981,ENST00000254301,LGALS3
ENSG00000126787,ENST00000247191,DLGAP5
ENSG00000178974,ENST00000313833,FBXO34
ENSG00000126775,ENST00000247178,ATG14
ENSG00000182521,ENST00000247219,TBPL2
ENSG00000126777,ENST00000395314,KTN1
ENSG00000139946,ENST00000267460,PELI2
ENSG00000070269,ENST00000261556,TMEM260
ENSG00000165588,ENST00000672264,OTX2
ENSG00000070367,ENST00000621441,EXOC5
ENSG00000053770,ENST00000261558,AP5M1
ENSG00000139977,ENST00000556492,NAA30
ENSG00000100557,ENST00000216445,CCDC198
ENSG00000151812,ENST00000556826,SLC35F4
ENSG00000139971,ENST00000267485,ARMH4
ENSG00000131966,ENST00000254286,ACTR10
ENSG00000100567,ENST00000216455,PSMA3
ENSG00000032219,ENST00000355431,ARID4A
ENSG00000196860,ENST00000360945,TOMM20L
ENSG00000100575,ENST00000395159,TIMM9
ENSG00000100578,ENST00000652326,KIAA0586
ENSG00000165617,ENST00000395153,DACT1
ENSG00000100592,ENST00000360909,DAAM1
ENSG00000181619,ENST00000395116,GPR135
ENSG00000126790,ENST00000247194,L3HYPDH
ENSG00000050130,ENST00000616435,JKAMP
ENSG00000151838,ENST00000537690,CCDC175
ENSG00000139970,ENST00000267484,RTN1
ENSG00000131951,ENST00000570145,LRRC9
ENSG00000126773,ENST00000406854,PCNX4
ENSG00000100612,ENST00000557185,DHRS7
ENSG00000100614,ENST00000395076,PPM1A
ENSG00000179008,ENST00000321731,C14orf39
ENSG00000184302,ENST00000327720,SIX6
ENSG00000126778,ENST00000645694,SIX1
ENSG00000100625,ENST00000216513,SIX4
ENSG00000020426,ENST00000261245,MNAT1
ENSG00000126814,ENST00000261249,TRMT5
ENSG00000139974,ENST00000267488,SLC38A6
ENSG00000027075,ENST00000332981,PRKCH
ENSG00000182107,ENST00000555868,TMEM30B
ENSG00000100644,ENST00000337138,HIF1A
ENSG00000023608,ENST00000216294,SNAPC1
ENSG00000139973,ENST00000683842,SYT16
ENSG00000140015,ENST00000322893,KCNH5
ENSG00000126785,ENST00000316754,RHOJ
ENSG00000179600,ENST00000621500,GPHB5
ENSG00000154001,ENST00000337537,PPP2R5E
ENSG00000140006,ENST00000620954,WDR89
ENSG00000126821,ENST00000247225,SGPP1
ENSG00000054654,ENST00000555002,SYNE2
ENSG00000140009,ENST00000341099,ESR2
ENSG00000100714,ENST00000652337,MTHFD1
ENSG00000089775,ENST00000608382,ZBTB25
ENSG00000179841,ENST00000394718,AKAP5
ENSG00000126804,ENST00000683701,ZBTB1
ENSG00000126803,ENST00000247207,HSPA2
ENSG00000165807,ENST00000298705,PPP1R36
ENSG00000126822,ENST00000247226,PLEKHG3
ENSG00000070182,ENST00000644917,SPTB
ENSG00000258289,ENST00000549115,CHURC1
ENSG00000176153,ENST00000389614,GPX2
ENSG00000139998,ENST00000533601,RAB15
ENSG00000257365,ENST00000246166,FNTB
ENSG00000125952,ENST00000358664,MAX
ENSG00000033170,ENST00000673929,FUT8
ENSG00000196553,ENST00000636229,CCDC196
ENSG00000171723,ENST00000478722,GPHN
ENSG00000172717,ENST00000696955,GARIN2
ENSG00000072415,ENST00000261681,PALS1
ENSG00000100554,ENST00000216442,ATP6V1D
ENSG00000134001,ENST00000256383,EIF2S1
ENSG00000100558,ENST00000216446,PLEK2
ENSG00000198133,ENST00000554480,TMEM229B
ENSG00000054690,ENST00000329153,PLEKHH1
ENSG00000100564,ENST00000216452,PIGH
ENSG00000081181,ENST00000261783,ARG2
ENSG00000100568,ENST00000554659,VTI1B
ENSG00000072042,ENST00000381346,RDH11
ENSG00000139988,ENST00000551171,RDH12
ENSG00000072121,ENST00000347230,ZFYVE26
ENSG00000182185,ENST00000471583,RAD51B
ENSG00000185650,ENST00000439696,ZFP36L1
ENSG00000072110,ENST00000394419,ACTN1
ENSG00000139990,ENST00000341516,DCAF5
ENSG00000081177,ENST00000685843,EXD2
ENSG00000100626,ENST00000448469,GALNT16
ENSG00000100632,ENST00000557016,ERH
ENSG00000029364,ENST00000336643,SLC39A9
ENSG00000175985,ENST00000322564,PLEKHD1
ENSG00000267909,ENST00000599174,CCDC177
ENSG00000100647,ENST00000342745,SUSD6
ENSG00000100650,ENST00000557154,SRSF5
ENSG00000100652,ENST00000216540,SLC10A1
ENSG00000198732,ENST00000361956,SMOC1
ENSG00000100678,ENST00000356921,SLC8A3
ENSG00000133983,ENST00000389912,COX16
ENSG00000213463,ENST00000256366,SYNJ2BP
ENSG00000139985,ENST00000603540,ADAM21
ENSG00000134007,ENST00000256389,ADAM20
ENSG00000133997,ENST00000256379,MED6
ENSG00000133985,ENST00000256367,TTC9
ENSG00000006432,ENST00000554752,MAP3K9
ENSG00000100731,ENST00000304743,PCNX1
ENSG00000197555,ENST00000381232,SIPA1L1
ENSG00000182732,ENST00000553525,RGS6
ENSG00000205683,ENST00000556509,DPF3
ENSG00000119599,ENST00000358377,DCAF4
ENSG00000165861,ENST00000556143,ZFYVE1
ENSG00000119707,ENST00000261973,RBM25
ENSG00000080815,ENST00000324501,PSEN1
ENSG00000100767,ENST00000644200,PAPLN
ENSG00000133961,ENST00000555238,NUMB
ENSG00000187105,ENST00000553558,HEATR4
ENSG00000170468,ENST00000304061,RIOX1
ENSG00000184227,ENST00000311148,ACOT1
ENSG00000119673,ENST00000238651,ACOT2
ENSG00000177465,ENST00000326303,ACOT4
ENSG00000205669,ENST00000645972,ACOT6
ENSG00000119661,ENST00000553645,DNAL1
ENSG00000176903,ENST00000316836,PNMA1
ENSG00000156030,ENST00000423556,MIDEAS
ENSG00000140043,ENST00000555661,PTGR2
ENSG00000119725,ENST00000555044,ZNF410
ENSG00000156050,ENST00000286544,FAM161B
ENSG00000119723,ENST00000334571,COQ6
ENSG00000187097,ENST00000334696,ENTPD5
ENSG00000119636,ENST00000394009,BBOF1
ENSG00000119711,ENST00000553458,ALDH6A1
ENSG00000205659,ENST00000555028,LIN52
ENSG00000119614,ENST00000261980,VSX2
ENSG00000119688,ENST00000356924,ABCD4
ENSG00000133980,ENST00000256362,VRTN
ENSG00000183379,ENST00000331628,SYNDIG1L
ENSG00000119655,ENST00000555619,NPC2
ENSG00000165898,ENST00000556816,ISCA2
ENSG00000119681,ENST00000261978,LTBP2
ENSG00000119682,ENST00000356357,AREL1
ENSG00000119616,ENST00000341162,FCF1
ENSG00000119596,ENST00000325680,YLPM1
ENSG00000119608,ENST00000556489,PROX2
ENSG00000119689,ENST00000334220,DLST
ENSG00000198208,ENST00000557413,RPS6KL1
ENSG00000119630,ENST00000555567,PGF
ENSG00000119718,ENST00000266126,EIF2B2
ENSG00000119684,ENST00000355774,MLH3
ENSG00000119640,ENST00000238618,ACYP1
ENSG00000119703,ENST00000524913,ZC2HC1C
ENSG00000119638,ENST00000238616,NEK9
ENSG00000170348,ENST00000303575,TMED10
ENSG00000170345,ENST00000303562,FOS
ENSG00000140044,ENST00000651602,JDP2
ENSG00000156127,ENST00000286639,BATF
ENSG00000119686,ENST00000238667,FLVCR2
ENSG00000119685,ENST00000298832,TTLL5
ENSG00000133935,ENST00000256319,ERG28
ENSG00000119650,ENST00000314067,IFT43
ENSG00000119699,ENST00000238682,TGFB3
ENSG00000089916,ENST00000261530,GPATCH2L
ENSG00000119715,ENST00000644823,ESRRB
ENSG00000071246,ENST00000167106,VASH1
ENSG00000013523,ENST00000251089,ANGEL1
ENSG00000100565,ENST00000689127,LRRC74A
ENSG00000119669,ENST00000238647,IRF2BPL
ENSG00000198894,ENST00000361786,CIPC
ENSG00000165548,ENST00000298351,TMEM63C
ENSG00000177108,ENST00000319374,ZDHHC22
ENSG00000165553,ENST00000298352,NGB
ENSG00000009830,ENST00000261534,POMT2
ENSG00000100577,ENST00000216465,GSTZ1
ENSG00000100580,ENST00000216468,TMED8
ENSG00000100583,ENST00000216471,SAMD15
ENSG00000165555,ENST00000380835,NOXRED1
ENSG00000151445,ENST00000557658,VIPAS39
ENSG00000100591,ENST00000216479,AHSA1
ENSG00000100593,ENST00000342219,ISM2
ENSG00000100596,ENST00000216484,SPTLC2
ENSG00000100601,ENST00000216489,ALKBH1
ENSG00000119705,ENST00000557342,SLIRP
ENSG00000100603,ENST00000261531,SNW1
ENSG00000063761,ENST00000238561,ADCK1
ENSG00000021645,ENST00000335750,NRXN3
ENSG00000211448,ENST00000438257,DIO2
ENSG00000100629,ENST00000555265,CEP128
ENSG00000165409,ENST00000298171,TSHR
ENSG00000165417,ENST00000553612,GTF2A1
ENSG00000140022,ENST00000614646,STON2
ENSG00000071537,ENST00000336735,SEL1L
ENSG00000185070,ENST00000330753,FLRT2
ENSG00000054983,ENST00000261304,GALC
ENSG00000140030,ENST00000267549,GPR65
ENSG00000100433,ENST00000319231,KCNK10
ENSG00000042317,ENST00000393545,SPATA7
ENSG00000070778,ENST00000556564,PTPN21
ENSG00000100722,ENST00000251038,ZC3H14
ENSG00000165521,ENST00000554922,EML5
ENSG00000165533,ENST00000380656,TTC8
ENSG00000053254,ENST00000557258,FOXN3
ENSG00000140025,ENST00000316738,EFCAB11
ENSG00000042088,ENST00000335725,TDP1
ENSG00000152315,ENST00000282146,KCNK13
ENSG00000100764,ENST00000261303,PSMC1
ENSG00000119720,ENST00000354366,NRDE2
ENSG00000198668,ENST00000356978,CALM1
ENSG00000165914,ENST00000328459,TTC7B
ENSG00000100784,ENST00000614987,RPS6KA5
ENSG00000133943,ENST00000256324,DGLUCY
ENSG00000119714,ENST00000650645,GPR68
ENSG00000015133,ENST00000389857,CCDC88C
ENSG00000100796,ENST00000554943,PPP4R3A
ENSG00000133962,ENST00000256343,CATSPERB
ENSG00000165929,ENST00000435962,TC2N
ENSG00000140092,ENST00000342058,FBLN5
ENSG00000100815,ENST00000267622,TRIP11
ENSG00000066427,ENST00000644486,ATXN3
ENSG00000183648,ENST00000605997,NDUFB1
ENSG00000165934,ENST00000298875,CPSF2
ENSG00000140090,ENST00000532405,SLC24A4
ENSG00000100599,ENST00000216487,RIN3
ENSG00000100600,ENST00000334869,LGMN
ENSG00000066455,ENST00000163416,GOLGA5
ENSG00000100604,ENST00000216492,CHGA
ENSG00000100605,ENST00000267615,ITPK1
ENSG00000165943,ENST00000298894,MOAP1
ENSG00000153485,ENST00000415050,LYSET
ENSG00000170270,ENST00000306954,GON7
ENSG00000012963,ENST00000013070,UBR7
ENSG00000011114,ENST00000334746,BTBD7
ENSG00000133958,ENST00000695012,UNC79
ENSG00000187581,ENST00000342144,COX8C
ENSG00000175785,ENST00000393140,PRIMA1
ENSG00000140067,ENST00000556222,FAM181A
ENSG00000100628,ENST00000555019,ASB2
ENSG00000175699,ENST00000636493,CCDC197
ENSG00000089723,ENST00000203664,OTUB2
ENSG00000089737,ENST00000621632,DDX24
ENSG00000165948,ENST00000555523,IFI27L1
ENSG00000165949,ENST00000621160,IFI27
ENSG00000119632,ENST00000238609,IFI27L2
ENSG00000119698,ENST00000304338,PPP4R4
ENSG00000140093,ENST00000261994,SERPINA10
ENSG00000170099,ENST00000341584,SERPINA6
ENSG00000197249,ENST00000393087,SERPINA1
ENSG00000186910,ENST00000334708,SERPINA11
ENSG00000170054,ENST00000674397,SERPINA9
ENSG00000165953,ENST00000677451,SERPINA12
ENSG00000100665,ENST00000557004,SERPINA4
ENSG00000188488,ENST00000329597,SERPINA5
ENSG00000196136,ENST00000393078,SERPINA3
ENSG00000133937,ENST00000238558,GSC
ENSG00000100697,ENST00000343455,DICER1
ENSG00000165959,ENST00000298912,CLMN
ENSG00000176438,ENST00000682763,SYNE3
ENSG00000182512,ENST00000331334,GLRX5
ENSG00000213231,ENST00000340722,TCL1B
ENSG00000100721,ENST00000402399,TCL1A
ENSG00000250366,ENST00000503525,TUNAR
ENSG00000227051,ENST00000555004,C14orf132
ENSG00000168398,ENST00000554311,BDKRB2
ENSG00000100739,ENST00000216629,BDKRB1
ENSG00000066739,ENST00000359933,ATG2B
ENSG00000100744,ENST00000555181,GSKIP
ENSG00000140057,ENST00000267584,AK7
ENSG00000090060,ENST00000216277,PAPOLA
ENSG00000100749,ENST00000216639,VRK1
ENSG00000127152,ENST00000357195,BCL11B
ENSG00000183576,ENST00000331768,SETD3
ENSG00000090061,ENST00000389879,CCNK
ENSG00000205476,ENST00000380243,CCDC85C
ENSG00000182218,ENST00000330710,HHIPL1
ENSG00000036530,ENST00000261835,CYP46A1
ENSG00000066629,ENST00000262233,EML1
ENSG00000196405,ENST00000392920,EVL
ENSG00000168350,ENST00000305631,DEGS2
ENSG00000100811,ENST00000262238,YY1
ENSG00000197119,ENST00000359232,SLC25A29
ENSG00000140107,ENST00000361529,SLC25A47
ENSG00000140105,ENST00000392882,WARS1
ENSG00000176473,ENST00000402312,WDR25
ENSG00000183092,ENST00000554140,BEGAIN
ENSG00000185559,ENST00000341267,DLK1
ENSG00000214548,ENST00000649261,MEG3
ENSG00000254656,ENST00000649591,RTL1
ENSG00000197406,ENST00000510508,DIO3
ENSG00000078304,ENST00000694906,PPP2R5C
ENSG00000197102,ENST00000360184,DYNC1H1
ENSG00000080824,ENST00000216281,HSP90AA1
ENSG00000140153,ENST00000342702,WDR20
ENSG00000080823,ENST00000361847,MOK
ENSG00000022976,ENST00000442396,ZNF839
ENSG00000100865,ENST00000216756,CINP
ENSG00000196663,ENST00000359520,TECPR2
ENSG00000156381,ENST00000286918,ANKRD9
ENSG00000089902,ENST00000262241,RCOR1
ENSG00000131323,ENST00000392745,TRAF3
ENSG00000166126,ENST00000299155,AMN
ENSG00000198752,ENST00000361246,CDC42BPB
ENSG00000283071,ENST00000634353,LBHD2
ENSG00000205436,ENST00000688303,EXOC3L4
ENSG00000185215,ENST00000560869,TNFAIP2
ENSG00000100664,ENST00000216554,EIF5
ENSG00000075413,ENST00000429436,MARK3
ENSG00000166165,ENST00000348956,CKB
ENSG00000166166,ENST00000389749,TRMT61A
ENSG00000166170,ENST00000299204,BAG5
ENSG00000126214,ENST00000334553,KLC1
ENSG00000256053,ENST00000409074,COA8
ENSG00000126215,ENST00000555055,XRCC3
ENSG00000100711,ENST00000311141,ZFYVE21
ENSG00000088808,ENST00000202556,PPP1R13B
ENSG00000156411,ENST00000286953,ATP5MJ
ENSG00000156414,ENST00000409874,TDRD9
ENSG00000227729,ENST00000557640,RD3L
ENSG00000166183,ENST00000551177,ASPG
ENSG00000066735,ENST00000423312,KIF26A
ENSG00000258986,ENST00000556573,TMEM179
ENSG00000184601,ENST00000557649,C14orf180
ENSG00000203485,ENST00000392634,INF2
ENSG00000185100,ENST00000330877,ADSS1
ENSG00000184990,ENST00000329967,SIVA1
ENSG00000142208,ENST00000649815,AKT1
ENSG00000179627,ENST00000342537,ZBTB42
ENSG00000099814,ENST00000414716,CEP170B
ENSG00000166428,ENST00000392593,PLD4
ENSG00000185567,ENST00000333244,AHNAK2
ENSG00000140104,ENST00000547315,CLBA1
ENSG00000170779,ENST00000336219,CDCA4
ENSG00000183484,ENST00000329797,GPR132
ENSG00000184916,ENST00000331782,JAG2
ENSG00000183828,ENST00000392568,NUDT14
ENSG00000185024,ENST00000547530,BRF1
ENSG00000184887,ENST00000392554,BTBD6
ENSG00000179364,ENST00000447393,PACS2
ENSG00000226174,ENST00000451127,TEX22
ENSG00000182979,ENST00000331320,MTA1
ENSG00000182809,ENST00000329146,CRIP2
ENSG00000213145,ENST00000392531,CRIP1
ENSG00000185347,ENST00000392523,TEDC1
ENSG00000184986,ENST00000392519,TMEM121
ENSG00000277322,ENST00000619213,GOLGA6L6
ENSG00000230031,ENST00000454856,POTEB2
ENSG00000278522,ENST00000611217,POTEB3
ENSG00000182974,ENST00000332663,OR4M2B
ENSG00000279408,ENST00000623441,OR4N4C
ENSG00000233917,ENST00000439682,POTEB
ENSG00000274102,ENST00000614722,OR4M2
ENSG00000183706,ENST00000328795,OR4N4
ENSG00000277865,ENST00000622895,GOLGA6L22
ENSG00000170113,ENST00000337435,NIPA1
ENSG00000140157,ENST00000337451,NIPA2
ENSG00000273749,ENST00000617928,CYFIP1
ENSG00000275835,ENST00000615383,TUBGCP5
ENSG00000273976,ENST00000614055,GOLGA6L1
ENSG00000273756,ENST00000618455,GOLGA6L26
ENSG00000261739,ENST00000562295,GOLGA8S
ENSG00000174450,ENST00000567107,GOLGA6L2
ENSG00000179455,ENST00000314520,MKRN3
ENSG00000254585,ENST00000650528,MAGEL2
ENSG00000182636,ENST00000649030,NDN
ENSG00000185823,ENST00000329468,NPAP1
ENSG00000128739,ENST00000390687,SNRPN
ENSG00000273173,ENST00000577949,SNURF
ENSG00000114062,ENST00000648336,UBE3A
ENSG00000206190,ENST00000555815,ATP10A
ENSG00000166206,ENST00000311550,GABRB3
ENSG00000186297,ENST00000335625,GABRA5
ENSG00000182256,ENST00000615808,GABRG3
ENSG00000104044,ENST00000354638,OCA2
ENSG00000128731,ENST00000261609,HERC2
ENSG00000237850,ENST00000568624,GOLGA6L24
ENSG00000153684,ENST00000526619,GOLGA8F
ENSG00000183629,ENST00000525590,GOLGA8G
ENSG00000227717,ENST00000620691,GOLGA6L25
ENSG00000188626,ENST00000563027,GOLGA8M
ENSG00000261649,ENST00000567390,GOLGA6L7
ENSG00000034053,ENST00000683413,APBA2
ENSG00000104059,ENST00000261275,ENTREP2
ENSG00000185115,ENST00000332303,NSMCE3
ENSG00000104067,ENST00000614355,TJP1
ENSG00000179938,ENST00000567927,GOLGA8J
ENSG00000261247,ENST00000569052,GOLGA8T
ENSG00000166664,ENST00000299847,CHRFAM7A
ENSG00000186399,ENST00000327271,GOLGA8R
ENSG00000178115,ENST00000562783,GOLGA8Q
ENSG00000261794,ENST00000566740,GOLGA8H
ENSG00000285077,ENST00000697964,ARHGAP11B
ENSG00000198690,ENST00000362065,FAN1
ENSG00000166912,ENST00000435680,MTMR10
ENSG00000134160,ENST00000256552,TRPM1
ENSG00000169926,ENST00000307145,KLF13
ENSG00000169918,ENST00000307050,OTUD7A
ENSG00000175344,ENST00000306901,CHRNA7
ENSG00000249931,ENST00000512626,GOLGA8K
ENSG00000206127,ENST00000509311,GOLGA8O
ENSG00000232653,ENST00000448387,GOLGA8N
ENSG00000198826,ENST00000361627,ARHGAP11A
ENSG00000166922,ENST00000300175,SCG5
ENSG00000166923,ENST00000651154,GREM1
ENSG00000248905,ENST00000616417,FMN1
ENSG00000198838,ENST00000634891,RYR3
ENSG00000169857,ENST00000306730,AVEN
ENSG00000184984,ENST00000383263,CHRM5
ENSG00000134153,ENST00000256545,EMC7
ENSG00000182405,ENST00000397766,PGBD4
ENSG00000134152,ENST00000256544,KATNBL1
ENSG00000128463,ENST00000267750,EMC4
ENSG00000140199,ENST00000354181,SLC12A6
ENSG00000182117,ENST00000328848,NOP10
ENSG00000184507,ENST00000537011,NUTM1
ENSG00000176454,ENST00000314891,LPCAT4
ENSG00000175265,ENST00000359187,GOLGA8A
ENSG00000215252,ENST00000683415,GOLGA8B
ENSG00000159248,ENST00000290374,GJD2
ENSG00000159251,ENST00000290378,ACTC1
ENSG00000021776,ENST00000156471,AQR
ENSG00000198146,ENST00000356321,ZNF770
ENSG00000255192,ENST00000528386,NANOGP8
ENSG00000134146,ENST00000256538,DPH6
ENSG00000186073,ENST00000566621,CDIN1
ENSG00000134138,ENST00000561208,MEIS2
ENSG00000166069,ENST00000319669,TMCO5A
ENSG00000166068,ENST00000299084,SPRED1
ENSG00000171262,ENST00000397609,FAM98B
ENSG00000172575,ENST00000310803,RASGRP1
ENSG00000137801,ENST00000260356,THBS1
ENSG00000150667,ENST00000350221,FSIP1
ENSG00000166073,ENST00000561100,GPR176
ENSG00000128829,ENST00000263791,EIF2AK4
ENSG00000140319,ENST00000267884,SRP14
ENSG00000104081,ENST00000354670,BMF
ENSG00000156970,ENST00000287598,BUB1B
ENSG00000137843,ENST00000560346,PAK6
ENSG00000137841,ENST00000260402,PLCB2
ENSG00000230778,ENST00000434396,ANKRD63
ENSG00000259330,ENST00000638170,INAFM2
ENSG00000188549,ENST00000397536,CCDC9B
ENSG00000233041,ENST00000448599,PHGR1
ENSG00000140323,ENST00000267889,DISP2
ENSG00000128944,ENST00000249776,KNSTRN
ENSG00000128928,ENST00000487418,IVD
ENSG00000140320,ENST00000416165,BAHD1
ENSG00000169105,ENST00000306243,CHST14
ENSG00000128891,ENST00000416810,CCDC32
ENSG00000166133,ENST00000315616,RPUSD2
ENSG00000137812,ENST00000399668,KNL1
ENSG00000051180,ENST00000267868,RAD51
ENSG00000137824,ENST00000338376,RMDN3
ENSG00000137880,ENST00000260447,GCHFR
ENSG00000104129,ENST00000220496,DNAJC17
ENSG00000188277,ENST00000344320,C15orf62
ENSG00000166140,ENST00000355341,ZFYVE19
ENSG00000166143,ENST00000299174,PPP1R14D
ENSG00000166145,ENST00000562057,SPINT1
ENSG00000104140,ENST00000220507,RHOV
ENSG00000104142,ENST00000220509,VPS18
ENSG00000128917,ENST00000249749,DLL4
ENSG00000128965,ENST00000617768,CHAC1
ENSG00000128908,ENST00000648947,INO80
ENSG00000178997,ENST00000458580,EXD1
ENSG00000187446,ENST00000334660,CHP1
ENSG00000104147,ENST00000220514,OIP5
ENSG00000137804,ENST00000559596,NUSAP1
ENSG00000137806,ENST00000260361,NDUFAF1
ENSG00000137815,ENST00000389629,RTF1
ENSG00000137825,ENST00000260386,ITPKA
ENSG00000062524,ENST00000263800,LTK
ENSG00000103932,ENST00000304330,RPAP1
ENSG00000092445,ENST00000263798,TYRO3
ENSG00000174197,ENST00000703841,MGA
ENSG00000137802,ENST00000457542,MAPKBP1
ENSG00000243789,ENST00000397299,JMJD7
ENSG00000243708,ENST00000458483,PLA2G4B
ENSG00000137877,ENST00000320955,SPTBN5
ENSG00000103966,ENST00000220325,EHD4
ENSG00000188089,ENST00000696112,PLA2G4E
ENSG00000159337,ENST00000290472,PLA2G4D
ENSG00000168907,ENST00000397272,PLA2G4F
ENSG00000166887,ENST00000318006,VPS39
ENSG00000103978,ENST00000389834,TMEM87A
ENSG00000214013,ENST00000318010,GANC
ENSG00000092529,ENST00000397163,CAPN3
ENSG00000103994,ENST00000564754,ZNF106
ENSG00000092531,ENST00000249647,SNAP23
ENSG00000180979,ENST00000397130,LRRC57
ENSG00000137814,ENST00000260372,HAUS2
ENSG00000159433,ENST00000290607,STARD9
ENSG00000140326,ENST00000356231,CDAN1
ENSG00000128881,ENST00000267890,TTBK2
ENSG00000159459,ENST00000290650,UBR1
ENSG00000137842,ENST00000260403,TMEM62
ENSG00000166946,ENST00000300213,CCNDBP1
ENSG00000166947,ENST00000441366,EPB42
ENSG00000104055,ENST00000220420,TGM5
ENSG00000159495,ENST00000452443,TGM7
ENSG00000168806,ENST00000305641,LCMT2
ENSG00000168803,ENST00000562188,MAPDA
ENSG00000140265,ENST00000684362,ZSCAN29
ENSG00000137822,ENST00000564079,TUBGCP4
ENSG00000067369,ENST00000382044,TP53BP1
ENSG00000166963,ENST00000300231,MAP1A
ENSG00000168781,ENST00000420765,PPIP5K1
ENSG00000237289,ENST00000441322,CKMT1B
ENSG00000242866,ENST00000450892,STRC
ENSG00000166762,ENST00000396879,CATSPER2
ENSG00000223572,ENST00000413453,CKMT1A
ENSG00000167004,ENST00000300289,PDIA3
ENSG00000128886,ENST00000319359,ELL3
ENSG00000140264,ENST00000249786,SERF2
ENSG00000184716,ENST00000319327,SERINC4
ENSG00000242028,ENST00000442995,HYPK
ENSG00000140259,ENST00000267812,MFAP1
ENSG00000092470,ENST00000263795,WDR76
ENSG00000171877,ENST00000417257,FRMD5
ENSG00000166734,ENST00000299957,GOLM2
ENSG00000137770,ENST00000260327,CTDSPL2
ENSG00000104131,ENST00000261868,EIF3J
ENSG00000104133,ENST00000261866,SPG11
ENSG00000229474,ENST00000682850,PATL2
ENSG00000166710,ENST00000648006,B2M
ENSG00000185880,ENST00000329464,TRIM69
ENSG00000167014,ENST00000340827,TERB2
ENSG00000140263,ENST00000267814,SORD
ENSG00000140279,ENST00000389039,DUOX2
ENSG00000140274,ENST00000323030,DUOXA2
ENSG00000140254,ENST00000560572,DUOXA1
ENSG00000137857,ENST00000389037,DUOX1
ENSG00000138606,ENST00000690270,SHF
ENSG00000137860,ENST00000347644,SLC28A2
ENSG00000171766,ENST00000396659,GATM
ENSG00000171763,ENST00000305560,AFG2B
ENSG00000166920,ENST00000396650,C15orf48
ENSG00000104154,ENST00000261867,SLC30A4
ENSG00000104164,ENST00000220531,BLOC1S6
ENSG00000137767,ENST00000260324,SQOR
ENSG00000137872,ENST00000536845,SEMA6D
ENSG00000188467,ENST00000341459,SLC24A5
ENSG00000104177,ENST00000324324,MYEF2
ENSG00000233932,ENST00000417307,CTXN2
ENSG00000074803,ENST00000380993,SLC12A1
ENSG00000128951,ENST00000331200,DUT
ENSG00000166147,ENST00000316623,FBN1
ENSG00000103995,ENST00000380950,CEP152
ENSG00000185634,ENST00000332408,SHC4
ENSG00000255302,ENST00000530028,EID1
ENSG00000138593,ENST00000559471,SECISBP2L
ENSG00000166200,ENST00000388901,COPS2
ENSG00000156958,ENST00000560031,GALK2
ENSG00000166262,ENST00000299338,FAM227B
ENSG00000140285,ENST00000267843,FGF7
ENSG00000104047,ENST00000403028,DTWD1
ENSG00000104043,ENST00000284509,ATP8B4
ENSG00000140284,ENST00000267842,SLC27A2
ENSG00000140287,ENST00000267845,HDC
ENSG00000104064,ENST00000380877,GABPB1
ENSG00000138592,ENST00000307179,USP8
ENSG00000170236,ENST00000532404,USP50
ENSG00000092439,ENST00000646667,TRPM7
ENSG00000288645,ENST00000676296,ENSG00000288645
ENSG00000138600,ENST00000261854,SPPL2A
ENSG00000081014,ENST00000261842,AP4E1
ENSG00000183578,ENST00000637513,TNFAIP8L3
ENSG00000137869,ENST00000396402,CYP19A1
ENSG00000186417,ENST00000335449,GLDN
ENSG00000104093,ENST00000560891,DMXL2
ENSG00000104112,ENST00000220478,SCG3
ENSG00000140280,ENST00000267838,LYSMD2
ENSG00000128872,ENST00000249700,TMOD2
ENSG00000138594,ENST00000308580,TMOD3
ENSG00000166477,ENST00000299601,LEO1
ENSG00000069956,ENST00000261845,MAPK6
ENSG00000137875,ENST00000260442,BCL2L10
ENSG00000069966,ENST00000261837,GNB5
ENSG00000128833,ENST00000261839,MYO5C
ENSG00000197535,ENST00000399233,MYO5A
ENSG00000128989,ENST00000249822,ARPP19
ENSG00000047346,ENST00000619572,ATOSA
ENSG00000169856,ENST00000305901,ONECUT1
ENSG00000166415,ENST00000360509,WDR72
ENSG00000137766,ENST00000260323,UNC13C
ENSG00000137876,ENST00000260443,RSL24D1
ENSG00000069974,ENST00000336787,RAB27A
ENSG00000225973,ENST00000436697,PIGBOS1
ENSG00000069943,ENST00000164305,PIGB
ENSG00000260916,ENST00000442196,CCPG1
ENSG00000261652,ENST00000569691,PIERCE2
ENSG00000256061,ENST00000321149,DNAAF4
ENSG00000171016,ENST00000563719,PYGO1
ENSG00000166450,ENST00000389286,PRTG
ENSG00000069869,ENST00000435532,NEDD4
ENSG00000181827,ENST00000559447,RFX7
ENSG00000151575,ENST00000696102,TEX9
ENSG00000138587,ENST00000260453,MNS1
ENSG00000137871,ENST00000267807,ZNF280D
ENSG00000140262,ENST00000333725,TCF12
ENSG00000128849,ENST00000281282,CGNL1
ENSG00000263155,ENST00000267853,MYZAP
ENSG00000255529,ENST00000299638,POLR2M
ENSG00000128918,ENST00000249750,ALDH1A2
ENSG00000103569,ENST00000219919,AQP9
ENSG00000166035,ENST00000299022,LIPC
ENSG00000137845,ENST00000260408,ADAM10
ENSG00000128923,ENST00000559228,MINDY2
ENSG00000157450,ENST00000348370,RNF111
ENSG00000137776,ENST00000380516,SLTM
ENSG00000157456,ENST00000288207,CCNB2
ENSG00000157483,ENST00000288235,MYO1E
ENSG00000171989,ENST00000307144,LDHAL6B
ENSG00000157470,ENST00000288228,FAM81A
ENSG00000140297,ENST00000396065,GCNT3
ENSG00000140307,ENST00000396060,GTF2A2
ENSG00000140299,ENST00000607373,BNIP2
ENSG00000171956,ENST00000396057,FOXB1
ENSG00000182718,ENST00000451270,ANXA2
ENSG00000128915,ENST00000261520,ICE2
ENSG00000069667,ENST00000335670,RORA
ENSG00000129003,ENST00000644861,VPS13C
ENSG00000198535,ENST00000355522,C2CD4A
ENSG00000205502,ENST00000380392,C2CD4B
ENSG00000171914,ENST00000636159,TLN2
ENSG00000140416,ENST00000403994,TPM1
ENSG00000103642,ENST00000261893,LACTB
ENSG00000185088,ENST00000330964,RPS27L
ENSG00000166128,ENST00000321437,RAB8B
ENSG00000138613,ENST00000261879,APH1B
ENSG00000074410,ENST00000178638,CA12
ENSG00000140455,ENST00000380324,USP3
ENSG00000197361,ENST00000638704,FBXL22
ENSG00000103657,ENST00000443617,HERC1
ENSG00000035664,ENST00000457488,DAPK2
ENSG00000166797,ENST00000300030,CIAO2A
ENSG00000028528,ENST00000559844,SNX1
ENSG00000157734,ENST00000325881,SNX22
ENSG00000166794,ENST00000300026,PPIB
ENSG00000169118,ENST00000303052,CSNK1G1
ENSG00000166803,ENST00000300035,PCLAF
ENSG00000103671,ENST00000261884,TRIP4
ENSG00000180357,ENST00000326648,ZNF609
ENSG00000166831,ENST00000300069,RBPMS2
ENSG00000140451,ENST00000559239,PIF1
ENSG00000241839,ENST00000323544,PLEKHO2
ENSG00000166839,ENST00000319580,ANKDD1A
ENSG00000090487,ENST00000204566,SPG21
ENSG00000103707,ENST00000220058,MTFMT
ENSG00000186198,ENST00000334287,SLC51B
ENSG00000103710,ENST00000220062,RASL12
ENSG00000234438,ENST00000432196,KBTBD13
ENSG00000246922,ENST00000559089,UBAP1L
ENSG00000090470,ENST00000204549,PDCD7
ENSG00000166855,ENST00000300107,CLPX
ENSG00000138615,ENST00000261883,CILP
ENSG00000138617,ENST00000649807,PARP16
ENSG00000174498,ENST00000327987,IGDCC3
ENSG00000103742,ENST00000352385,IGDCC4
ENSG00000074603,ENST00000300141,DPP8
ENSG00000074696,ENST00000261875,HACD3
ENSG00000138614,ENST00000313182,INTS14
ENSG00000074621,ENST00000261892,SLC24A1
ENSG00000174485,ENST00000443035,DENND4A
ENSG00000103769,ENST00000261890,RAB11A
ENSG00000157890,ENST00000395614,MEGF11
ENSG00000166938,ENST00000319212,DIS3L
ENSG00000075131,ENST00000261881,TIPIN
ENSG00000169032,ENST00000307102,MAP2K1
ENSG00000174446,ENST00000316634,SNAPC5
ENSG00000174444,ENST00000307961,RPL4
ENSG00000174442,ENST00000307897,ZWILCH
ENSG00000188501,ENST00000695545,LCTL
ENSG00000137834,ENST00000288840,SMAD6
ENSG00000166949,ENST00000327367,SMAD3
ENSG00000103591,ENST00000261880,AAGAB
ENSG00000103599,ENST00000335894,IQCH
ENSG00000189227,ENST00000342683,C15orf61
ENSG00000137764,ENST00000178640,MAP2K5
ENSG00000188779,ENST00000380035,SKOR1
ENSG00000033800,ENST00000249636,PIAS1
ENSG00000129007,ENST00000467889,CALML4
ENSG00000128973,ENST00000249806,CLN6
ENSG00000169018,ENST00000306917,FEM1B
ENSG00000137809,ENST00000315757,ITGA11
ENSG00000103647,ENST00000261861,CORO2B
ENSG00000140350,ENST00000465139,ANP32A
ENSG00000258484,ENST00000310673,SPESP1
ENSG00000255346,ENST00000388866,NOX5
ENSG00000138604,ENST00000261858,GLCE
ENSG00000137819,ENST00000395407,PAQR5
ENSG00000137807,ENST00000679126,KIF23
ENSG00000137818,ENST00000260379,RPLP1
ENSG00000140332,ENST00000451782,TLE3
ENSG00000137831,ENST00000322954,UACA
ENSG00000166173,ENST00000299213,LARP6
ENSG00000137821,ENST00000260382,LRRC49
ENSG00000129028,ENST00000249861,THAP10
ENSG00000187720,ENST00000261862,THSD4
ENSG00000278570,ENST00000617575,NR2E3
ENSG00000066933,ENST00000356056,MYO9A
ENSG00000166192,ENST00000340912,SENP8
ENSG00000175318,ENST00000309731,GRAMD2A
ENSG00000067225,ENST00000335181,PKM
ENSG00000137817,ENST00000569795,PARP6
ENSG00000140488,ENST00000287202,CELF6
ENSG00000213614,ENST00000268097,HEXA
ENSG00000187806,ENST00000341689,TMEM202
ENSG00000166233,ENST00000379887,ARIH1
ENSG00000215186,ENST00000421285,GOLGA6B
ENSG00000175202,ENST00000311755,HIGD2B
ENSG00000140463,ENST00000268057,BBS4
ENSG00000159322,ENST00000456471,ADPGK
ENSG00000067141,ENST00000261908,NEO1
ENSG00000138622,ENST00000261917,HCN4
ENSG00000183324,ENST00000331090,REC114
ENSG00000156642,ENST00000345330,NPTN
ENSG00000103855,ENST00000318443,CD276
ENSG00000205363,ENST00000569673,INSYN1
ENSG00000167139,ENST00000300504,TBC1D21
ENSG00000129038,ENST00000261921,LOXL1
ENSG00000067221,ENST00000541638,STOML1
ENSG00000140464,ENST00000268058,PML
ENSG00000159289,ENST00000290438,GOLGA6A
ENSG00000167178,ENST00000453268,ISLR2
ENSG00000129009,ENST00000249842,ISLR
ENSG00000137868,ENST00000395105,STRA6
ENSG00000140481,ENST00000398814,CCDC33
ENSG00000140459,ENST00000268053,CYP11A1
ENSG00000138623,ENST00000261918,SEMA7A
ENSG00000138629,ENST00000395081,UBL7
ENSG00000179361,ENST00000346246,ARID3B
ENSG00000179335,ENST00000395066,CLK3
ENSG00000179151,ENST00000315127,EDC3
ENSG00000140465,ENST00000379727,CYP1A1
ENSG00000140505,ENST00000343932,CYP1A2
ENSG00000103653,ENST00000220003,CSK
ENSG00000140506,ENST00000309664,LMAN1L
ENSG00000213578,ENST00000395018,CPLX3
ENSG00000140474,ENST00000440863,ULK3
ENSG00000140497,ENST00000268099,SCAMP2
ENSG00000178802,ENST00000352410,MPI
ENSG00000178761,ENST00000357635,FAM219B
ENSG00000178741,ENST00000322347,COX5A
ENSG00000178718,ENST00000322177,RPP25
ENSG00000198794,ENST00000425597,SCAMP5
ENSG00000138621,ENST00000342932,PPCDC
ENSG00000167173,ENST00000394987,C15orf39
ENSG00000167195,ENST00000300576,GOLGA6C
ENSG00000140478,ENST00000434739,GOLGA6D
ENSG00000140365,ENST00000267935,COMMD4
ENSG00000140398,ENST00000355059,NEIL1
ENSG00000140400,ENST00000267978,MAN2C1
ENSG00000169375,ENST00000394947,SIN3A
ENSG00000169410,ENST00000618819,PTPN9
ENSG00000169371,ENST00000308588,SNUPN
ENSG00000177971,ENST00000403490,IMP3
ENSG00000173548,ENST00000308527,SNX33
ENSG00000173546,ENST00000308508,CSPG4
ENSG00000182950,ENST00000332145,CIMAP1C
ENSG00000140367,ENST00000267938,UBE2Q2
ENSG00000167196,ENST00000308275,FBXO22
ENSG00000169752,ENST00000394907,NRG4
ENSG00000169758,ENST00000388942,TMEM266
ENSG00000140374,ENST00000557943,ETFA
ENSG00000159556,ENST00000290759,ISL2
ENSG00000140386,ENST00000563290,SCAPER
ENSG00000117906,ENST00000394885,RCN2
ENSG00000140368,ENST00000558012,PSTPIP1
ENSG00000140391,ENST00000267970,TSPAN3
ENSG00000173517,ENST00000682557,PEAK1
ENSG00000140382,ENST00000336216,HMG20A
ENSG00000169783,ENST00000355300,LINGO1
ENSG00000167202,ENST00000300584,TBC1D2B
ENSG00000183476,ENST00000328828,SH2D7
ENSG00000136425,ENST00000258930,CIB2
ENSG00000166411,ENST00000299518,IDH3A
ENSG00000103740,ENST00000258873,ACSBG1
ENSG00000140403,ENST00000394852,DNAJA4
ENSG00000140395,ENST00000267973,SKIC8
ENSG00000166426,ENST00000299529,CRABP1
ENSG00000136381,ENST00000258886,IREB2
ENSG00000188266,ENST00000388988,HYKK
ENSG00000041357,ENST00000044462,PSMA4
ENSG00000169684,ENST00000299565,CHRNA5
ENSG00000080644,ENST00000326828,CHRNA3
ENSG00000117971,ENST00000261751,CHRNB4
ENSG00000136378,ENST00000388820,ADAMTS7
ENSG00000185787,ENST00000426013,MORF4L1
ENSG00000103811,ENST00000220166,CTSH
ENSG00000058335,ENST00000558480,RASGRF1
ENSG00000235711,ENST00000421388,ANKRD34C
ENSG00000166557,ENST00000299705,TMED3
ENSG00000169330,ENST00000305428,MINAR1
ENSG00000136371,ENST00000258874,MTHFS
ENSG00000140379,ENST00000267953,BCL2A1
ENSG00000086666,ENST00000261749,ZFAND6
ENSG00000103876,ENST00000561421,FAH
ENSG00000259417,ENST00000560778,CTXND1
ENSG00000172379,ENST00000303329,ARNT2
ENSG00000136379,ENST00000258884,ABHD17C
ENSG00000103888,ENST00000394685,CEMIP
ENSG00000117899,ENST00000261758,MESD
ENSG00000140406,ENST00000267984,TLNRD1
ENSG00000288625,ENST00000676205,ENSG00000288625
ENSG00000156206,ENST00000286732,CFAP161
ENSG00000172349,ENST00000683961,IL16
ENSG00000172345,ENST00000302824,STARD5
ENSG00000188869,ENST00000359440,TMC3
ENSG00000183496,ENST00000329713,MEX3B
ENSG00000140598,ENST00000268206,EFL1
ENSG00000188659,ENST00000682753,SAXO2
ENSG00000278662,ENST00000610657,GOLGA6L10
ENSG00000197978,ENST00000618348,GOLGA6L9
ENSG00000182774,ENST00000647841,RPS17
ENSG00000214575,ENST00000684509,CPEB1
ENSG00000103723,ENST00000535359,AP3B2
ENSG00000186628,ENST00000334574,FSD2
ENSG00000156232,ENST00000286760,WHAMM
ENSG00000103942,ENST00000450735,HOMER2
ENSG00000169612,ENST00000304191,RAMAC
ENSG00000169609,ENST00000304177,C15orf40
ENSG00000064726,ENST00000261721,BTBD1
ENSG00000136404,ENST00000322019,TM6SF1
ENSG00000166503,ENST00000299633,HDGFL3
ENSG00000169594,ENST00000345382,BNC1
ENSG00000140600,ENST00000427482,SH3GL3
ENSG00000156218,ENST00000286744,ADAMTSL3
ENSG00000184206,ENST00000510439,GOLGA6L4
ENSG00000176371,ENST00000546148,ZSCAN2
ENSG00000177082,ENST00000434634,WDR73
ENSG00000197696,ENST00000360476,NMB
ENSG00000140612,ENST00000268220,SEC11A
ENSG00000166716,ENST00000560079,ZNF592
ENSG00000136383,ENST00000258888,ALPK3
ENSG00000156222,ENST00000394573,SLC28A1
ENSG00000073417,ENST00000394553,PDE8A
ENSG00000170776,ENST00000394518,AKAP13
ENSG00000183655,ENST00000337975,KLHL25
ENSG00000273540,ENST00000614907,AGBL1
ENSG00000140538,ENST00000629765,NTRK3
ENSG00000259494,ENST00000312475,MRPL46
ENSG00000181991,ENST00000325844,MRPS11
ENSG00000140543,ENST00000268148,DET1
ENSG00000181026,ENST00000332810,AEN
ENSG00000172183,ENST00000306072,ISG20
ENSG00000157766,ENST00000560601,ACAN
ENSG00000140511,ENST00000359595,HAPLN3
ENSG00000140545,ENST00000268150,MFGE8
ENSG00000140526,ENST00000352732,ABHD2
ENSG00000140522,ENST00000268125,RLBP1
ENSG00000140525,ENST00000310775,FANCI
ENSG00000140521,ENST00000268124,POLG
ENSG00000291307,ENST00000706918,POLGARF
ENSG00000140519,ENST00000268122,RHCG
ENSG00000140534,ENST00000268138,TICRR
ENSG00000166813,ENST00000394412,KIF7
ENSG00000166819,ENST00000300055,PLIN1
ENSG00000166821,ENST00000300056,PEX11A
ENSG00000140527,ENST00000268130,WDR93
ENSG00000166823,ENST00000300057,MESP1
ENSG00000188095,ENST00000341735,MESP2
ENSG00000166825,ENST00000300060,ANPEP
ENSG00000157823,ENST00000336418,AP3S2
ENSG00000242498,ENST00000357484,ARPIN
ENSG00000140548,ENST00000268154,ZNF710
ENSG00000182054,ENST00000330062,IDH2
ENSG00000185033,ENST00000411539,SEMA4B
ENSG00000185043,ENST00000328649,CIB1
ENSG00000183208,ENST00000329600,GDPGP1
ENSG00000213471,ENST00000641754,TTLL13
ENSG00000182768,ENST00000379095,NGRN
ENSG00000196391,ENST00000354377,ZNF774
ENSG00000140575,ENST00000268182,IQGAP1
ENSG00000140577,ENST00000268184,CRTC3
ENSG00000197299,ENST00000355112,BLM
ENSG00000140564,ENST00000268171,FURIN
ENSG00000182511,ENST00000328850,FES
ENSG00000196547,ENST00000559717,MAN2A2
ENSG00000184508,ENST00000394272,HDDC3
ENSG00000140553,ENST00000418476,UNC45A
ENSG00000166965,ENST00000394258,RCCD1
ENSG00000198901,ENST00000394249,PRC1
ENSG00000184056,ENST00000333371,VPS33B
ENSG00000185518,ENST00000394232,SV2B
ENSG00000176463,ENST00000318445,SLCO3A1
ENSG00000140557,ENST00000268164,ST8SIA2
ENSG00000185442,ENST00000327355,FAM174B
ENSG00000173575,ENST00000394196,CHD2
ENSG00000182175,ENST00000329082,RGMA
ENSG00000140563,ENST00000357742,MCTP2
ENSG00000185551,ENST00000394166,NR2F2
ENSG00000140450,ENST00000268042,ARRDC4
ENSG00000140443,ENST00000650285,IGF1R
ENSG00000183571,ENST00000535714,PGPEP1L
ENSG00000182253,ENST00000336292,SYNM
ENSG00000103852,ENST00000394132,TTC23
ENSG00000168904,ENST00000301981,LRRC28
ENSG00000068305,ENST00000557942,MEF2A
ENSG00000183060,ENST00000684762,LYSMD4
ENSG00000140470,ENST00000268070,ADAMTS17
ENSG00000154227,ENST00000679737,CERS3
ENSG00000140471,ENST00000314742,LINS1
ENSG00000183475,ENST00000332783,ASB7
ENSG00000184254,ENST00000329841,ALDH1A3
ENSG00000154237,ENST00000388948,LRRK1
ENSG00000131873,ENST00000254190,CHSY1
ENSG00000131871,ENST00000526049,SELENOS
ENSG00000131876,ENST00000254193,SNRPA1
ENSG00000140479,ENST00000611716,PCSK6
ENSG00000184277,ENST00000333202,TM2D3
ENSG00000185418,ENST00000335968,TARS3
ENSG00000184140,ENST00000328882,OR4F6
ENSG00000182854,ENST00000332238,OR4F15
ENSG00000161980,ENST00000293860,POLR3K
ENSG00000161981,ENST00000293861,SNRNP25
ENSG00000007384,ENST00000262316,RHBDF1
ENSG00000103152,ENST00000356432,MPG
ENSG00000103148,ENST00000611875,NPRL3
ENSG00000130656,ENST00000252951,HBZ
ENSG00000206177,ENST00000356815,HBM
ENSG00000188536,ENST00000251595,HBA2
ENSG00000206172,ENST00000320868,HBA1
ENSG00000086506,ENST00000199708,HBQ1
ENSG00000007392,ENST00000293872,LUC7L
ENSG00000167930,ENST00000399932,FAM234A
ENSG00000076344,ENST00000397770,RGS11
ENSG00000242173,ENST00000219409,ARHGDIG
ENSG00000185615,ENST00000219406,PDIA2
ENSG00000103126,ENST00000262320,AXIN1
ENSG00000086504,ENST00000199706,MRPL28
ENSG00000129925,ENST00000431232,PGAP6
ENSG00000103202,ENST00000219479,NME4
ENSG00000242612,ENST00000219481,DECR2
ENSG00000090565,ENST00000262305,RAB11FIP3
ENSG00000103326,ENST00000219611,CAPN15
ENSG00000161992,ENST00000409413,PRR35
ENSG00000007541,ENST00000321878,PIGQ
ENSG00000257108,ENST00000424439,NHLRC4
ENSG00000197562,ENST00000248139,RAB40C
ENSG00000127578,ENST00000319070,WFIKKN1
ENSG00000130731,ENST00000301686,METTL26
ENSG00000172366,ENST00000307650,MCRIP2
ENSG00000161996,ENST00000293879,WDR90
ENSG00000140983,ENST00000315082,RHOT2
ENSG00000103269,ENST00000352681,RHBDL1
ENSG00000103266,ENST00000219548,STUB1
ENSG00000161999,ENST00000609261,JMJD8
ENSG00000127580,ENST00000293883,WDR24
ENSG00000127585,ENST00000397621,FBXL16
ENSG00000103260,ENST00000568223,METRN
ENSG00000103254,ENST00000569529,ANTKMT
ENSG00000162004,ENST00000345165,CCDC78
ENSG00000103253,ENST00000389703,HAGHL
ENSG00000103245,ENST00000251588,CIAO3
ENSG00000102854,ENST00000545450,MSLN
ENSG00000007376,ENST00000007264,RPUSD1
ENSG00000127586,ENST00000262315,CHTF18
ENSG00000127588,ENST00000248150,GNG13
ENSG00000103227,ENST00000262301,LMF1
ENSG00000005513,ENST00000293894,SOX8
ENSG00000162009,ENST00000689027,SSTR5
ENSG00000184471,ENST00000328449,C1QTNF8
ENSG00000196557,ENST00000348261,CACNA1H
ENSG00000116176,ENST00000234798,TPSG1
ENSG00000197253,ENST00000606293,TPSB2
ENSG00000172236,ENST00000338844,TPSAB1
ENSG00000095917,ENST00000211076,TPSD1
ENSG00000103275,ENST00000397514,UBE2I
ENSG00000007516,ENST00000426824,BAIAP3
ENSG00000007520,ENST00000007390,TSR3
ENSG00000090581,ENST00000204679,GNPTG
ENSG00000059145,ENST00000389221,UNKL
ENSG00000174109,ENST00000442039,UQCC4
ENSG00000284395,ENST00000640283,PERCC1
ENSG00000197599,ENST00000389176,CCDC154
ENSG00000103249,ENST00000382745,CLCN7
ENSG00000251692,ENST00000447419,PTX4
ENSG00000100726,ENST00000262319,TELO2
ENSG00000187535,ENST00000426508,IFT140
ENSG00000131634,ENST00000566264,TMEM204
ENSG00000007545,ENST00000397412,CRAMP1
ENSG00000206053,ENST00000248098,JPT2
ENSG00000138834,ENST00000610761,MAPK8IP3
ENSG00000103024,ENST00000219302,NME3
ENSG00000074071,ENST00000397375,MRPS34
ENSG00000197774,ENST00000568449,EME2
ENSG00000162032,ENST00000566339,SPSB3
ENSG00000095906,ENST00000262302,NUBP2
ENSG00000099769,ENST00000215539,IGFALS
ENSG00000063854,ENST00000397356,HAGH
ENSG00000180185,ENST00000427358,FAHD1
ENSG00000162039,ENST00000325962,MEIOB
ENSG00000162040,ENST00000454677,HS3ST6
ENSG00000198736,ENST00000361871,MSRB1
ENSG00000140986,ENST00000268661,RPL3L
ENSG00000140990,ENST00000268668,NDUFB10
ENSG00000140988,ENST00000343262,RPS2
ENSG00000179580,ENST00000569714,RNF151
ENSG00000183751,ENST00000568546,TBL3
ENSG00000196408,ENST00000356120,NOXO1
ENSG00000127554,ENST00000248114,GFER
ENSG00000127561,ENST00000248121,SYNGR3
ENSG00000183971,ENST00000566435,NPW
ENSG00000065054,ENST00000424542,NHERF2
ENSG00000065057,ENST00000651570,NTHL1
ENSG00000103197,ENST00000219476,TSC2
ENSG00000008710,ENST00000262304,PKD1
ENSG00000167964,ENST00000210187,RAB26
ENSG00000131653,ENST00000326181,TRAF7
ENSG00000167971,ENST00000343516,CASKIN1
ENSG00000167965,ENST00000569417,MLST8
ENSG00000182685,ENST00000328540,BRICD5
ENSG00000184207,ENST00000333503,PGP
ENSG00000167967,ENST00000301727,E4F1
ENSG00000167968,ENST00000320700,DNASE1L2
ENSG00000167969,ENST00000301729,ECI1
ENSG00000205937,ENST00000320225,RNPS1
ENSG00000167972,ENST00000301732,ABCA3
ENSG00000162063,ENST00000397066,CCNF
ENSG00000162062,ENST00000361837,TEDC2
ENSG00000162068,ENST00000293973,NTN3
ENSG00000162065,ENST00000646147,TBC1D24
ENSG00000185883,ENST00000330398,ATP6V0C
ENSG00000162066,ENST00000293971,AMDHD2
ENSG00000205923,ENST00000567119,CEMP1
ENSG00000140992,ENST00000342085,PDPK1
ENSG00000167977,ENST00000301738,KCTD5
ENSG00000172382,ENST00000302641,PRSS27
ENSG00000167978,ENST00000301740,SRRM2
ENSG00000103363,ENST00000409906,ELOB
ENSG00000103355,ENST00000682474,PRSS33
ENSG00000215148,ENST00000399677,PRSS41
ENSG00000007038,ENST00000005995,PRSS21
ENSG00000162078,ENST00000382280,ZG16B
ENSG00000005001,ENST00000161006,PRSS22
ENSG00000162076,ENST00000396958,FLYWCH2
ENSG00000059122,ENST00000253928,FLYWCH1
ENSG00000131650,ENST00000303746,KREMEN2
ENSG00000127564,ENST00000262300,PKMYT1
ENSG00000162073,ENST00000318782,PAQR4
ENSG00000262152,ENST00000715180,GREP1
ENSG00000213937,ENST00000445369,CLDN9
ENSG00000184697,ENST00000328796,CLDN6
ENSG00000006327,ENST00000326577,TNFRSF12A
ENSG00000131652,ENST00000326266,THOC6
ENSG00000103145,ENST00000248089,HCFC1R1
ENSG00000162069,ENST00000572449,BICDL2
ENSG00000008516,ENST00000336577,MMP25
ENSG00000008517,ENST00000525643,IL32
ENSG00000130182,ENST00000576985,ZSCAN10
ENSG00000122386,ENST00000219091,ZNF205
ENSG00000085644,ENST00000396878,ZNF213
ENSG00000168124,ENST00000304646,OR1F1
ENSG00000010539,ENST00000414144,ZNF200
ENSG00000103313,ENST00000219596,MEFV
ENSG00000006194,ENST00000219069,ZNF263
ENSG00000140993,ENST00000396862,TIGD7
ENSG00000162086,ENST00000669516,ZNF75A
ENSG00000168158,ENST00000304936,OR2C1
ENSG00000140987,ENST00000396852,ZSCAN32
ENSG00000103343,ENST00000268655,ZNF174
ENSG00000167981,ENST00000301744,ZNF597
ENSG00000122390,ENST00000407558,NAA60
ENSG00000215131,ENST00000437192,C16orf90
ENSG00000103351,ENST00000576634,CLUAP1
ENSG00000167984,ENST00000359128,NLRC3
ENSG00000188827,ENST00000294008,SLX4
ENSG00000213918,ENST00000246949,DNASE1
ENSG00000126602,ENST00000246957,TRAP1
ENSG00000005339,ENST00000262367,CREBBP
ENSG00000162104,ENST00000294016,ADCY9
ENSG00000185739,ENST00000399609,SRL
ENSG00000090447,ENST00000204517,TFAP4
ENSG00000126603,ENST00000433375,GLIS2
ENSG00000217930,ENST00000318059,PAM16
ENSG00000262246,ENST00000251166,CORO7
ENSG00000168140,ENST00000304735,VASN
ENSG00000103423,ENST00000262375,DNAJA3
ENSG00000153406,ENST00000283429,NMRAL1
ENSG00000103415,ENST00000570646,HMOX2
ENSG00000089486,ENST00000567695,CDIP1
ENSG00000205832,ENST00000444310,C16orf96
ENSG00000153443,ENST00000283474,UBALD1
ENSG00000102858,ENST00000262370,MGRN1
ENSG00000168101,ENST00000304301,NUDT16L1
ENSG00000168096,ENST00000304283,ANKS3
ENSG00000166246,ENST00000299320,DNAAF8
ENSG00000103199,ENST00000219478,ZNF500
ENSG00000140623,ENST00000268231,SEPTIN12
ENSG00000267795,ENST00000586005,SMIM22
ENSG00000067836,ENST00000322048,ROGDI
ENSG00000140632,ENST00000321919,GLYR1
ENSG00000118900,ENST00000262376,UBN1
ENSG00000118898,ENST00000345988,PPL
ENSG00000103184,ENST00000251170,SEC14L5
ENSG00000103174,ENST00000312251,NAGPA
ENSG00000033011,ENST00000262374,ALG1
ENSG00000153446,ENST00000472572,C16orf89
ENSG00000118894,ENST00000427587,EEF2KMT
ENSG00000078328,ENST00000550418,RBFOX1
ENSG00000232258,ENST00000620492,TMEM114
ENSG00000067365,ENST00000381920,METTL22
ENSG00000183044,ENST00000268251,ABAT
ENSG00000184857,ENST00000333050,TMEM186
ENSG00000140650,ENST00000268261,PMM2
ENSG00000153048,ENST00000311052,CARHSP1
ENSG00000283516,ENST00000636296,LITAFD
ENSG00000187555,ENST00000344836,USP7
ENSG00000182831,ENST00000327827,HAPSTR1
ENSG00000183454,ENST00000330684,GRIN2A
ENSG00000166669,ENST00000562102,ATF7IP2
ENSG00000213853,ENST00000359543,EMP2
ENSG00000153060,ENST00000283025,TEKT5
ENSG00000103274,ENST00000283027,NUBP1
ENSG00000166676,ENST00000299866,TVP23A
ENSG00000179583,ENST00000324288,CIITA
ENSG00000182108,ENST00000331808,DEXI
ENSG00000038532,ENST00000409790,CLEC16A
ENSG00000185338,ENST00000332029,SOCS1
ENSG00000175643,ENST00000312499,RMI2
ENSG00000178279,ENST00000312693,TNP2
ENSG00000178257,ENST00000327157,PRM3
ENSG00000122304,ENST00000241808,PRM2
ENSG00000175646,ENST00000312511,PRM1
ENSG00000188897,ENST00000696174,ENSG00000188897
ENSG00000189067,ENST00000622633,LITAF
ENSG00000184602,ENST00000329565,SNN
ENSG00000153066,ENST00000283033,TXNDC11
ENSG00000122299,ENST00000355758,ZC3H7A
ENSG00000171490,ENST00000571133,RSL1D1
ENSG00000103342,ENST00000434724,GSPT1
ENSG00000234719,ENST00000399147,NPIPB2
ENSG00000048462,ENST00000053243,TNFRSF17
ENSG00000048471,ENST00000566228,SNX29
ENSG00000103381,ENST00000381774,CPPED1
ENSG00000237515,ENST00000558583,SHISA9
ENSG00000175595,ENST00000311895,ERCC4
ENSG00000186260,ENST00000571589,MRTFB
ENSG00000140694,ENST00000437198,PARN
ENSG00000103429,ENST00000261658,BFAR
ENSG00000069764,ENST00000438167,PLA2G10
ENSG00000224712,ENST00000531598,NPIPA3
ENSG00000254852,ENST00000529166,NPIPA2
ENSG00000103512,ENST00000287667,NOMO1
ENSG00000183426,ENST00000328085,NPIPA1
ENSG00000179889,ENST00000396410,PDXDC1
ENSG00000157045,ENST00000287706,NTAN1
ENSG00000085721,ENST00000198767,RRN3
ENSG00000183793,ENST00000360151,NPIPA5
ENSG00000156968,ENST00000396385,MPV17L
ENSG00000166780,ENST00000300006,BMERB1
ENSG00000166783,ENST00000396368,MARF1
ENSG00000072864,ENST00000396354,NDE1
ENSG00000133392,ENST00000300036,MYH11
ENSG00000133393,ENST00000255759,CEP20
ENSG00000103222,ENST00000399410,ABCC1
ENSG00000091262,ENST00000205557,ABCC6
ENSG00000103226,ENST00000399336,NOMO3
ENSG00000183889,ENST00000381497,NPIPA6
ENSG00000214967,ENST00000530217,NPIPA7
ENSG00000103489,ENST00000261381,XYLT1
ENSG00000214940,ENST00000525596,NPIPA8
ENSG00000233024,ENST00000427999,NPIPA9
ENSG00000185164,ENST00000622306,NOMO2
ENSG00000134419,ENST00000322989,RPS15A
ENSG00000170540,ENST00000304414,ARL6IP1
ENSG00000157106,ENST00000446231,SMG1
ENSG00000170537,ENST00000304381,TMC7
ENSG00000167186,ENST00000321998,COQ7
ENSG00000205730,ENST00000381440,ITPRIPL2
ENSG00000103528,ENST00000355377,SYT17
ENSG00000261210,ENST00000636231,CLEC19A
ENSG00000103534,ENST00000542583,TMC5
ENSG00000006007,ENST00000353258,GDE1
ENSG00000103540,ENST00000694978,CCP110
ENSG00000103544,ENST00000417362,VPS35L
ENSG00000103550,ENST00000219837,KNOP1
ENSG00000174628,ENST00000695302,IQCK
ENSG00000167191,ENST00000300571,GPRC5B
ENSG00000180269,ENST00000570682,GPR139
ENSG00000169347,ENST00000302555,GP2
ENSG00000169344,ENST00000396138,UMOD
ENSG00000169340,ENST00000302451,PDILT
ENSG00000183549,ENST00000331849,ACSM5
ENSG00000183747,ENST00000573854,ACSM2A
ENSG00000066813,ENST00000329697,ACSM2B
ENSG00000005187,ENST00000289416,ACSM3
ENSG00000166743,ENST00000520010,ACSM1
ENSG00000066654,ENST00000396083,THUMPD1
ENSG00000196678,ENST00000357967,ERI2
ENSG00000005189,ENST00000261377,REXO5
ENSG00000188215,ENST00000324344,DCUN1D3
ENSG00000102897,ENST00000567954,LYRM1
ENSG00000158486,ENST00000698260,DNAH3
ENSG00000011638,ENST00000233047,LDAF1
ENSG00000103310,ENST00000574091,ZP2
ENSG00000175311,ENST00000311620,ANKS4B
ENSG00000103316,ENST00000572914,CRYM
ENSG00000197006,ENST00000358154,METTL9
ENSG00000140749,ENST00000268389,IGSF6
ENSG00000155719,ENST00000646100,OTOA
ENSG00000185864,ENST00000682606,NPIPB4
ENSG00000140740,ENST00000268379,UQCRC2
ENSG00000155714,ENST00000424898,PDZD9
ENSG00000185716,ENST00000542527,MOSMO
ENSG00000175267,ENST00000389398,VWA3A
ENSG00000183921,ENST00000602312,SDR42E2
ENSG00000103319,ENST00000263026,EEF2K
ENSG00000058600,ENST00000299853,POLR3E
ENSG00000140743,ENST00000268383,CDR2
ENSG00000243716,ENST00000424340,NPIPB5
ENSG00000122254,ENST00000261374,HS3ST2
ENSG00000103404,ENST00000219689,USP31
ENSG00000166828,ENST00000300061,SCNN1G
ENSG00000168447,ENST00000343070,SCNN1B
ENSG00000168434,ENST00000307149,COG7
ENSG00000103365,ENST00000309859,GGA2
ENSG00000103356,ENST00000449606,EARS2
ENSG00000103353,ENST00000395878,UBFD1
ENSG00000004779,ENST00000007516,NDUFAB1
ENSG00000083093,ENST00000261584,PALB2
ENSG00000166847,ENST00000300087,DCTN5
ENSG00000166851,ENST00000300093,PLK1
ENSG00000134398,ENST00000256797,ERN2
ENSG00000166869,ENST00000300113,CHP2
ENSG00000166501,ENST00000643927,PRKCB
ENSG00000006116,ENST00000005284,CACNG3
ENSG00000122257,ENST00000319715,RBBP6
ENSG00000090905,ENST00000395799,TNRC6A
ENSG00000158865,ENST00000424767,SLC5A11
ENSG00000140750,ENST00000289968,ARHGAP17
ENSG00000205629,ENST00000399069,LCMT1
ENSG00000103375,ENST00000219660,AQP8
ENSG00000155592,ENST00000328086,ZKSCAN2
ENSG00000182601,ENST00000331351,HS3ST4
ENSG00000234186,ENST00000505035,C16orf82
ENSG00000155666,ENST00000286096,KDM8
ENSG00000169189,ENST00000361439,NSMCE1
ENSG00000077238,ENST00000395762,IL4R
ENSG00000103522,ENST00000337929,IL21R
ENSG00000077235,ENST00000356183,GTF3C1
ENSG00000047578,ENST00000261588,KATNIP
ENSG00000169181,ENST00000447459,GSG1L
ENSG00000169180,ENST00000304658,XPO6
ENSG00000188322,ENST00000341901,SBK1
ENSG00000198156,ENST00000695563,NPIPB6
ENSG00000205609,ENST00000380876,EIF3CL
ENSG00000233232,ENST00000452313,NPIPB7
ENSG00000188603,ENST00000636147,CLN3
ENSG00000184730,ENST00000564831,APOBR
ENSG00000197272,ENST00000356897,IL27
ENSG00000176046,ENST00000324873,NUPR1
ENSG00000176476,ENST00000317058,SGF29
ENSG00000197165,ENST00000335715,SULT1A2
ENSG00000196502,ENST00000314752,SULT1A1
ENSG00000255524,ENST00000683297,NPIPB8
ENSG00000184110,ENST00000331666,EIF3C
ENSG00000196993,ENST00000357796,NPIPB9
ENSG00000168488,ENST00000336783,ATXN2L
ENSG00000178952,ENST00000313511,TUFM
ENSG00000178188,ENST00000684370,SH2B1
ENSG00000196296,ENST00000395503,ATP2A1
ENSG00000177548,ENST00000358201,RABEP2
ENSG00000177455,ENST00000538922,CD19
ENSG00000176953,ENST00000320805,NFATC2IP
ENSG00000169682,ENST00000311008,SPNS1
ENSG00000213658,ENST00000395456,LAT
ENSG00000254206,ENST00000698511,NPIPB11
ENSG00000183336,ENST00000330978,BOLA2
ENSG00000181625,ENST00000330181,SLX1B
ENSG00000213648,ENST00000360423,SULT1A4
ENSG00000169203,ENST00000550665,NPIPB12
ENSG00000197471,ENST00000652691,SPN
ENSG00000103485,ENST00000395384,QPRT
ENSG00000185905,ENST00000329410,C16orf54
ENSG00000174992,ENST00000400752,ZG16
ENSG00000079616,ENST00000160827,KIF22
ENSG00000103495,ENST00000322945,MAZ
ENSG00000167371,ENST00000358758,PRRT2
ENSG00000280789,ENST00000320330,PAGR1
ENSG00000013364,ENST00000357402,MVP
ENSG00000103502,ENST00000219789,CDIPT
ENSG00000174938,ENST00000617533,SEZ6L2
ENSG00000174939,ENST00000308748,ASPHD1
ENSG00000174943,ENST00000568000,KCTD13
ENSG00000149932,ENST00000279396,TMEM219
ENSG00000149930,ENST00000308893,TAOK2
ENSG00000149929,ENST00000279392,HIRIP3
ENSG00000169592,ENST00000563197,INO80E
ENSG00000149927,ENST00000350119,DOC2A
ENSG00000167194,ENST00000681219,C16orf92
ENSG00000149926,ENST00000380495,TLCD3B
ENSG00000285043,ENST00000338110,ENSG00000285043
ENSG00000149925,ENST00000642816,ALDOA
ENSG00000149923,ENST00000279387,PPP4C
ENSG00000149922,ENST00000395224,TBX6
ENSG00000090238,ENST00000398841,YPEL3
ENSG00000102886,ENST00000406256,GDPD3
ENSG00000102882,ENST00000263025,MAPK3
ENSG00000102879,ENST00000219150,CORO1A
ENSG00000169627,ENST00000651894,BOLA2B
ENSG00000132207,ENST00000251303,SLX1A
ENSG00000261052,ENST00000338971,SULT1A3
ENSG00000198064,ENST00000697092,NPIPB13
ENSG00000169217,ENST00000305596,CD2BP2
ENSG00000169221,ENST00000409939,TBC1D10B
ENSG00000180209,ENST00000322861,MYL11
ENSG00000180035,ENST00000613509,ZNF48
ENSG00000180096,ENST00000321367,SEPTIN1
ENSG00000179965,ENST00000319296,ZNF771
ENSG00000179958,ENST00000319285,DCTPP1
ENSG00000179918,ENST00000478753,SEPHS2
ENSG00000005844,ENST00000356798,ITGAL
ENSG00000169957,ENST00000380412,ZNF768
ENSG00000169955,ENST00000693075,ZNF747
ENSG00000169951,ENST00000395091,ZNF764
ENSG00000229809,ENST00000223459,ZNF688
ENSG00000197162,ENST00000395216,ZNF785
ENSG00000156853,ENST00000287461,ZNF689
ENSG00000156858,ENST00000300835,PRR14
ENSG00000156860,ENST00000356166,FBRS
ENSG00000080603,ENST00000262518,SRCAP
ENSG00000281991,ENST00000615541,TMEM265
ENSG00000156873,ENST00000563588,PHKG2
ENSG00000196118,ENST00000543610,CFAP119
ENSG00000103549,ENST00000324685,RNF40
ENSG00000102870,ENST00000262525,ZNF629
ENSG00000099385,ENST00000215115,BCL7C
ENSG00000150281,ENST00000279804,CTF1
ENSG00000099364,ENST00000338343,FBXL19
ENSG00000175938,ENST00000318663,ORAI3
ENSG00000099381,ENST00000262519,SETD1A
ENSG00000099377,ENST00000297679,HSD3B7
ENSG00000099365,ENST00000215095,STX1B
ENSG00000103496,ENST00000313843,STX4
ENSG00000167394,ENST00000300849,ZNF668
ENSG00000167395,ENST00000300850,ZNF646
ENSG00000151006,ENST00000280606,PRSS53
ENSG00000167397,ENST00000394975,VKORC1
ENSG00000103507,ENST00000219794,BCKDK
ENSG00000103510,ENST00000219797,KAT8
ENSG00000052344,ENST00000317508,PRSS8
ENSG00000178226,ENST00000268281,PRSS36
ENSG00000089280,ENST00000254108,FUS
ENSG00000103490,ENST00000247470,PYCARD
ENSG00000177238,ENST00000322122,TRIM72
ENSG00000169900,ENST00000302964,PYDC1
ENSG00000169896,ENST00000544665,ITGAM
ENSG00000140678,ENST00000268296,ITGAX
ENSG00000156886,ENST00000389202,ITGAD
ENSG00000156885,ENST00000287490,COX6A2
ENSG00000176723,ENST00000315678,ZNF843
ENSG00000140691,ENST00000268314,ARMC5
ENSG00000140682,ENST00000394863,TGFB1I1
ENSG00000140675,ENST00000330498,SLC5A2
ENSG00000140688,ENST00000327237,RUSF1
ENSG00000169877,ENST00000302312,AHSP
ENSG00000197302,ENST00000316491,KRBOX5
ENSG00000185947,ENST00000300870,ZNF267
ENSG00000205456,ENST00000398664,TP53TG3D
ENSG00000183632,ENST00000398682,TP53TG3
ENSG00000205457,ENST00000561509,TP53TG3C
ENSG00000275034,ENST00000623491,TP53TG3E
ENSG00000261509,ENST00000341305,TP53TG3B
ENSG00000278848,ENST00000623042,TP53TG3F
ENSG00000171241,ENST00000303383,SHCBP1
ENSG00000069329,ENST00000299138,VPS35
ENSG00000091651,ENST00000219097,ORC6
ENSG00000140795,ENST00000394809,MYLK3
ENSG00000155330,ENST00000285697,C16orf87
ENSG00000166123,ENST00000340124,GPT2
ENSG00000069345,ENST00000317089,DNAJA2
ENSG00000171208,ENST00000562435,NETO2
ENSG00000129636,ENST00000320640,ITFG1
ENSG00000102893,ENST00000323584,PHKB
ENSG00000140798,ENST00000311303,ABCC12
ENSG00000121270,ENST00000356608,ABCC11
ENSG00000102910,ENST00000285737,LONP2
ENSG00000196470,ENST00000394725,SIAH1
ENSG00000102921,ENST00000262384,N4BP1
ENSG00000102924,ENST00000219197,CBLN1
ENSG00000166152,ENST00000299191,C16orf78
ENSG00000102935,ENST00000563137,ZNF423
ENSG00000205423,ENST00000427478,CNEP1R1
ENSG00000155393,ENST00000299192,HEATR3
ENSG00000121274,ENST00000561678,TENT4B
ENSG00000121281,ENST00000673801,ADCY7
ENSG00000166164,ENST00000394688,BRD7
ENSG00000140807,ENST00000268459,NKD1
ENSG00000167208,ENST00000330943,SNX20
ENSG00000167207,ENST00000647318,NOD2
ENSG00000083799,ENST00000427738,CYLD
ENSG00000103449,ENST00000251020,SALL1
ENSG00000224578,ENST00000698152,HNRNPA1L3
ENSG00000103460,ENST00000219746,TOX3
ENSG00000277639,ENST00000619363,CHD9NB
ENSG00000177200,ENST00000447540,CHD9
ENSG00000103479,ENST00000262133,RBL2
ENSG00000166971,ENST00000394657,AKTIP
ENSG00000103494,ENST00000647211,RPGRIP1L
ENSG00000140718,ENST00000471389,FTO
ENSG00000177508,ENST00000329734,IRX3
ENSG00000176842,ENST00000394636,IRX5
ENSG00000159387,ENST00000290552,IRX6
ENSG00000087245,ENST00000219070,MMP2
ENSG00000087253,ENST00000262134,LPCAT2
ENSG00000256812,ENST00000457326,CAPNS2
ENSG00000103546,ENST00000568943,SLC6A2
ENSG00000198848,ENST00000360526,CES1
ENSG00000159398,ENST00000290567,CES5A
ENSG00000087258,ENST00000262493,GNAO1
ENSG00000159461,ENST00000290649,AMFR
ENSG00000167005,ENST00000300291,NUDT21
ENSG00000087263,ENST00000566157,OGFOD1
ENSG00000125124,ENST00000245157,BBS2
ENSG00000102891,ENST00000219162,MT4
ENSG00000087250,ENST00000200691,MT3
ENSG00000125148,ENST00000245185,MT2A
ENSG00000169715,ENST00000330439,MT1E
ENSG00000205364,ENST00000379818,MT1M
ENSG00000205362,ENST00000290705,MT1A
ENSG00000169688,ENST00000334346,MT1B
ENSG00000198417,ENST00000334350,MT1F
ENSG00000125144,ENST00000379811,MT1G
ENSG00000205358,ENST00000332374,MT1H
ENSG00000187193,ENST00000394485,MT1X
ENSG00000102900,ENST00000308159,NUP93
ENSG00000070915,ENST00000563236,SLC12A3
ENSG00000051108,ENST00000439977,HERPUD1
ENSG00000087237,ENST00000200676,CETP
ENSG00000140853,ENST00000688547,NLRC5
ENSG00000140848,ENST00000290776,CPNE2
ENSG00000172775,ENST00000309137,PSME3IP1
ENSG00000159579,ENST00000394420,RSPRY1
ENSG00000102931,ENST00000219204,ARL2BP
ENSG00000102934,ENST00000219207,PLLP
ENSG00000102962,ENST00000219235,CCL22
ENSG00000006210,ENST00000006053,CX3CL1
ENSG00000102970,ENST00000219244,CCL17
ENSG00000005194,ENST00000394391,CIAPIN1
ENSG00000088682,ENST00000262507,COQ9
ENSG00000102978,ENST00000219252,POLR2C
ENSG00000125170,ENST00000340099,DOK4
ENSG00000135736,ENST00000258214,CCDC102A
ENSG00000159618,ENST00000349457,ADGRG5
ENSG00000205336,ENST00000562631,ADGRG1
ENSG00000182885,ENST00000333493,ADGRG3
ENSG00000159625,ENST00000360716,DRC7
ENSG00000140854,ENST00000379661,KATNB1
ENSG00000140859,ENST00000445690,KIFC3
ENSG00000070729,ENST00000251102,CNGB1
ENSG00000159648,ENST00000441824,SPMIP8
ENSG00000166188,ENST00000299237,ZNF319
ENSG00000103005,ENST00000219281,USB1
ENSG00000102996,ENST00000219271,MMP15
ENSG00000070761,ENST00000262498,CFAP20
ENSG00000070770,ENST00000262506,CSNK2A2
ENSG00000103021,ENST00000219299,CFAP263
ENSG00000103023,ENST00000567164,PRSS54
ENSG00000181938,ENST00000318129,GINS3
ENSG00000103034,ENST00000570248,NDRG4
ENSG00000103037,ENST00000219315,SETD6
ENSG00000125107,ENST00000317147,CNOT1
ENSG00000103042,ENST00000219320,SLC38A7
ENSG00000125166,ENST00000245206,GOT2
ENSG00000150394,ENST00000577390,CDH8
ENSG00000140937,ENST00000268603,CDH11
ENSG00000179776,ENST00000341529,CDH5
ENSG00000166546,ENST00000536005,BEAN1
ENSG00000166548,ENST00000544898,TK2
ENSG00000217555,ENST00000264001,CKLF
ENSG00000089505,ENST00000379500,CMTM1
ENSG00000140932,ENST00000268595,CMTM2
ENSG00000140931,ENST00000567572,CMTM3
ENSG00000183723,ENST00000394106,CMTM4
ENSG00000135720,ENST00000258198,DYNC1LI2
ENSG00000249961,ENST00000433154,TERB1
ENSG00000159593,ENST00000290810,NAE1
ENSG00000168748,ENST00000338437,CA7
ENSG00000172840,ENST00000311765,PDP2
ENSG00000166589,ENST00000299752,CDH16
ENSG00000166592,ENST00000299759,RRAD
ENSG00000166595,ENST00000422424,CIAO2B
ENSG00000172831,ENST00000317091,CES2
ENSG00000172828,ENST00000303334,CES3
ENSG00000172824,ENST00000648724,CES4A
ENSG00000067955,ENST00000412916,CBFB
ENSG00000125149,ENST00000219139,PHAF1
ENSG00000237172,ENST00000449549,B3GNT9
ENSG00000102871,ENST00000345057,TRADD
ENSG00000135722,ENST00000258200,FBXL8
ENSG00000102878,ENST00000521374,HSF4
ENSG00000140939,ENST00000564992,NOL3
ENSG00000196123,ENST00000563902,MATCAP1
ENSG00000179044,ENST00000314586,EXOC3L1
ENSG00000205250,ENST00000379378,E2F4
ENSG00000102890,ENST00000393997,ELMO3
ENSG00000168701,ENST00000304800,TMEM208
ENSG00000135723,ENST00000258201,FHOD1
ENSG00000135740,ENST00000299798,SLC9A5
ENSG00000196155,ENST00000379344,PLEKHG4
ENSG00000168676,ENST00000304372,KCTD19
ENSG00000159708,ENST00000329956,LRRC36
ENSG00000159713,ENST00000393957,TPPP3
ENSG00000159714,ENST00000565726,ZDHHC1
ENSG00000176387,ENST00000326152,HSD11B2
ENSG00000159720,ENST00000290949,ATP6V0D1
ENSG00000159723,ENST00000290953,AGRP
ENSG00000039523,ENST00000042381,RIPOR1
ENSG00000102974,ENST00000264010,CTCF
ENSG00000159753,ENST00000334583,CARMIL2
ENSG00000102977,ENST00000620761,ACD
ENSG00000102981,ENST00000458121,PARD6A
ENSG00000124074,ENST00000243878,ENKD1
ENSG00000159761,ENST00000403458,C16orf86
ENSG00000141098,ENST00000268797,GFOD2
ENSG00000141084,ENST00000317506,RANBP10
ENSG00000102904,ENST00000561639,TSNAXIP1
ENSG00000102901,ENST00000562787,CENPT
ENSG00000168286,ENST00000303596,THAP11
ENSG00000102898,ENST00000219169,NUTF2
ENSG00000038358,ENST00000358933,EDC4
ENSG00000188038,ENST00000339176,NRN1L
ENSG00000159792,ENST00000291041,PSKH1
ENSG00000141086,ENST00000574481,CTRL
ENSG00000205220,ENST00000358514,PSMB10
ENSG00000213398,ENST00000264005,LCAT
ENSG00000124067,ENST00000316341,SLC12A4
ENSG00000141096,ENST00000268793,DPEP3
ENSG00000167261,ENST00000393847,DPEP2
ENSG00000167264,ENST00000565263,DUS2
ENSG00000263201,ENST00000574912,DPEP2NB
ENSG00000182810,ENST00000332395,DDX28
ENSG00000072736,ENST00000346183,NFATC3
ENSG00000103067,ENST00000473183,ESRP2
ENSG00000103066,ENST00000219345,PLA2G15
ENSG00000103064,ENST00000219343,SLC7A6
ENSG00000103061,ENST00000263997,SLC7A6OS
ENSG00000132600,ENST00000441236,PRMT7
ENSG00000103056,ENST00000219334,SMPD3
ENSG00000184939,ENST00000563169,ZFP90
ENSG00000062038,ENST00000264012,CDH3
ENSG00000039068,ENST00000261769,CDH1
ENSG00000103047,ENST00000261778,TANGO6
ENSG00000103044,ENST00000569188,HAS3
ENSG00000168802,ENST00000448552,CHTF8
ENSG00000286140,ENST00000519520,DERPC
ENSG00000141076,ENST00000314423,UTP4
ENSG00000168807,ENST00000336278,SNTB2
ENSG00000132612,ENST00000254950,VPS4A
ENSG00000213380,ENST00000306875,COG8
ENSG00000258429,ENST00000288022,PDF
ENSG00000132603,ENST00000254940,NIP7
ENSG00000157315,ENST00000288025,TMED6
ENSG00000132604,ENST00000254942,TERF2
ENSG00000103018,ENST00000307892,CYB5B
ENSG00000102908,ENST00000349945,NFAT5
ENSG00000181019,ENST00000320623,NQO1
ENSG00000141101,ENST00000268802,NOB1
ENSG00000198373,ENST00000359154,WWP2
ENSG00000157322,ENST00000288040,CLEC18A
ENSG00000090857,ENST00000288050,PDPR
ENSG00000157335,ENST00000541793,CLEC18C
ENSG00000223496,ENST00000435634,EXOSC6
ENSG00000090861,ENST00000261772,AARS1
ENSG00000157349,ENST00000288071,DDX19B
ENSG00000168872,ENST00000302243,DDX19A
ENSG00000157350,ENST00000342907,ST3GAL2
ENSG00000157353,ENST00000288078,FCSK
ENSG00000103051,ENST00000323786,COG4
ENSG00000189091,ENST00000302516,SF3B3
ENSG00000157368,ENST00000288098,IL34
ENSG00000132613,ENST00000338779,MTSS2
ENSG00000103043,ENST00000261776,VAC14
ENSG00000157423,ENST00000393567,HYDIN
ENSG00000180917,ENST00000434935,CMTR2
ENSG00000172137,ENST00000302628,CALB2
ENSG00000260734,ENST00000561754,TLE7
ENSG00000167377,ENST00000647773,ZNF23
ENSG00000157429,ENST00000288177,ZNF19
ENSG00000140835,ENST00000539698,CHST4
ENSG00000198650,ENST00000355962,TAT
ENSG00000140832,ENST00000268485,MARVELD3
ENSG00000040199,ENST00000568954,PHLPP2
ENSG00000166747,ENST00000299980,AP1G1
ENSG00000224470,ENST00000427980,ATXN1L
ENSG00000182149,ENST00000378799,IST1
ENSG00000102984,ENST00000425432,ZNF821
ENSG00000277481,ENST00000620267,PKD1L3
ENSG00000102967,ENST00000219240,DHODH
ENSG00000257017,ENST00000355906,HP
ENSG00000261701,ENST00000540303,HPR
ENSG00000140830,ENST00000268483,TXNL4B
ENSG00000140829,ENST00000268482,DHX38
ENSG00000118557,ENST00000237353,PMFBP1
ENSG00000140836,ENST00000268489,ZFHX3
ENSG00000103035,ENST00000219313,PSMD7
ENSG00000196436,ENST00000692376,NPIPB15
ENSG00000140839,ENST00000682950,CLEC18B
ENSG00000090863,ENST00000422840,GLG1
ENSG00000168411,ENST00000361070,RFWD3
ENSG00000168404,ENST00000308807,MLKL
ENSG00000103089,ENST00000219368,FA2H
ENSG00000103091,ENST00000262144,WDR59
ENSG00000186187,ENST00000335325,ZNRF1
ENSG00000166816,ENST00000450168,LDHD
ENSG00000184517,ENST00000570010,ZFP1
ENSG00000168928,ENST00000303037,CTRB2
ENSG00000168925,ENST00000361017,CTRB1
ENSG00000050820,ENST00000162330,BCAR1
ENSG00000153774,ENST00000283882,CFDP1
ENSG00000166822,ENST00000561878,TMEM170A
ENSG00000183196,ENST00000332272,CHST6
ENSG00000135702,ENST00000336257,CHST5
ENSG00000205084,ENST00000258173,TMEM231
ENSG00000034713,ENST00000037243,GABARAPL2
ENSG00000065457,ENST00000564657,ADAT1
ENSG00000065427,ENST00000302445,KARS1
ENSG00000166848,ENST00000300086,TERF2IP
ENSG00000284484,ENST00000640173,CPHXL2
ENSG00000282757,ENST00000633875,DUXB
ENSG00000283755,ENST00000640559,CPHXL
ENSG00000152910,ENST00000611870,CNTNAP4
ENSG00000103111,ENST00000248248,MON1B
ENSG00000205078,ENST00000378644,SYCE1L
ENSG00000140873,ENST00000282849,ADAMTS18
ENSG00000140876,ENST00000268533,NUDT7
ENSG00000171724,ENST00000302536,VAT1L
ENSG00000166509,ENST00000299642,CLEC3A
ENSG00000186153,ENST00000566780,WWOX
ENSG00000178573,ENST00000326043,MAF
ENSG00000168589,ENST00000305904,DYNLRB2
ENSG00000166446,ENST00000570137,CDYL2
ENSG00000103121,ENST00000219400,CMC2
ENSG00000166451,ENST00000305850,CENPN
ENSG00000166454,ENST00000299575,ATMIN
ENSG00000166455,ENST00000299578,C16orf46
ENSG00000140905,ENST00000315467,GCSH
ENSG00000135697,ENST00000258168,BCO1
ENSG00000261609,ENST00000648994,GAN
ENSG00000153815,ENST00000537098,CMIP
ENSG00000197943,ENST00000564138,PLCG2
ENSG00000184860,ENST00000328945,SDR42E1
ENSG00000086696,ENST00000199936,HSD17B2
ENSG00000135698,ENST00000258169,MPHOSPH6
ENSG00000140945,ENST00000567109,CDH13
ENSG00000230989,ENST00000433866,HSBP1
ENSG00000103150,ENST00000262430,MLYCD
ENSG00000140961,ENST00000393306,OSGIN1
ENSG00000103154,ENST00000305202,NECAB2
ENSG00000166558,ENST00000299709,SLC38A8
ENSG00000140943,ENST00000343411,MBTPS1
ENSG00000103160,ENST00000219439,HSDL1
ENSG00000154099,ENST00000378553,DNAAF1
ENSG00000103168,ENST00000566732,TAF1C
ENSG00000140955,ENST00000315906,ADAD2
ENSG00000168418,ENST00000308251,KCNG4
ENSG00000103175,ENST00000219454,WFDC1
ENSG00000064270,ENST00000262429,ATP2C2
ENSG00000140950,ENST00000343629,MEAK7
ENSG00000103187,ENST00000262428,COTL1
ENSG00000135686,ENST00000564996,KLHL36
ENSG00000103194,ENST00000219473,USP10
ENSG00000103196,ENST00000262424,CRISPLD2
ENSG00000153786,ENST00000313732,ZDHHC7
ENSG00000135709,ENST00000683363,KIAA0513
ENSG00000153789,ENST00000539556,CIBAR2
ENSG00000131149,ENST00000253458,GSE1
ENSG00000131153,ENST00000253462,GINS2
ENSG00000154102,ENST00000284245,C16orf74
ENSG00000131148,ENST00000253457,EMC8
ENSG00000131143,ENST00000253452,COX4I1
ENSG00000140968,ENST00000268638,IRF8
ENSG00000103241,ENST00000262426,FOXF1
ENSG00000103248,ENST00000360900,MTHFSD
ENSG00000176692,ENST00000649859,FOXC2
ENSG00000176678,ENST00000320241,FOXL1
ENSG00000260456,ENST00000567970,C16orf95
ENSG00000103264,ENST00000311635,FBXO31
ENSG00000140941,ENST00000268607,MAP1LC3B
ENSG00000140948,ENST00000671377,ZCCHC14
ENSG00000154118,ENST00000284262,JPH3
ENSG00000104731,ENST00000270583,KLHDC4
ENSG00000103257,ENST00000261622,SLC7A5
ENSG00000174990,ENST00000649794,CA5A
ENSG00000172530,ENST00000682872,BANP
ENSG00000225614,ENST00000565624,ZNF469
ENSG00000179588,ENST00000319555,ZFPM1
ENSG00000158545,ENST00000301011,ZC3H18
ENSG00000124391,ENST00000244241,IL17C
ENSG00000051523,ENST00000261623,CYBA
ENSG00000167508,ENST00000301012,MVD
ENSG00000185669,ENST00000332281,SNAI3
ENSG00000158717,ENST00000312838,RNF166
ENSG00000174177,ENST00000453996,CTU2
ENSG00000103335,ENST00000301015,PIEZO1
ENSG00000167513,ENST00000301019,CDT1
ENSG00000198931,ENST00000378364,APRT
ENSG00000141012,ENST00000268695,GALNS
ENSG00000167515,ENST00000696289,TRAPPC2L
ENSG00000205022,ENST00000419291,PABPN1L
ENSG00000129993,ENST00000268679,CBFA2T3
ENSG00000176715,ENST00000614302,ACSF3
ENSG00000129910,ENST00000289746,CDH15
ENSG00000259803,ENST00000682282,SLC22A31
ENSG00000170100,ENST00000433976,ZNF778
ENSG00000167522,ENST00000301030,ANKRD11
ENSG00000288715,ENST00000711617,ENSG00000288715
ENSG00000197912,ENST00000645818,SPG7
ENSG00000167526,ENST00000311528,RPL13
ENSG00000178773,ENST00000319518,CPNE7
ENSG00000015413,ENST00000690203,DPEP1
ENSG00000131165,ENST00000397901,CHMP1A
ENSG00000167523,ENST00000579310,SPATA33
ENSG00000185324,ENST00000353379,CDK10
ENSG00000158792,ENST00000289805,SPATA2L
ENSG00000075399,ENST00000389386,VPS9D1
ENSG00000158805,ENST00000443381,ZNF276
ENSG00000187741,ENST00000389301,FANCA
ENSG00000204991,ENST00000378247,SPIRE2
ENSG00000141002,ENST00000263346,TCF25
ENSG00000258839,ENST00000555147,MC1R
ENSG00000258947,ENST00000315491,TUBB3
ENSG00000140995,ENST00000563594,DEF8
ENSG00000003249,ENST00000002501,DBNDD1
ENSG00000141013,ENST00000268699,GAS8
ENSG00000126856,ENST00000449207,PRDM7
ENSG00000268320,ENST00000595228,SCGB1C2
ENSG00000272636,ENST00000613549,DOC2B
ENSG00000181031,ENST00000331302,RPH3AL
ENSG00000187624,ENST00000360127,LIAT1
ENSG00000141252,ENST00000437048,VPS53
ENSG00000167695,ENST00000308278,TLCD3A
ENSG00000179409,ENST00000319004,GEMIN4
ENSG00000167699,ENST00000301329,GLOD4
ENSG00000171861,ENST00000304478,MRM3
ENSG00000167693,ENST00000336868,NXN
ENSG00000177370,ENST00000327158,TIMM22
ENSG00000159842,ENST00000302538,ABR
ENSG00000205899,ENST00000391429,BHLHA9
ENSG00000184811,ENST00000333813,TRARG1
ENSG00000108953,ENST00000264335,YWHAE
ENSG00000167193,ENST00000300574,CRK
ENSG00000197879,ENST00000648651,MYO1C
ENSG00000132376,ENST00000421807,INPP5K
ENSG00000174238,ENST00000313486,PITPNA
ENSG00000167703,ENST00000301335,SLC43A2
ENSG00000074660,ENST00000263071,SCARF1
ENSG00000167705,ENST00000301336,RILP
ENSG00000174231,ENST00000304992,PRPF8
ENSG00000185561,ENST00000330676,TLCD2
ENSG00000167716,ENST00000409644,WDR81
ENSG00000167711,ENST00000453066,SERPINF2
ENSG00000132386,ENST00000254722,SERPINF1
ENSG00000186532,ENST00000305513,SMYD4
ENSG00000132383,ENST00000254719,RPA1
ENSG00000185924,ENST00000331238,RTN4RL1
ENSG00000108963,ENST00000263083,DPH1
ENSG00000262664,ENST00000572195,OVCA2
ENSG00000177374,ENST00000619757,HIC1
ENSG00000070366,ENST00000263073,SMG6
ENSG00000167720,ENST00000344595,SRR
ENSG00000167721,ENST00000301364,TSR1
ENSG00000141258,ENST00000268989,SGSM2
ENSG00000070444,ENST00000174618,MNT
ENSG00000127804,ENST00000263092,METTL16
ENSG00000007168,ENST00000397195,PAFAH1B1
ENSG00000132361,ENST00000651024,CLUH
ENSG00000277200,ENST00000614400,CCDC92B
ENSG00000132359,ENST00000254695,RAP1GAP2
ENSG00000262628,ENST00000575751,OR1D5
ENSG00000184166,ENST00000641833,OR1D2
ENSG00000183024,ENST00000328890,OR1G1
ENSG00000172150,ENST00000381951,OR1A2
ENSG00000172146,ENST00000641732,OR1A1
ENSG00000221882,ENST00000573901,OR3A2
ENSG00000180090,ENST00000323404,OR3A1
ENSG00000180042,ENST00000572493,OR1R1P
ENSG00000180016,ENST00000322608,OR1E1
ENSG00000159961,ENST00000641141,OR3A3
ENSG00000127780,ENST00000248384,OR1E2
ENSG00000141255,ENST00000572969,SPATA22
ENSG00000108381,ENST00000263080,ASPA
ENSG00000167723,ENST00000576742,TRPV3
ENSG00000196689,ENST00000572705,TRPV1
ENSG00000197417,ENST00000225519,SHPK
ENSG00000040531,ENST00000046640,CTNS
ENSG00000213977,ENST00000225525,TAX1BP3
ENSG00000127774,ENST00000248378,EMC6
ENSG00000083454,ENST00000225328,P2RX5
ENSG00000083457,ENST00000263087,ITGAE
ENSG00000177602,ENST00000325418,HASPIN
ENSG00000074356,ENST00000389005,NCBP3
ENSG00000004660,ENST00000348335,CAMKK1
ENSG00000108405,ENST00000225538,P2RX1
ENSG00000074370,ENST00000397041,ATP2A3
ENSG00000074755,ENST00000381638,ZZEF1
ENSG00000167740,ENST00000301391,CYB5D2
ENSG00000185722,ENST00000341657,ANKFY1
ENSG00000132388,ENST00000396981,UBE2G1
ENSG00000182557,ENST00000355530,SPNS3
ENSG00000183018,ENST00000329078,SPNS2
ENSG00000132382,ENST00000254718,MYBBP1A
ENSG00000167741,ENST00000381550,GGT6
ENSG00000188176,ENST00000389313,SMTNL2
ENSG00000161905,ENST00000293761,ALOX15
ENSG00000141456,ENST00000572293,PELP1
ENSG00000141480,ENST00000269260,ARRB2
ENSG00000161920,ENST00000293777,MED11
ENSG00000161921,ENST00000293778,CXCL16
ENSG00000141497,ENST00000433935,ZMYND15
ENSG00000142484,ENST00000270560,TM4SF5
ENSG00000182853,ENST00000328739,VMO1
ENSG00000182327,ENST00000331264,GLTPD2
ENSG00000142507,ENST00000270586,PSMB6
ENSG00000262165,ENST00000635921,C17orf114
ENSG00000129219,ENST00000263088,PLD2
ENSG00000141503,ENST00000355280,MINK1
ENSG00000108556,ENST00000649488,CHRNE
ENSG00000205710,ENST00000381365,C17orf107
ENSG00000185245,ENST00000329125,GP1BA
ENSG00000108528,ENST00000225665,SLC25A11
ENSG00000108523,ENST00000262482,RNF167
ENSG00000108518,ENST00000225655,PFN1
ENSG00000108515,ENST00000519602,ENO3
ENSG00000091640,ENST00000206020,SPAG7
ENSG00000108509,ENST00000348066,CAMTA2
ENSG00000196388,ENST00000695324,INCA1
ENSG00000129250,ENST00000320785,KIF1C
ENSG00000132517,ENST00000254853,SLC52A1
ENSG00000180787,ENST00000318833,ZFP3
ENSG00000167840,ENST00000250076,ZNF232
ENSG00000129204,ENST00000574788,USP6
ENSG00000180626,ENST00000575779,ZNF594
ENSG00000161929,ENST00000574081,SCIMP
ENSG00000029725,ENST00000537505,RABEP1
ENSG00000108559,ENST00000573584,NUP88
ENSG00000129197,ENST00000381209,RPAIN
ENSG00000108561,ENST00000225698,C1QBP
ENSG00000005100,ENST00000225296,DHX33
ENSG00000072849,ENST00000158771,DERL2
ENSG00000167842,ENST00000611091,MIS12
ENSG00000091592,ENST00000572272,NLRP1
ENSG00000286190,ENST00000568641,ENSG00000286190
ENSG00000179314,ENST00000317744,WSCD1
ENSG00000129221,ENST00000381129,AIPL1
ENSG00000129195,ENST00000572447,PIMREG
ENSG00000091622,ENST00000262483,PITPNM3
ENSG00000198920,ENST00000361413,KIAA0753
ENSG00000282936,ENST00000713584,ENSG00000282936
ENSG00000129235,ENST00000250101,TXNDC17
ENSG00000108590,ENST00000225728,MED31
ENSG00000256806,ENST00000542475,C17orf100
ENSG00000141485,ENST00000433363,SLC13A5
ENSG00000132530,ENST00000361842,XAF1
ENSG00000177294,ENST00000321535,FBXO39
ENSG00000167858,ENST00000338694,TEKT1
ENSG00000108839,ENST00000251535,ALOX12
ENSG00000219200,ENST00000593646,RNASEK
ENSG00000258315,ENST00000439424,BACC1
ENSG00000161940,ENST00000293805,BCL6B
ENSG00000174327,ENST00000308027,SLC16A13
ENSG00000174326,ENST00000574600,SLC16A11
ENSG00000132514,ENST00000416562,CLEC10A
ENSG00000161944,ENST00000691900,ASGR2
ENSG00000141505,ENST00000269299,ASGR1
ENSG00000132535,ENST00000399506,DLG4
ENSG00000072778,ENST00000356839,ACADVL
ENSG00000004975,ENST00000005340,DVL2
ENSG00000040633,ENST00000320316,PHF23
ENSG00000170296,ENST00000302386,GABARAP
ENSG00000175826,ENST00000574322,CTDNEP1
ENSG00000170291,ENST00000396628,ELP5
ENSG00000181885,ENST00000360325,CLDN7
ENSG00000181856,ENST00000317370,SLC2A4
ENSG00000006047,ENST00000007699,YBX2
ENSG00000132507,ENST00000336458,EIF5A
ENSG00000132522,ENST00000380728,GPS2
ENSG00000215041,ENST00000399464,NEURL4
ENSG00000072818,ENST00000158762,ACAP1
ENSG00000213859,ENST00000333751,KCTD11
ENSG00000182896,ENST00000576060,TMEM95
ENSG00000174292,ENST00000688331,TNK1
ENSG00000187838,ENST00000619711,PLSCR3
ENSG00000205544,ENST00000302422,TMEM256
ENSG00000169992,ENST00000302926,NLGN2
ENSG00000181323,ENST00000323675,SPEM1
ENSG00000184560,ENST00000333870,SPEM2
ENSG00000283439,ENST00000636696,SPEM3
ENSG00000181284,ENST00000323206,TMEM102
ENSG00000161958,ENST00000293829,FGF11
ENSG00000170175,ENST00000306071,CHRNB1
ENSG00000174282,ENST00000380599,ZBTB4
ENSG00000259224,ENST00000412468,SLC35G6
ENSG00000239697,ENST00000293825,TNFSF12
ENSG00000161955,ENST00000338784,TNFSF13
ENSG00000161956,ENST00000321337,SENP3
ENSG00000161960,ENST00000293831,EIF4A1
ENSG00000129226,ENST00000250092,CD68
ENSG00000129255,ENST00000250124,MPDU1
ENSG00000129194,ENST00000250055,SOX15
ENSG00000129245,ENST00000250113,FXR2
ENSG00000129214,ENST00000380450,SHBG
ENSG00000141504,ENST00000269298,SAT2
ENSG00000129244,ENST00000250111,ATP1B2
ENSG00000141510,ENST00000269305,TP53
ENSG00000141499,ENST00000396463,WRAP53
ENSG00000108947,ENST00000226091,EFNB3
ENSG00000183914,ENST00000572933,DNAH2
ENSG00000132510,ENST00000448097,KDM6B
ENSG00000167874,ENST00000301599,TMEM88
ENSG00000183011,ENST00000575771,NAA38
ENSG00000182224,ENST00000332439,CYB5D1
ENSG00000170004,ENST00000330494,CHD3
ENSG00000179859,ENST00000324348,RNF227
ENSG00000170049,ENST00000303790,KCNAB3
ENSG00000170043,ENST00000303731,TRAPPC1
ENSG00000170037,ENST00000563694,CNTROB
ENSG00000132518,ENST00000254854,GUCY2D
ENSG00000179593,ENST00000380183,ALOX15B
ENSG00000179477,ENST00000647874,ALOX12B
ENSG00000179148,ENST00000448843,ALOXE3
ENSG00000179111,ENST00000541682,HES7
ENSG00000179094,ENST00000317276,PER1
ENSG00000220205,ENST00000316509,VAMP2
ENSG00000179029,ENST00000437139,TMEM107
ENSG00000200463,ENST00000363593,SNORD118
ENSG00000196544,ENST00000389017,BORCS6
ENSG00000178999,ENST00000585124,AURKB
ENSG00000178971,ENST00000651323,CTC1
ENSG00000178921,ENST00000314666,PFAS
ENSG00000125434,ENST00000577745,SLC25A35
ENSG00000108961,ENST00000226105,RANGRF
ENSG00000198844,ENST00000361926,ARHGEF15
ENSG00000184650,ENST00000328248,ODF4
ENSG00000184619,ENST00000396267,KRBA2
ENSG00000161970,ENST00000648839,RPL26
ENSG00000189051,ENST00000399398,RNF222
ENSG00000166579,ENST00000334527,NDEL1
ENSG00000133026,ENST00000360416,MYH10
ENSG00000161973,ENST00000293845,CCDC42
ENSG00000183318,ENST00000689094,SPDYE4
ENSG00000185156,ENST00000329805,MFSD6L
ENSG00000276231,ENST00000619866,PIK3R6
ENSG00000141506,ENST00000447110,PIK3R5
ENSG00000065320,ENST00000173229,NTN1
ENSG00000170310,ENST00000306357,STX8
ENSG00000166596,ENST00000352665,CFAP52
ENSG00000154914,ENST00000285199,USP43
ENSG00000184544,ENST00000571134,DHRS7C
ENSG00000214978,ENST00000399363,GSG1L2
ENSG00000065325,ENST00000262441,GLP2R
ENSG00000109047,ENST00000226193,RCVRN
ENSG00000007237,ENST00000432992,GAS7
ENSG00000006788,ENST00000252172,MYH13
ENSG00000133020,ENST00000403437,MYH8
ENSG00000264424,ENST00000255381,MYH4
ENSG00000109061,ENST00000226207,MYH1
ENSG00000125414,ENST00000245503,MYH2
ENSG00000109063,ENST00000583535,MYH3
ENSG00000133028,ENST00000255390,SCO1
ENSG00000170222,ENST00000379774,ADPRM
ENSG00000187824,ENST00000341871,TMEM220
ENSG00000263429,ENST00000581851,TMEM238L
ENSG00000233670,ENST00000580256,PIRT
ENSG00000188803,ENST00000441885,SHISA6
ENSG00000007174,ENST00000262442,DNAH9
ENSG00000154957,ENST00000580306,ZNF18
ENSG00000065559,ENST00000353533,MAP2K4
ENSG00000141052,ENST00000425538,MYOCD
ENSG00000006740,ENST00000379672,ARHGAP44
ENSG00000006744,ENST00000338034,ELAC2
ENSG00000153976,ENST00000284110,HS3ST3A1
ENSG00000006695,ENST00000261643,COX10
ENSG00000223510,ENST00000420162,CDRT15
ENSG00000125430,ENST00000360954,HS3ST3B1
ENSG00000109099,ENST00000312280,PMP22
ENSG00000125409,ENST00000395930,TEKT3
ENSG00000239704,ENST00000619038,CDRT4
ENSG00000175106,ENST00000518321,TVP23C
ENSG00000241322,ENST00000395906,FBXW10B
ENSG00000221926,ENST00000649191,TRIM16
ENSG00000187607,ENST00000583566,ZNF286A
ENSG00000214946,ENST00000437605,TBC1D26
ENSG00000170425,ENST00000304222,ADORA2B
ENSG00000214941,ENST00000399277,ZSWIM7
ENSG00000011295,ENST00000261647,TTC19
ENSG00000141027,ENST00000268712,NCOR1
ENSG00000108474,ENST00000225609,PIGL
ENSG00000166582,ENST00000299736,CENPV
ENSG00000170315,ENST00000302182,UBB
ENSG00000187688,ENST00000338560,TRPV2
ENSG00000181350,ENST00000470794,LRRC75A
ENSG00000141040,ENST00000395825,ZNF287
ENSG00000197566,ENST00000311331,ZNF624
ENSG00000170160,ENST00000399273,CCDC144A
ENSG00000240505,ENST00000261652,TNFRSF13B
ENSG00000133030,ENST00000651222,MPRIP
ENSG00000179598,ENST00000321560,PLD6
ENSG00000154803,ENST00000285071,FLCN
ENSG00000141030,ENST00000268717,COPS3
ENSG00000205309,ENST00000389022,NT5M
ENSG00000141026,ENST00000268711,MED9
ENSG00000108551,ENST00000225688,RASD1
ENSG00000133027,ENST00000255389,PEMT
ENSG00000108557,ENST00000353383,RAI1
ENSG00000072310,ENST00000261646,SREBF1
ENSG00000175662,ENST00000379504,TOM1L2
ENSG00000171962,ENST00000399187,DRC3
ENSG00000171953,ENST00000474627,ATPAF2
ENSG00000141034,ENST00000268719,GID4
ENSG00000108591,ENST00000225729,DRG2
ENSG00000091536,ENST00000647165,MYO15A
ENSG00000091542,ENST00000399138,ALKBH5
ENSG00000131899,ENST00000316843,LLGL1
ENSG00000177731,ENST00000327031,FLII
ENSG00000177427,ENST00000323019,MIEF2
ENSG00000177302,ENST00000321105,TOP3A
ENSG00000176994,ENST00000406438,SMCR8
ENSG00000176974,ENST00000316694,SHMT1
ENSG00000214860,ENST00000399134,EVPLL
ENSG00000171916,ENST00000328114,LGALS9C
ENSG00000189375,ENST00000405044,TBC1D28
ENSG00000240445,ENST00000395675,FOXO3B
ENSG00000171931,ENST00000395665,FBXW10
ENSG00000171928,ENST00000307767,TVP23B
ENSG00000141127,ENST00000268835,PRPSAP2
ENSG00000154025,ENST00000395645,SLC5A10
ENSG00000188522,ENST00000388995,FAM83G
ENSG00000154016,ENST00000284154,GRAP
ENSG00000189152,ENST00000344415,GRAPL
ENSG00000072134,ENST00000314728,EPN2
ENSG00000108641,ENST00000261499,B9D1
ENSG00000166484,ENST00000395604,MAPK7
ENSG00000166482,ENST00000299610,MFAP4
ENSG00000128482,ENST00000461366,RNF112
ENSG00000142494,ENST00000270570,SLC47A1
ENSG00000072210,ENST00000176643,ALDH3A2
ENSG00000180638,ENST00000433844,SLC47A2
ENSG00000108602,ENST00000225740,ALDH3A1
ENSG00000083290,ENST00000395544,ULK2
ENSG00000108599,ENST00000225737,AKAP10
ENSG00000128487,ENST00000395527,SPECC1
ENSG00000170298,ENST00000423676,LGALS9B
ENSG00000214819,ENST00000399044,CDRT15L2
ENSG00000124422,ENST00000261497,USP22
ENSG00000109016,ENST00000395511,DHRS7B
ENSG00000178307,ENST00000317635,TMEM11
ENSG00000274180,ENST00000611551,NATD1
ENSG00000034152,ENST00000342679,MAP2K3
ENSG00000184185,ENST00000583088,KCNJ12
ENSG00000260458,ENST00000567955,KCNJ18
ENSG00000109046,ENST00000262394,WSB1
ENSG00000141068,ENST00000644974,KSR1
ENSG00000168961,ENST00000395473,LGALS9
ENSG00000007171,ENST00000313735,NOS2
ENSG00000232859,ENST00000379102,LYRM9
ENSG00000087095,ENST00000407008,NLK
ENSG00000109084,ENST00000226230,TMEM97
ENSG00000109083,ENST00000395418,IFT20
ENSG00000109079,ENST00000226225,TNFAIP1
ENSG00000004142,ENST00000540200,POLDIP2
ENSG00000244045,ENST00000292114,VMA12
ENSG00000274529,ENST00000536498,SEBOX
ENSG00000004139,ENST00000585482,SARM1
ENSG00000109072,ENST00000226218,VTN
ENSG00000076351,ENST00000612814,SLC46A1
ENSG00000167524,ENST00000301037,RSKR
ENSG00000007216,ENST00000314669,SLC13A2
ENSG00000109101,ENST00000579795,FOXN1
ENSG00000109103,ENST00000335765,UNC119
ENSG00000087111,ENST00000308360,PIGS
ENSG00000109107,ENST00000226253,ALDOC
ENSG00000076382,ENST00000321765,SPAG5
ENSG00000007202,ENST00000528896,BLTP2
ENSG00000132581,ENST00000247020,SDF2
ENSG00000109111,ENST00000314616,SUPT6H
ENSG00000167525,ENST00000682792,PROCA1
ENSG00000109113,ENST00000395245,RAB34
ENSG00000198242,ENST00000422514,RPL23A
ENSG00000160606,ENST00000292090,TLCD1
ENSG00000160602,ENST00000268766,NEK8
ENSG00000076604,ENST00000262395,TRAF4
ENSG00000173065,ENST00000581407,FAM222B
ENSG00000132591,ENST00000254928,ERAL1
ENSG00000132589,ENST00000394908,FLOT2
ENSG00000167536,ENST00000378895,DHRS13
ENSG00000109118,ENST00000332830,PHF12
ENSG00000179761,ENST00000323372,PIPOX
ENSG00000063015,ENST00000317338,SEZ6
ENSG00000196535,ENST00000527372,MYO18A
ENSG00000108255,ENST00000225387,CRYBA1
ENSG00000108256,ENST00000225388,NUFIP2
ENSG00000160551,ENST00000261716,TAOK1
ENSG00000168792,ENST00000307201,ABHD15
ENSG00000167543,ENST00000301057,TP53I13
ENSG00000108262,ENST00000225394,GIT1
ENSG00000198720,ENST00000394859,ANKRD13B
ENSG00000167549,ENST00000388767,CORO6
ENSG00000141298,ENST00000540801,SSH2
ENSG00000176927,ENST00000394835,EFCAB5
ENSG00000126653,ENST00000247026,NSRP1
ENSG00000108576,ENST00000650711,SLC6A4
ENSG00000108578,ENST00000261714,BLMH
ENSG00000182271,ENST00000328886,TMIGD1
ENSG00000108582,ENST00000225719,CPD
ENSG00000108587,ENST00000451249,GOSR1
ENSG00000176390,ENST00000324238,CRLF3
ENSG00000176208,ENST00000321990,ATAD5
ENSG00000172171,ENST00000581216,TEFM
ENSG00000184060,ENST00000330889,ADAP2
ENSG00000181481,ENST00000328381,RNF135
ENSG00000196712,ENST00000358273,NF1
ENSG00000126861,ENST00000247271,OMG
ENSG00000185862,ENST00000330927,EVI2B
ENSG00000126860,ENST00000462804,EVI2A
ENSG00000131242,ENST00000621161,RAB11FIP4
ENSG00000172301,ENST00000302362,COPRS
ENSG00000108651,ENST00000261708,UTP6
ENSG00000178691,ENST00000322652,SUZ12
ENSG00000185158,ENST00000543378,LRRC37B
ENSG00000126858,ENST00000545287,RHOT1
ENSG00000141314,ENST00000269051,RHBDL3
ENSG00000108666,ENST00000577809,C17orf75
ENSG00000010244,ENST00000394670,ZNF207
ENSG00000108671,ENST00000261712,PSMD11
ENSG00000176749,ENST00000313401,CDK5R1
ENSG00000176658,ENST00000318217,MYO1D
ENSG00000290320,ENST00000704639,H2BN1
ENSG00000006042,ENST00000579849,TMEM98
ENSG00000141316,ENST00000269053,SPACA3
ENSG00000108684,ENST00000225823,ASIC2
ENSG00000108691,ENST00000225831,CCL2
ENSG00000108688,ENST00000378569,CCL7
ENSG00000172156,ENST00000305869,CCL11
ENSG00000108700,ENST00000394620,CCL8
ENSG00000181374,ENST00000225844,CCL13
ENSG00000108702,ENST00000225842,CCL1
ENSG00000181291,ENST00000631683,TMEM132E
ENSG00000132141,ENST00000314144,CCT6B
ENSG00000198783,ENST00000361952,ZNF830
ENSG00000005156,ENST00000378526,LIG3
ENSG00000092871,ENST00000394597,RFFL
ENSG00000185379,ENST00000345365,RAD51D
ENSG00000073598,ENST00000158009,FNDC8
ENSG00000073536,ENST00000442241,NLE1
ENSG00000141161,ENST00000394570,UNC45B
ENSG00000164729,ENST00000297307,SLC35G3
ENSG00000166750,ENST00000299977,SLFN5
ENSG00000172716,ENST00000685675,SLFN11
ENSG00000172123,ENST00000304905,SLFN12
ENSG00000154760,ENST00000285013,SLFN13
ENSG00000205045,ENST00000628453,SLFN12L
ENSG00000236320,ENST00000674182,SLFN14
ENSG00000108733,ENST00000225873,PEX12
ENSG00000006125,ENST00000610402,AP2B1
ENSG00000270885,ENST00000603017,RASL10B
ENSG00000270765,ENST00000604641,GAS2L2
ENSG00000271447,ENST00000605424,MMP28
ENSG00000270806,ENST00000605587,C17orf50
ENSG00000270647,ENST00000605844,TAF15
ENSG00000270379,ENST00000604834,HEATR9
ENSG00000271503,ENST00000605140,CCL5
ENSG00000278023,ENST00000620284,RDM1
ENSG00000275722,ENST00000615905,LYZL6
ENSG00000275152,ENST00000611905,CCL16
ENSG00000276409,ENST00000618404,CCL14
ENSG00000275718,ENST00000617897,CCL15
ENSG00000274736,ENST00000615050,CCL23
ENSG00000275385,ENST00000616054,CCL18
ENSG00000277632,ENST00000613922,CCL3
ENSG00000275302,ENST00000615863,CCL4
ENSG00000274808,ENST00000611257,TBC1D3B
ENSG00000276085,ENST00000619989,CCL3L3
ENSG00000276070,ENST00000620576,CCL4L2
ENSG00000274933,ENST00000621034,TBC1D3I
ENSG00000260287,ENST00000569055,TBC1D3G
ENSG00000274226,ENST00000610350,TBC1D3H
ENSG00000273611,ENST00000617429,ZNHIT3
ENSG00000278259,ENST00000614623,MYO19
ENSG00000277161,ENST00000614443,PIGW
ENSG00000278311,ENST00000613102,GGNBP2
ENSG00000278535,ENST00000618403,DHRS11
ENSG00000278619,ENST00000614766,MRM1
ENSG00000273706,ENST00000614239,LHX1
ENSG00000275700,ENST00000619387,AATF
ENSG00000278540,ENST00000616317,ACACA
ENSG00000278505,ENST00000615133,C17orf78
ENSG00000276234,ENST00000615182,TADA2A
ENSG00000276023,ENST00000617516,DUSP14
ENSG00000275066,ENST00000612223,SYNRG
ENSG00000278053,ENST00000617633,DDX52
ENSG00000275410,ENST00000617811,HNF1B
ENSG00000273513,ENST00000620247,TBC1D3K
ENSG00000274512,ENST00000612727,TBC1D3L
ENSG00000274419,ENST00000616101,TBC1D3D
ENSG00000278299,ENST00000622206,TBC1D3C
ENSG00000278599,ENST00000621587,TBC1D3E
ENSG00000274611,ENST00000620215,TBC1D3
ENSG00000278845,ENST00000613675,MRPL45
ENSG00000277399,ENST00000616987,GPR179
ENSG00000274211,ENST00000612932,SOCS7
ENSG00000275832,ENST00000622683,ARHGAP23
ENSG00000277363,ENST00000617146,SRCIN1
ENSG00000273604,ENST00000621654,EPOP
ENSG00000275023,ENST00000621332,MLLT6
ENSG00000277972,ENST00000613478,CISD3
ENSG00000277258,ENST00000620225,PCGF2
ENSG00000277791,ENST00000619426,PSMB3
ENSG00000276293,ENST00000619039,PIP4K2B
ENSG00000273559,ENST00000614790,CWC25
ENSG00000275489,ENST00000614158,SPMAP1
ENSG00000125691,ENST00000479035,RPL23
ENSG00000002834,ENST00000318008,LASP1
ENSG00000263874,ENST00000583195,LASP1NB
ENSG00000204952,ENST00000378079,FBXO47
ENSG00000161381,ENST00000315392,PLXDC1
ENSG00000141748,ENST00000269586,ARL5C
ENSG00000067191,ENST00000394303,CACNB1
ENSG00000108298,ENST00000225430,RPL19
ENSG00000141750,ENST00000333461,STAC2
ENSG00000108306,ENST00000264658,FBXL20
ENSG00000125686,ENST00000300651,MED1
ENSG00000167258,ENST00000447079,CDK12
ENSG00000171532,ENST00000302584,NEUROD2
ENSG00000131771,ENST00000254079,PPP1R1B
ENSG00000131748,ENST00000336308,STARD3
ENSG00000173991,ENST00000309889,TCAP
ENSG00000141744,ENST00000269582,PNMT
ENSG00000161395,ENST00000300658,PGAP3
ENSG00000141736,ENST00000269571,ERBB2
ENSG00000141741,ENST00000394231,MIEN1
ENSG00000141738,ENST00000309156,GRB7
ENSG00000161405,ENST00000346872,IKZF3
ENSG00000186075,ENST00000348931,ZPBP2
ENSG00000073605,ENST00000418519,GSDMB
ENSG00000172057,ENST00000304046,ORMDL3
ENSG00000204913,ENST00000377924,LRRC3C
ENSG00000167914,ENST00000301659,GSDMA
ENSG00000108344,ENST00000264639,PSMD3
ENSG00000108342,ENST00000394149,CSF3
ENSG00000008838,ENST00000394128,MED24
ENSG00000126351,ENST00000450525,THRA
ENSG00000126368,ENST00000246672,NR1D1
ENSG00000188895,ENST00000398532,MSL1
ENSG00000108349,ENST00000264645,CASC3
ENSG00000108352,ENST00000620260,RAPGEFL1
ENSG00000171475,ENST00000323571,WIPF2
ENSG00000094804,ENST00000209728,CDC6
ENSG00000131759,ENST00000254066,RARA
ENSG00000183153,ENST00000578689,GJD3
ENSG00000131747,ENST00000423485,TOP2A
ENSG00000141753,ENST00000269593,IGFBP4
ENSG00000131746,ENST00000254051,TNS4
ENSG00000126353,ENST00000246657,CCR7
ENSG00000073584,ENST00000348513,SMARCE1
ENSG00000213424,ENST00000394052,KRT222
ENSG00000167916,ENST00000264651,KRT24
ENSG00000204897,ENST00000312150,KRT25
ENSG00000186393,ENST00000335552,KRT26
ENSG00000171446,ENST00000301656,KRT27
ENSG00000173908,ENST00000306658,KRT28
ENSG00000186395,ENST00000269576,KRT10
ENSG00000187242,ENST00000251643,KRT12
ENSG00000171431,ENST00000167588,KRT20
ENSG00000108244,ENST00000209718,KRT23
ENSG00000196859,ENST00000355612,KRT39
ENSG00000204889,ENST00000377755,KRT40
ENSG00000212899,ENST00000391586,KRTAP3-3
ENSG00000212900,ENST00000391587,KRTAP3-2
ENSG00000212901,ENST00000391588,KRTAP3-1
ENSG00000221852,ENST00000361883,KRTAP1-5
ENSG00000204887,ENST00000377747,KRTAP1-4
ENSG00000221880,ENST00000344363,KRTAP1-3
ENSG00000188581,ENST00000306271,KRTAP1-1
ENSG00000212725,ENST00000391419,KRTAP2-1
ENSG00000214518,ENST00000398477,KRTAP2-2
ENSG00000212724,ENST00000391418,KRTAP2-3
ENSG00000213417,ENST00000394015,KRTAP2-4
ENSG00000240871,ENST00000391417,KRTAP4-7
ENSG00000204880,ENST00000333822,KRTAP4-8
ENSG00000241241,ENST00000440582,KRTAP4-16
ENSG00000212722,ENST00000391415,KRTAP4-9
ENSG00000212721,ENST00000391413,KRTAP4-11
ENSG00000213416,ENST00000394014,KRTAP4-12
ENSG00000198090,ENST00000345847,KRTAP4-6
ENSG00000198271,ENST00000343246,KRTAP4-5
ENSG00000171396,ENST00000390661,KRTAP4-4
ENSG00000196156,ENST00000391356,KRTAP4-3
ENSG00000244537,ENST00000377726,KRTAP4-2
ENSG00000198443,ENST00000398472,KRTAP4-1
ENSG00000240542,ENST00000398470,KRTAP9-1
ENSG00000239886,ENST00000377721,KRTAP9-2
ENSG00000204873,ENST00000411528,KRTAP9-3
ENSG00000187272,ENST00000254072,KRTAP9-8
ENSG00000241595,ENST00000334109,KRTAP9-4
ENSG00000198083,ENST00000394008,KRTAP9-9
ENSG00000212659,ENST00000391355,KRTAP9-6
ENSG00000180386,ENST00000391354,KRTAP9-7
ENSG00000212658,ENST00000391353,KRTAP29-1
ENSG00000212657,ENST00000391352,KRTAP16-1
ENSG00000186860,ENST00000334202,KRTAP17-1
ENSG00000006059,ENST00000007735,KRT33A
ENSG00000131738,ENST00000251646,KRT33B
ENSG00000131737,ENST00000394001,KRT34
ENSG00000094796,ENST00000251645,KRT31
ENSG00000108417,ENST00000225550,KRT37
ENSG00000171360,ENST00000246646,KRT38
ENSG00000108759,ENST00000225899,KRT32
ENSG00000197079,ENST00000246639,KRT35
ENSG00000126337,ENST00000328119,KRT36
ENSG00000171401,ENST00000246635,KRT13
ENSG00000171346,ENST00000254043,KRT15
ENSG00000171345,ENST00000361566,KRT19
ENSG00000171403,ENST00000246662,KRT9
ENSG00000186847,ENST00000167586,KRT14
ENSG00000186832,ENST00000301653,KRT16
ENSG00000128422,ENST00000311208,KRT17
ENSG00000173812,ENST00000469257,EIF1
ENSG00000184502,ENST00000329402,GAST
ENSG00000173805,ENST00000347901,HAP1
ENSG00000173801,ENST00000393931,JUP
ENSG00000141696,ENST00000393928,P3H4
ENSG00000141756,ENST00000321562,FKBP10
ENSG00000141698,ENST00000435506,NT5C3B
ENSG00000161594,ENST00000293303,KLHL10
ENSG00000178502,ENST00000319121,KLHL11
ENSG00000131473,ENST00000352035,ACLY
ENSG00000204815,ENST00000377540,ODAD4
ENSG00000173786,ENST00000393892,CNP
ENSG00000168259,ENST00000457167,DNAJC7
ENSG00000168256,ENST00000393885,NKIRAS2
ENSG00000187595,ENST00000692273,ZNF385C
ENSG00000267221,ENST00000587304,C17orf113
ENSG00000108771,ENST00000251642,DHX58
ENSG00000108773,ENST00000225916,KAT2A
ENSG00000260325,ENST00000565659,HSPB9
ENSG00000108774,ENST00000346213,RAB5C
ENSG00000089558,ENST00000264661,KCNH4
ENSG00000161610,ENST00000293330,HCRT
ENSG00000167925,ENST00000587427,GHDC
ENSG00000173757,ENST00000293328,STAT5B
ENSG00000126561,ENST00000590949,STAT5A
ENSG00000168610,ENST00000264657,STAT3
ENSG00000177469,ENST00000357037,CAVIN1
ENSG00000033627,ENST00000343619,ATP6V0A1
ENSG00000108784,ENST00000225927,NAGLU
ENSG00000108786,ENST00000585807,HSD17B1
ENSG00000068120,ENST00000393818,COASY
ENSG00000108788,ENST00000435881,MLX
ENSG00000131470,ENST00000393795,PSMC3IP
ENSG00000141699,ENST00000309428,RETREG3
ENSG00000131462,ENST00000251413,TUBG1
ENSG00000037042,ENST00000251412,TUBG2
ENSG00000068137,ENST00000591022,PLEKHH3
ENSG00000184451,ENST00000332438,CCR10
ENSG00000108797,ENST00000264638,CNTNAP1
ENSG00000108799,ENST00000428826,EZH1
ENSG00000131477,ENST00000253796,RAMP2
ENSG00000131475,ENST00000253794,VPS25
ENSG00000126562,ENST00000246914,WNK4
ENSG00000183978,ENST00000328434,COA3
ENSG00000176563,ENST00000588408,CNTD1
ENSG00000126581,ENST00000590099,BECN1
ENSG00000131467,ENST00000590720,PSME3
ENSG00000131480,ENST00000253799,AOC2
ENSG00000131471,ENST00000308423,AOC3
ENSG00000131482,ENST00000253801,G6PC1
ENSG00000266967,ENST00000427569,AARSD1
ENSG00000267060,ENST00000591916,PTGES3L
ENSG00000198863,ENST00000361677,RUNDC1
ENSG00000131469,ENST00000253788,RPL27
ENSG00000068079,ENST00000415816,IFI35
ENSG00000108828,ENST00000355653,VAT1
ENSG00000108830,ENST00000587250,RND2
ENSG00000012048,ENST00000357654,BRCA1
ENSG00000188554,ENST00000590996,NBR1
ENSG00000184988,ENST00000612339,TMEM106A
ENSG00000236383,ENST00000636331,CCDC200
ENSG00000175906,ENST00000320033,ARL4D
ENSG00000067596,ENST00000262415,DHX8
ENSG00000175832,ENST00000319349,ETV4
ENSG00000005102,ENST00000318579,MEOX1
ENSG00000167941,ENST00000301691,SOST
ENSG00000108861,ENST00000226004,DUSP3
ENSG00000231256,ENST00000449302,CFAP97D1
ENSG00000161647,ENST00000398389,MPP3
ENSG00000161649,ENST00000317310,CD300LG
ENSG00000108852,ENST00000269095,MPP2
ENSG00000108849,ENST00000225992,PPY
ENSG00000131096,ENST00000692052,PYY
ENSG00000161653,ENST00000293404,NAGS
ENSG00000091947,ENST00000206380,TMEM101
ENSG00000161654,ENST00000293406,LSM12
ENSG00000141349,ENST00000269097,G6PC3
ENSG00000108840,ENST00000682912,HDAC5
ENSG00000125319,ENST00000585683,HROB
ENSG00000161664,ENST00000293414,ASB16
ENSG00000168591,ENST00000538716,TMUB2
ENSG00000087152,ENST00000587097,ATXN7L3
ENSG00000108312,ENST00000436088,UBTF
ENSG00000004939,ENST00000262418,SLC4A1
ENSG00000108309,ENST00000426726,RUNDC3A
ENSG00000013306,ENST00000377095,SLC25A39
ENSG00000030582,ENST00000053867,GRN
ENSG00000161682,ENST00000293443,FAM171A2
ENSG00000005961,ENST00000262407,ITGA2B
ENSG00000186566,ENST00000591680,GPATCH8
ENSG00000180340,ENST00000315323,FZD2
ENSG00000180336,ENST00000409122,MEIOC
ENSG00000180329,ENST00000315286,CCDC43
ENSG00000161692,ENST00000315005,DBF4B
ENSG00000073670,ENST00000200557,ADAM11
ENSG00000182963,ENST00000592524,GJC1
ENSG00000131097,ENST00000253410,HIGD1B
ENSG00000108883,ENST00000426333,EFTUD2
ENSG00000167131,ENST00000417826,DNAAF19
ENSG00000131095,ENST00000588735,GFAP
ENSG00000214447,ENST00000331733,FAM187A
ENSG00000186185,ENST00000593135,KIF18B
ENSG00000136448,ENST00000258960,NMT1
ENSG00000131094,ENST00000253407,C1QL1
ENSG00000172992,ENST00000651974,DCAKD
ENSG00000161714,ENST00000619929,PLCD3
ENSG00000181513,ENST00000321854,ACBD4
ENSG00000186834,ENST00000332499,HEXIM1
ENSG00000168517,ENST00000589230,HEXIM2
ENSG00000184922,ENST00000331495,FMNL1
ENSG00000184361,ENST00000331780,SPATA32
ENSG00000006062,ENST00000344686,MAP3K14
ENSG00000159314,ENST00000685559,ARHGAP27
ENSG00000225190,ENST00000430334,PLEKHM1
ENSG00000120088,ENST00000314537,CRHR1
ENSG00000185294,ENST00000329196,SPPL2C
ENSG00000186868,ENST00000262410,MAPT
ENSG00000256762,ENST00000537309,STH
ENSG00000120071,ENST00000432791,KANSL1
ENSG00000228696,ENST00000450673,ARL17B
ENSG00000176681,ENST00000320254,LRRC37A
ENSG00000185829,ENST00000336125,ARL17A
ENSG00000238083,ENST00000576629,LRRC37A2
ENSG00000073969,ENST00000398238,NSF
ENSG00000108379,ENST00000225512,WNT3
ENSG00000158955,ENST00000290015,WNT9B
ENSG00000108433,ENST00000640051,GOSR2
ENSG00000179673,ENST00000322329,RPRML
ENSG00000004897,ENST00000066544,CDC27
ENSG00000198336,ENST00000393450,MYL4
ENSG00000259207,ENST00000559488,ITGB3
ENSG00000178852,ENST00000331493,EFCAB13
ENSG00000141279,ENST00000322157,NPEPPS
ENSG00000108424,ENST00000290158,KPNB1
ENSG00000198933,ENST00000578982,TBKBP1
ENSG00000073861,ENST00000177694,TBX21
ENSG00000006025,ENST00000007414,OSBPL7
ENSG00000159111,ENST00000351111,MRPL10
ENSG00000141294,ENST00000269025,LRRC46
ENSG00000141295,ENST00000290216,SCRN2
ENSG00000189120,ENST00000536300,SP6
ENSG00000167182,ENST00000376741,SP2
ENSG00000108439,ENST00000642017,PNPO
ENSG00000167183,ENST00000300557,PRR15L
ENSG00000108465,ENST00000338399,CDK5RAP3
ENSG00000005243,ENST00000621465,COPZ2
ENSG00000082641,ENST00000362042,NFE2L1
ENSG00000108468,ENST00000225603,CBX1
ENSG00000002919,ENST00000359238,SNX11
ENSG00000141293,ENST00000336915,SKAP1
ENSG00000120094,ENST00000239174,HOXB1
ENSG00000173917,ENST00000330070,HOXB2
ENSG00000120093,ENST00000498678,HOXB3
ENSG00000182742,ENST00000332503,HOXB4
ENSG00000120075,ENST00000239151,HOXB5
ENSG00000108511,ENST00000225648,HOXB6
ENSG00000260027,ENST00000239165,HOXB7
ENSG00000120068,ENST00000239144,HOXB8
ENSG00000170689,ENST00000311177,HOXB9
ENSG00000159182,ENST00000290294,PRAC1
ENSG00000229637,ENST00000422730,PRAC2
ENSG00000159184,ENST00000290295,HOXB13
ENSG00000170703,ENST00000393382,TTLL6
ENSG00000136436,ENST00000258947,CALCOCO2
ENSG00000159199,ENST00000393366,ATP5MC1
ENSG00000159202,ENST00000360943,UBE2Z
ENSG00000159210,ENST00000502492,SNF8
ENSG00000159224,ENST00000357424,GIP
ENSG00000159217,ENST00000290341,IGF2BP1
ENSG00000167080,ENST00000393354,B4GALNT2
ENSG00000167083,ENST00000507680,GNGT2
ENSG00000108798,ENST00000225941,ABI3
ENSG00000173868,ENST00000310544,PHOSPHO1
ENSG00000198740,ENST00000430262,ZNF652
ENSG00000167085,ENST00000300408,PHB1
ENSG00000064300,ENST00000172229,NGFR
ENSG00000182575,ENST00000328741,NXPH3
ENSG00000121067,ENST00000504102,SPOP
ENSG00000121073,ENST00000240333,SLC35B1
ENSG00000121104,ENST00000240364,FAM117A
ENSG00000136504,ENST00000259021,KAT7
ENSG00000176358,ENST00000436235,TAC4
ENSG00000108813,ENST00000240306,DLX4
ENSG00000064195,ENST00000434704,DLX3
ENSG00000005884,ENST00000320031,ITGA3
ENSG00000005882,ENST00000503176,PDK2
ENSG00000167100,ENST00000330175,SAMD14
ENSG00000108819,ENST00000612501,PPP1R9B
ENSG00000108823,ENST00000262018,SGCA
ENSG00000108821,ENST00000225964,COL1A1
ENSG00000167105,ENST00000507382,TMEM92
ENSG00000015532,ENST00000017003,XYLT2
ENSG00000108826,ENST00000225969,MRPL27
ENSG00000154920,ENST00000338165,EME1
ENSG00000108829,ENST00000225972,LRRC59
ENSG00000167107,ENST00000300441,ACSF2
ENSG00000136457,ENST00000508540,CHAD
ENSG00000136444,ENST00000258955,RSAD1
ENSG00000136449,ENST00000323776,MYCBPAP
ENSG00000049283,ENST00000268933,EPN3
ENSG00000006282,ENST00000006658,SPATA20
ENSG00000006283,ENST00000359106,CACNA1G
ENSG00000108846,ENST00000285238,ABCC3
ENSG00000154945,ENST00000285243,ANKRD40
ENSG00000108848,ENST00000505658,LUC7L3
ENSG00000167117,ENST00000450727,ANKRD40CL
ENSG00000173714,ENST00000311378,WFIKKN2
ENSG00000141232,ENST00000499247,TOB1
ENSG00000008294,ENST00000262013,SPAG9
ENSG00000239672,ENST00000393196,NME1
ENSG00000243678,ENST00000512737,NME2
ENSG00000011258,ENST00000586178,MBTD1
ENSG00000011260,ENST00000225298,UTP18
ENSG00000154975,ENST00000451037,CA10
ENSG00000141200,ENST00000268919,KIF2B
ENSG00000141198,ENST00000575882,TOM1L1
ENSG00000166260,ENST00000299335,COX11
ENSG00000166263,ENST00000376352,STXBP4
ENSG00000108924,ENST00000226067,HLF
ENSG00000108960,ENST00000262065,MMD
ENSG00000261873,ENST00000636752,SMIM36
ENSG00000166292,ENST00000424486,TMEM100
ENSG00000141179,ENST00000268896,PCTP
ENSG00000153930,ENST00000682825,ANKFN1
ENSG00000183691,ENST00000332822,NOG
ENSG00000214226,ENST00000397861,C17orf67
ENSG00000153933,ENST00000284061,DGKE
ENSG00000121060,ENST00000316881,TRIM25
ENSG00000121058,ENST00000240316,COIL
ENSG00000121064,ENST00000262288,SCPEP1
ENSG00000121057,ENST00000337714,AKAP1
ENSG00000153944,ENST00000284073,MSI2
ENSG00000166329,ENST00000299415,CCDC182
ENSG00000181610,ENST00000313608,MRPS23
ENSG00000180891,ENST00000577830,CUEDC1
ENSG00000136451,ENST00000581208,VEZF1
ENSG00000136450,ENST00000258962,SRSF1
ENSG00000264364,ENST00000579991,DYNLL2
ENSG00000141194,ENST00000268912,OR4D1
ENSG00000255713,ENST00000545221,OR4D2
ENSG00000121053,ENST00000225371,EPX
ENSG00000011143,ENST00000393119,MKS1
ENSG00000167419,ENST00000262290,LPO
ENSG00000005381,ENST00000225275,MPO
ENSG00000005379,ENST00000343736,TSPOAP1
ENSG00000213246,ENST00000225504,SUPT4H1
ENSG00000108375,ENST00000407977,RNF43
ENSG00000176160,ENST00000323777,HSF5
ENSG00000108389,ENST00000682306,MTMR4
ENSG00000108387,ENST00000672673,SEPTIN4
ENSG00000121101,ENST00000349033,TEX14
ENSG00000266826,ENST00000583666,IGBP1C
ENSG00000108384,ENST00000337432,RAD51C
ENSG00000175175,ENST00000308249,PPM1E
ENSG00000108395,ENST00000262294,TRIM37
ENSG00000182628,ENST00000330137,SKA2
ENSG00000068489,ENST00000262293,PRR11
ENSG00000167447,ENST00000300917,SMG8
ENSG00000153982,ENST00000284116,GDPD1
ENSG00000175155,ENST00000312655,YPEL2
ENSG00000108406,ENST00000251241,DHX40
ENSG00000141367,ENST00000269122,CLTC
ENSG00000141378,ENST00000393038,PTRH2
ENSG00000062716,ENST00000262291,VMP1
ENSG00000108423,ENST00000325752,TUBD1
ENSG00000108443,ENST00000225577,RPS6KB1
ENSG00000189050,ENST00000305783,RNFT1
ENSG00000068097,ENST00000184956,HEATR6
ENSG00000167434,ENST00000300900,CA4
ENSG00000170832,ENST00000300896,USP32
ENSG00000141371,ENST00000269127,CHCT1
ENSG00000062725,ENST00000083182,APPBP2
ENSG00000170836,ENST00000305921,PPM1D
ENSG00000141376,ENST00000407086,BCAS3
ENSG00000121068,ENST00000240328,TBX2
ENSG00000121075,ENST00000644296,TBX4
ENSG00000253506,ENST00000521764,NACA2
ENSG00000136492,ENST00000259008,BRIP1
ENSG00000108506,ENST00000251334,INTS2
ENSG00000108510,ENST00000397786,MED13
ENSG00000172421,ENST00000305286,EFCAB3
ENSG00000087995,ENST00000311506,METTL2A
ENSG00000146872,ENST00000346027,TLK2
ENSG00000011028,ENST00000303375,MRC2
ENSG00000173838,ENST00000311269,MARCHF10
ENSG00000170921,ENST00000689528,TANC2
ENSG00000008283,ENST00000360793,CYB561
ENSG00000159640,ENST00000290866,ACE
ENSG00000173826,ENST00000314672,KCNH6
ENSG00000136485,ENST00000614556,DCAF7
ENSG00000136463,ENST00000258975,TACO1
ENSG00000198909,ENST00000361733,MAP3K3
ENSG00000266173,ENST00000336174,STRADA
ENSG00000136490,ENST00000259006,LIMD2
ENSG00000108588,ENST00000225726,CCDC47
ENSG00000198231,ENST00000389924,DDX42
ENSG00000108592,ENST00000427159,FTSJ3
ENSG00000087191,ENST00000310144,PSMC5
ENSG00000108604,ENST00000448276,SMARCD2
ENSG00000213218,ENST00000392886,CSH2
ENSG00000136487,ENST00000423893,GH2
ENSG00000136488,ENST00000316193,CSH1
ENSG00000204414,ENST00000309894,CSHL1
ENSG00000259384,ENST00000323322,GH1
ENSG00000007312,ENST00000006750,CD79B
ENSG00000007314,ENST00000435607,SCN4A
ENSG00000224383,ENST00000412177,PRR29
ENSG00000108622,ENST00000579788,ICAM2
ENSG00000178607,ENST00000433197,ERN1
ENSG00000136478,ENST00000584379,TEX2
ENSG00000261371,ENST00000563924,PECAM1
ENSG00000271605,ENST00000619286,MILR1
ENSG00000256525,ENST00000539111,POLG2
ENSG00000108654,ENST00000225792,DDX5
ENSG00000258890,ENST00000556440,CEP95
ENSG00000108854,ENST00000262435,SMURF2
ENSG00000176809,ENST00000584306,LRRC37A3
ENSG00000120063,ENST00000439174,GNA13
ENSG00000108370,ENST00000262406,RGS9
ENSG00000168646,ENST00000307078,AXIN2
ENSG00000154240,ENST00000535342,CEP112
ENSG00000091583,ENST00000205948,APOH
ENSG00000154229,ENST00000413366,PRKCA
ENSG00000075429,ENST00000533854,CACNG5
ENSG00000075461,ENST00000262138,CACNG4
ENSG00000108878,ENST00000226021,CACNG1
ENSG00000198265,ENST00000358691,HELZ
ENSG00000197170,ENST00000356126,PSMD12
ENSG00000154217,ENST00000581322,PITPNC1
ENSG00000130935,ENST00000253247,NOL11
ENSG00000171634,ENST00000306378,BPTF
ENSG00000186665,ENST00000580729,C17orf58
ENSG00000182481,ENST00000330459,KPNA2
ENSG00000196704,ENST00000359904,AMZ2
ENSG00000141337,ENST00000621439,ARSG
ENSG00000108932,ENST00000580666,SLC16A6
ENSG00000070540,ENST00000262139,WIPI1
ENSG00000108946,ENST00000589228,PRKAR1A
ENSG00000108950,ENST00000592554,FAM20A
ENSG00000141338,ENST00000586539,ABCA8
ENSG00000154258,ENST00000340001,ABCA9
ENSG00000154262,ENST00000284425,ABCA6
ENSG00000154263,ENST00000690296,ABCA10
ENSG00000154265,ENST00000392676,ABCA5
ENSG00000108984,ENST00000590474,MAP2K6
ENSG00000153822,ENST00000392671,KCNJ16
ENSG00000123700,ENST00000243457,KCNJ2
ENSG00000125398,ENST00000245479,SOX9
ENSG00000133195,ENST00000255559,SLC39A11
ENSG00000180616,ENST00000357585,SSTR2
ENSG00000166685,ENST00000299886,COG1
ENSG00000133193,ENST00000405159,VCF1
ENSG00000141219,ENST00000535032,MTNAP1
ENSG00000187959,ENST00000344935,CPSF4L
ENSG00000179604,ENST00000335793,CDC42EP4
ENSG00000069188,ENST00000392650,SDK2
ENSG00000172809,ENST00000311111,RPL38
ENSG00000141540,ENST00000269346,TTYH2
ENSG00000171595,ENST00000311014,DNAI2
ENSG00000196169,ENST00000389916,KIF19
ENSG00000204347,ENST00000375366,BTBD17
ENSG00000257008,ENST00000582579,GPR142
ENSG00000170412,ENST00000392627,GPRC5C
ENSG00000167851,ENST00000360141,CD300A
ENSG00000178789,ENST00000392621,CD300LB
ENSG00000167850,ENST00000330793,CD300C
ENSG00000204345,ENST00000375352,CD300LD
ENSG00000186407,ENST00000392619,CD300E
ENSG00000172794,ENST00000392613,RAB37
ENSG00000186074,ENST00000326165,CD300LF
ENSG00000109062,ENST00000262613,NHERF1
ENSG00000109065,ENST00000357814,NAT9
ENSG00000109066,ENST00000335464,TMEM104
ENSG00000161509,ENST00000293190,GRIN2C
ENSG00000161513,ENST00000293195,FDXR
ENSG00000172782,ENST00000612771,FADS6
ENSG00000182040,ENST00000614341,USH1G
ENSG00000183034,ENST00000331427,OTOP2
ENSG00000182938,ENST00000328801,OTOP3
ENSG00000167861,ENST00000425042,HID1
ENSG00000109089,ENST00000337231,CDR2L
ENSG00000167862,ENST00000301585,MRPL58
ENSG00000180901,ENST00000322444,KCTD2
ENSG00000167863,ENST00000301587,ATP5PD
ENSG00000170190,ENST00000329783,SLC16A5
ENSG00000125449,ENST00000245543,ARMC7
ENSG00000125458,ENST00000245552,NT5C
ENSG00000189159,ENST00000409753,JPT1
ENSG00000188612,ENST00000420826,SUMO2
ENSG00000125450,ENST00000245544,NUP85
ENSG00000125447,ENST00000537686,GGA3
ENSG00000125445,ENST00000245539,MRPS7
ENSG00000125457,ENST00000325102,MIF4GD
ENSG00000125454,ENST00000416858,SLC25A19
ENSG00000177885,ENST00000316804,GRB2
ENSG00000177728,ENST00000314256,TMEM94
ENSG00000177303,ENST00000321617,CASKIN2
ENSG00000182173,ENST00000333213,TSEN54
ENSG00000073350,ENST00000392550,LLGL2
ENSG00000266714,ENST00000645453,MYO15B
ENSG00000108469,ENST00000317905,RECQL5
ENSG00000204323,ENST00000375215,SMIM5
ENSG00000259120,ENST00000579469,ERLN
ENSG00000161526,ENST00000584667,SAP30BP
ENSG00000132470,ENST00000200181,ITGB4
ENSG00000108479,ENST00000588479,GALK1
ENSG00000132475,ENST00000254810,H3-3B
ENSG00000132478,ENST00000589666,UNK
ENSG00000092929,ENST00000207549,UNC13D
ENSG00000132471,ENST00000254806,WBP2
ENSG00000132481,ENST00000254816,TRIM47
ENSG00000141569,ENST00000269383,TRIM65
ENSG00000204316,ENST00000309352,MRPL38
ENSG00000188878,ENST00000636174,FBF1
ENSG00000161533,ENST00000293217,ACOX1
ENSG00000257949,ENST00000397640,TEN1
ENSG00000250506,ENST00000448471,CDK3
ENSG00000167880,ENST00000301607,EVPL
ENSG00000167881,ENST00000307877,SRP68
ENSG00000186919,ENST00000334586,ZACN
ENSG00000182687,ENST00000329003,GALR2
ENSG00000182473,ENST00000589210,EXOC7
ENSG00000129654,ENST00000322957,FOXJ1
ENSG00000141576,ENST00000269391,RNF157
ENSG00000185262,ENST00000327490,UBALD2
ENSG00000129646,ENST00000680821,QRICH2
ENSG00000161542,ENST00000446526,PRPSAP1
ENSG00000176170,ENST00000592299,SPHK1
ENSG00000175931,ENST00000319380,UBE2O
ENSG00000129673,ENST00000392492,AANAT
ENSG00000129667,ENST00000675367,RHBDF2
ENSG00000161544,ENST00000293230,CYGB
ENSG00000214140,ENST00000592014,PRCD
ENSG00000284526,ENST00000713548,ENSG00000284526
ENSG00000070731,ENST00000225276,ST6GALNAC2
ENSG00000070526,ENST00000156626,ST6GALNAC1
ENSG00000182534,ENST00000449428,MXRA7
ENSG00000070495,ENST00000397625,JMJD6
ENSG00000181038,ENST00000341249,METTL23
ENSG00000161547,ENST00000359995,SRSF2
ENSG00000092931,ENST00000685175,MFSD11
ENSG00000167889,ENST00000569840,MGAT5B
ENSG00000129657,ENST00000436233,SEC14L1
ENSG00000184640,ENST00000427177,SEPTIN9
ENSG00000078687,ENST00000696270,TNRC6C
ENSG00000141524,ENST00000590602,TMC6
ENSG00000167895,ENST00000318430,TMC8
ENSG00000187997,ENST00000340363,C17orf99
ENSG00000108639,ENST00000225777,SYNGR2
ENSG00000167900,ENST00000301634,TK1
ENSG00000183077,ENST00000409257,AFMID
ENSG00000089685,ENST00000350051,BIRC5
ENSG00000204278,ENST00000421688,TMEM235
ENSG00000184557,ENST00000330871,SOCS3
ENSG00000087157,ENST00000262764,PGS1
ENSG00000187775,ENST00000389840,DNAH17
ENSG00000108669,ENST00000446868,CYTH1
ENSG00000055483,ENST00000449938,USP36
ENSG00000035862,ENST00000262768,TIMP2
ENSG00000178404,ENST00000322630,CEP295NL
ENSG00000108679,ENST00000262776,LGALS3BP
ENSG00000171302,ENST00000392446,CANT1
ENSG00000173918,ENST00000579760,C1QTNF1
ENSG00000167280,ENST00000579016,ENGASE
ENSG00000167281,ENST00000693108,RBFOX3
ENSG00000182156,ENST00000328313,ENPP7
ENSG00000173894,ENST00000310942,CBX2
ENSG00000141570,ENST00000269385,CBX8
ENSG00000141582,ENST00000269397,CBX4
ENSG00000167291,ENST00000310924,TBC1D16
ENSG00000141519,ENST00000397545,CCDC40
ENSG00000171298,ENST00000302262,GAA
ENSG00000141543,ENST00000649764,EIF4A3
ENSG00000141527,ENST00000648509,CARD14
ENSG00000181523,ENST00000326317,SGSH
ENSG00000181045,ENST00000361193,SLC26A11
ENSG00000173821,ENST00000582970,RNF213
ENSG00000173818,ENST00000518137,ENDOV
ENSG00000171246,ENST00000306773,NPTX1
ENSG00000141564,ENST00000306801,RPTOR
ENSG00000176108,ENST00000325167,CHMP6
ENSG00000175866,ENST00000428708,BAIAP2
ENSG00000181409,ENST00000326724,AATK
ENSG00000225180,ENST00000637878,PVALEF
ENSG00000141577,ENST00000450824,CEP131
ENSG00000167302,ENST00000637944,TEPSIN
ENSG00000224877,ENST00000431388,NDUFAF8
ENSG00000157637,ENST00000374759,SLC38A10
ENSG00000266074,ENST00000675386,BAHCC1
ENSG00000184009,ENST00000573283,ACTG1
ENSG00000186765,ENST00000417245,FSCN2
ENSG00000185504,ENST00000327787,FAAP100
ENSG00000182446,ENST00000331134,NPLOC4
ENSG00000182612,ENST00000611590,TSPAN10
ENSG00000185527,ENST00000331056,PDE6G
ENSG00000204237,ENST00000374741,OXLD1
ENSG00000185298,ENST00000329214,CCDC137
ENSG00000214087,ENST00000622299,ARL16
ENSG00000185359,ENST00000329138,HGS
ENSG00000262814,ENST00000333676,MRPL12
ENSG00000183048,ENST00000350690,SLC25A10
ENSG00000215644,ENST00000400723,GCGR
ENSG00000225663,ENST00000455127,MCRIP1
ENSG00000182676,ENST00000330261,PPP1R27
ENSG00000185624,ENST00000331483,P4HB
ENSG00000141522,ENST00000269321,ARHGDIA
ENSG00000183684,ENST00000505490,ALYREF
ENSG00000141552,ENST00000344877,ANAPC11
ENSG00000183979,ENST00000333383,NPB
ENSG00000185813,ENST00000538936,PCYT2
ENSG00000187531,ENST00000328666,SIRT7
ENSG00000197063,ENST00000357736,MAFG
ENSG00000183010,ENST00000329875,PYCR1
ENSG00000185105,ENST00000409745,MYADML2
ENSG00000185269,ENST00000409678,NOTUM
ENSG00000169696,ENST00000306739,ASPSCR1
ENSG00000169689,ENST00000392359,CENPX
ENSG00000169683,ENST00000306688,LRRC45
ENSG00000169750,ENST00000306897,RAC3
ENSG00000169738,ENST00000306869,DCXR
ENSG00000169733,ENST00000310496,RFNG
ENSG00000169727,ENST00000578552,GPS1
ENSG00000169718,ENST00000306796,DUS1L
ENSG00000169710,ENST00000306749,FASN
ENSG00000176155,ENST00000694881,CCDC57
ENSG00000141526,ENST00000582743,SLC16A3
ENSG00000141551,ENST00000314028,CSNK1D
ENSG00000173762,ENST00000312648,CD7
ENSG00000141574,ENST00000269389,SECTM1
ENSG00000182459,ENST00000333437,TEX19
ENSG00000181408,ENST00000313135,UTS2R
ENSG00000181396,ENST00000313056,OGFOD3
ENSG00000169660,ENST00000327949,HEXD
ENSG00000178927,ENST00000306645,CYBC1
ENSG00000141562,ENST00000309794,NARF
ENSG00000141568,ENST00000335255,FOXK2
ENSG00000141580,ENST00000392325,WDR45B
ENSG00000141542,ENST00000571995,RAB40B
ENSG00000141560,ENST00000269373,FN3KRP
ENSG00000167363,ENST00000300784,FN3K
ENSG00000141556,ENST00000355528,TBCD
ENSG00000141579,ENST00000269394,ZNF750
ENSG00000175711,ENST00000320865,B3GNTL1
ENSG00000176845,ENST00000320095,METRNL
ENSG00000173213,ENST00000308911,TUBB8B
ENSG00000101557,ENST00000261601,USP14
ENSG00000079134,ENST00000261600,THOC1
ENSG00000158270,ENST00000400256,COLEC12
ENSG00000177143,ENST00000327228,CETN1
ENSG00000079101,ENST00000692774,CLUL1
ENSG00000176890,ENST00000323274,TYMS
ENSG00000132199,ENST00000647584,ENOSF1
ENSG00000176105,ENST00000314574,YES1
ENSG00000141433,ENST00000450565,ADCYAP1
ENSG00000101574,ENST00000574538,METTL4
ENSG00000080986,ENST00000261597,NDC80
ENSG00000101596,ENST00000320876,SMCHD1
ENSG00000132205,ENST00000254528,EMILIN2
ENSG00000101577,ENST00000677752,LPIN2
ENSG00000101605,ENST00000356443,MYOM1
ENSG00000101608,ENST00000217652,MYL12A
ENSG00000118680,ENST00000237500,MYL12B
ENSG00000177426,ENST00000343820,TGIF1
ENSG00000170579,ENST00000315677,DLGAP1
ENSG00000231824,ENST00000434239,AKAIN1
ENSG00000198081,ENST00000651870,ZBTB14
ENSG00000082397,ENST00000341928,EPB41L3
ENSG00000206432,ENST00000383490,TMEM200C
ENSG00000154655,ENST00000317931,L3MBTL4
ENSG00000088756,ENST00000383472,ARHGAP28
ENSG00000101680,ENST00000389658,LAMA1
ENSG00000206422,ENST00000383467,LRRC30
ENSG00000173482,ENST00000580170,PTPRM
ENSG00000206418,ENST00000649141,RAB12
ENSG00000168502,ENST00000695636,MTCL1
ENSG00000178127,ENST00000318388,NDUFV2
ENSG00000101745,ENST00000262126,ANKRD12
ENSG00000128791,ENST00000262120,TWSG1
ENSG00000017797,ENST00000383432,RALBP1
ENSG00000154845,ENST00000400556,PPP4R1
ENSG00000168461,ENST00000578921,RAB31
ENSG00000168454,ENST00000357775,TXNDC2
ENSG00000101558,ENST00000400000,VAPA
ENSG00000154856,ENST00000355285,APCDD1
ENSG00000134265,ENST00000322897,NAPG
ENSG00000154864,ENST00000674853,PIEZO2
ENSG00000236396,ENST00000588001,SLC35G4
ENSG00000141404,ENST00000334049,GNAL
ENSG00000255112,ENST00000526991,CHMP1B
ENSG00000154889,ENST00000588072,MPPE1
ENSG00000141401,ENST00000269159,IMPA2
ENSG00000181626,ENST00000587848,ANKRD62
ENSG00000176194,ENST00000320477,CIDEA
ENSG00000176014,ENST00000317702,TUBB6
ENSG00000141385,ENST00000269143,AFG3L2
ENSG00000141391,ENST00000440960,PRELID3A
ENSG00000134278,ENST00000409402,SPIRE1
ENSG00000128789,ENST00000317615,PSMG2
ENSG00000101624,ENST00000262127,CEP76
ENSG00000175354,ENST00000309660,PTPN2
ENSG00000085415,ENST00000399892,SEH1L
ENSG00000101639,ENST00000506447,CEP192
ENSG00000168675,ENST00000359446,LDLRAD4
ENSG00000177150,ENST00000651643,FAM210A
ENSG00000101654,ENST00000383314,RNMT
ENSG00000176136,ENST00000589410,MC5R
ENSG00000185231,ENST00000327606,MC2R
ENSG00000175322,ENST00000590202,ZNF519
ENSG00000183206,ENST00000358970,POTEC
ENSG00000180777,ENST00000690538,ANKRD30B
ENSG00000067900,ENST00000399799,ROCK1
ENSG00000141449,ENST00000424526,GREB1L
ENSG00000141446,ENST00000269214,ESCO1
ENSG00000167088,ENST00000300413,SNRPD1
ENSG00000158201,ENST00000289119,ABHD3
ENSG00000101752,ENST00000261537,MIB1
ENSG00000141448,ENST00000269216,GATA6
ENSG00000212710,ENST00000391403,CTAGE1
ENSG00000101773,ENST00000327155,RBBP8
ENSG00000134508,ENST00000256925,CABLES1
ENSG00000134490,ENST00000383233,TMEM241
ENSG00000101782,ENST00000339486,RIOK3
ENSG00000141452,ENST00000269221,RMC1
ENSG00000141458,ENST00000269228,NPC1
ENSG00000154065,ENST00000592179,ANKRD29
ENSG00000053747,ENST00000313654,LAMA3
ENSG00000168234,ENST00000317571,TTC39C
ENSG00000154040,ENST00000399496,CABYR
ENSG00000141447,ENST00000319481,OSBPL1A
ENSG00000154059,ENST00000284202,IMPACT
ENSG00000134489,ENST00000256906,HRH4
ENSG00000198795,ENST00000361524,ZNF521
ENSG00000141380,ENST00000415083,SS18
ENSG00000154611,ENST00000415576,PSMA8
ENSG00000141384,ENST00000269142,TAF4B
ENSG00000134504,ENST00000580059,KCTD1
ENSG00000171885,ENST00000383168,AQP4
ENSG00000154080,ENST00000618847,CHST9
ENSG00000170558,ENST00000269141,CDH2
ENSG00000134762,ENST00000360428,DSC3
ENSG00000134755,ENST00000280904,DSC2
ENSG00000134765,ENST00000257198,DSC1
ENSG00000134760,ENST00000257192,DSG1
ENSG00000175065,ENST00000308128,DSG4
ENSG00000134757,ENST00000257189,DSG3
ENSG00000046604,ENST00000261590,DSG2
ENSG00000118271,ENST00000237014,TTR
ENSG00000118276,ENST00000306851,B4GALT6
ENSG00000141437,ENST00000269205,SLC25A52
ENSG00000153339,ENST00000283351,TRAPPC8
ENSG00000101695,ENST00000217740,RNF125
ENSG00000134758,ENST00000261593,RNF138
ENSG00000141441,ENST00000269209,GAREM1
ENSG00000141434,ENST00000269202,MEP1B
ENSG00000197705,ENST00000359358,KLHL14
ENSG00000166960,ENST00000383096,CCDC178
ENSG00000141431,ENST00000269197,ASXL3
ENSG00000101746,ENST00000261592,NOL4
ENSG00000134769,ENST00000444659,DTNA
ENSG00000166974,ENST00000300249,MAPRE2
ENSG00000186812,ENST00000330501,ZNF397
ENSG00000186814,ENST00000333206,ZSCAN30
ENSG00000172466,ENST00000261332,ZNF24
ENSG00000186496,ENST00000589332,ZNF396
ENSG00000153391,ENST00000334598,INO80C
ENSG00000141429,ENST00000269195,GALNT1
ENSG00000141428,ENST00000592875,C18orf21
ENSG00000141425,ENST00000399022,RPRD1A
ENSG00000141424,ENST00000269187,SLC39A6
ENSG00000134759,ENST00000358232,ELP2
ENSG00000075643,ENST00000261326,MOCOS
ENSG00000134775,ENST00000590592,FHOD3
ENSG00000134779,ENST00000334295,TPGS2
ENSG00000150477,ENST00000280020,KIAA1328
ENSG00000101489,ENST00000420428,CELF4
ENSG00000078142,ENST00000262039,PIK3C3
ENSG00000152214,ENST00000326695,RIT2
ENSG00000132872,ENST00000255224,SYT4
ENSG00000152217,ENST00000649279,SETBP1
ENSG00000132874,ENST00000255226,SLC14A2
ENSG00000141469,ENST00000321925,SLC14A1
ENSG00000152223,ENST00000282041,EPG5
ENSG00000197046,ENST00000389474,SIGLEC15
ENSG00000152229,ENST00000409746,PSTPIP2
ENSG00000152234,ENST00000398752,ATP5F1A
ENSG00000152240,ENST00000282058,HAUS1
ENSG00000152242,ENST00000615052,ARK2N
ENSG00000141622,ENST00000269439,ARK2C
ENSG00000167210,ENST00000642948,LOXHD1
ENSG00000101638,ENST00000315087,ST8SIA5
ENSG00000078043,ENST00000585916,PIAS2
ENSG00000167216,ENST00000683218,KATNAL2
ENSG00000206181,ENST00000332567,ELOA2
ENSG00000167220,ENST00000300605,HDHD2
ENSG00000134049,ENST00000256433,IER3IP1
ENSG00000215474,ENST00000425639,SKOR2
ENSG00000175387,ENST00000262160,SMAD2
ENSG00000184828,ENST00000590800,ZBTB7C
ENSG00000134030,ENST00000256413,CTIF
ENSG00000101665,ENST00000262158,SMAD7
ENSG00000141627,ENST00000675505,DYM
ENSG00000177576,ENST00000318240,C18orf32
ENSG00000265681,ENST00000580261,RPL17
ENSG00000101670,ENST00000261292,LIPG
ENSG00000167315,ENST00000285093,ACAA2
ENSG00000167306,ENST00000285039,MYO5B
ENSG00000172361,ENST00000398545,CFAP53
ENSG00000141644,ENST00000269468,MBD1
ENSG00000154832,ENST00000285106,CXXC1
ENSG00000154839,ENST00000285116,SKA1
ENSG00000141639,ENST00000400384,MAPK4
ENSG00000134042,ENST00000398439,MRO
ENSG00000082212,ENST00000321341,ME2
ENSG00000141642,ENST00000269466,ELAC1
ENSG00000141646,ENST00000342988,SMAD4
ENSG00000176624,ENST00000406189,MEX3C
ENSG00000187323,ENST00000442544,DCC
ENSG00000134046,ENST00000256429,MBD2
ENSG00000101751,ENST00000579534,POLI
ENSG00000174448,ENST00000307844,STARD6
ENSG00000166845,ENST00000620105,C18orf54
ENSG00000178690,ENST00000648945,DYNAP
ENSG00000041353,ENST00000262094,RAB27B
ENSG00000166510,ENST00000591504,CCDC68
ENSG00000196628,ENST00000354452,TCF4
ENSG00000091164,ENST00000217515,TXNL1
ENSG00000091157,ENST00000254442,WDR7
ENSG00000228075,ENST00000585477,BOD1L2
ENSG00000177511,ENST00000324000,ST8SIA3
ENSG00000119547,ENST00000491143,ONECUT2
ENSG00000066926,ENST00000262093,FECH
ENSG00000134440,ENST00000256854,NARS1
ENSG00000081923,ENST00000648908,ATP8B1
ENSG00000049759,ENST00000400345,NEDD4L
ENSG00000198796,ENST00000361673,ALPK2
ENSG00000172175,ENST00000649217,MALT1
ENSG00000074657,ENST00000591808,ZNF532
ENSG00000166562,ENST00000587834,SEC11C
ENSG00000134443,ENST00000256857,GRP
ENSG00000134438,ENST00000334889,RAX
ENSG00000166569,ENST00000299721,CPLX4
ENSG00000074695,ENST00000251047,LMAN1
ENSG00000183287,ENST00000439986,CCBE1
ENSG00000141682,ENST00000316660,PMAIP1
ENSG00000166603,ENST00000299766,MC4R
ENSG00000101542,ENST00000262717,CDH20
ENSG00000176641,ENST00000312828,RNF152
ENSG00000197563,ENST00000640252,PIGN
ENSG00000134444,ENST00000644646,RELCH
ENSG00000141655,ENST00000586569,TNFRSF11A
ENSG00000141664,ENST00000269499,ZCCHC2
ENSG00000081913,ENST00000262719,PHLPP1
ENSG00000171791,ENST00000333681,BCL2
ENSG00000119537,ENST00000645214,KDSR
ENSG00000119541,ENST00000238497,VPS4B
ENSG00000206075,ENST00000382771,SERPINB5
ENSG00000166634,ENST00000382768,SERPINB12
ENSG00000197641,ENST00000344731,SERPINB13
ENSG00000206073,ENST00000341074,SERPINB4
ENSG00000206072,ENST00000544088,SERPINB11
ENSG00000057149,ENST00000283752,SERPINB3
ENSG00000166396,ENST00000398019,SERPINB7
ENSG00000197632,ENST00000299502,SERPINB2
ENSG00000242550,ENST00000238508,SERPINB10
ENSG00000221887,ENST00000408945,HMSD
ENSG00000166401,ENST00000397985,SERPINB8
ENSG00000179676,ENST00000669361,LINC00305
ENSG00000081138,ENST00000397968,CDH7
ENSG00000071991,ENST00000262150,CDH19
ENSG00000171451,ENST00000310045,DSEL
ENSG00000166479,ENST00000299608,TMX3
ENSG00000150636,ENST00000360242,CCDC102B
ENSG00000206052,ENST00000382713,DOK6
ENSG00000150637,ENST00000582621,CD226
ENSG00000176225,ENST00000640769,RTTN
ENSG00000170677,ENST00000397942,SOCS6
ENSG00000141668,ENST00000269503,CBLN2
ENSG00000166342,ENST00000327305,NETO1
ENSG00000141665,ENST00000419743,FBXO15
ENSG00000075336,ENST00000169551,TIMM21
ENSG00000166347,ENST00000340533,CYB5A
ENSG00000206043,ENST00000579455,C18orf63
ENSG00000187773,ENST00000343998,DIPK1C
ENSG00000133313,ENST00000324262,CNDP2
ENSG00000150656,ENST00000358821,CNDP1
ENSG00000215421,ENST00000299687,ZNF407
ENSG00000180011,ENST00000322342,PTGR3
ENSG00000179981,ENST00000580243,TSHZ1
ENSG00000206026,ENST00000579022,SMIM21
ENSG00000101493,ENST00000443185,ZNF516
ENSG00000130856,ENST00000320610,ZNF236
ENSG00000197971,ENST00000355994,MBP
ENSG00000166573,ENST00000299727,GALR1
ENSG00000256463,ENST00000537592,SALL3
ENSG00000166377,ENST00000426216,ATP9B
ENSG00000131196,ENST00000427363,NFATC1
ENSG00000060069,ENST00000613122,CTDP1
ENSG00000178342,ENST00000316249,KCNG2
ENSG00000122490,ENST00000397778,SLC66A2
ENSG00000226742,ENST00000451882,HSBP1L1
ENSG00000141759,ENST00000269601,TXNL4A
ENSG00000101546,ENST00000306735,RBFA
ENSG00000101544,ENST00000262198,ADNP2
ENSG00000178184,ENST00000353265,PARD6G
ENSG00000176695,ENST00000585993,OR4F17
ENSG00000141934,ENST00000434325,PLPP2
ENSG00000105556,ENST00000264819,MIER2
ENSG00000105549,ENST00000342640,SPMAP2
ENSG00000183186,ENST00000332235,C2CD4C
ENSG00000129946,ENST00000264554,SHC2
ENSG00000181781,ENST00000315489,CIMAP1D
ENSG00000099866,ENST00000215637,MADCAM1
ENSG00000141933,ENST00000359315,TPGS1
ENSG00000099804,ENST00000215574,CDC34
ENSG00000197540,ENST00000264553,GZMM
ENSG00000172270,ENST00000333511,BSG
ENSG00000099822,ENST00000251287,HCN2
ENSG00000099821,ENST00000588649,POLRMT
ENSG00000070388,ENST00000215530,FGF22
ENSG00000070423,ENST00000292363,RNF126
ENSG00000070404,ENST00000166139,FSTL3
ENSG00000185198,ENST00000329267,PRSS57
ENSG00000099864,ENST00000338448,PALM
ENSG00000099812,ENST00000215582,MISP
ENSG00000011304,ENST00000356948,PTBP1
ENSG00000129951,ENST00000520876,PLPPR3
ENSG00000172232,ENST00000233997,AZU1
ENSG00000196415,ENST00000234347,PRTN3
ENSG00000197561,ENST00000263621,ELANE
ENSG00000197766,ENST00000327726,CFD
ENSG00000175221,ENST00000325464,MED16
ENSG00000198858,ENST00000361574,R3HDM4
ENSG00000116014,ENST00000234371,KISS1R
ENSG00000116017,ENST00000263620,ARID3A
ENSG00000065268,ENST00000585809,WDR18
ENSG00000116032,ENST00000234389,GRIN3B
ENSG00000182087,ENST00000356663,TMEM259
ENSG00000064666,ENST00000263097,CNN2
ENSG00000064687,ENST00000263094,ABCA7
ENSG00000180448,ENST00000313093,ARHGAP45
ENSG00000099817,ENST00000615234,POLR2E
ENSG00000167468,ENST00000354171,GPX4
ENSG00000064932,ENST00000361757,SBNO2
ENSG00000118046,ENST00000326873,STK11
ENSG00000099625,ENST00000650044,CBARP
ENSG00000099624,ENST00000215375,ATP5F1D
ENSG00000167470,ENST00000682408,MIDN
ENSG00000099622,ENST00000587896,CIRBP
ENSG00000310576,ENST00000409293,FAM174C
ENSG00000099617,ENST00000215368,EFNA2
ENSG00000160953,ENST00000591337,PWWP3A
ENSG00000115286,ENST00000233627,NDUFS7
ENSG00000130005,ENST00000252288,GAMT
ENSG00000071626,ENST00000233078,DAZAP1
ENSG00000115268,ENST00000592588,RPS15
ENSG00000115266,ENST00000590469,APC2
ENSG00000119559,ENST00000585675,C19orf25
ENSG00000115257,ENST00000300954,PCSK4
ENSG00000115255,ENST00000233596,REEP6
ENSG00000185761,ENST00000330475,ADAMTSL5
ENSG00000185988,ENST00000454744,PLK5
ENSG00000181588,ENST00000402693,MEX3D
ENSG00000071655,ENST00000434436,MBD3
ENSG00000127540,ENST00000591899,UQCR11
ENSG00000071564,ENST00000262965,TCF3
ENSG00000205922,ENST00000382349,ONECUT3
ENSG00000130270,ENST00000310127,ATP8B3
ENSG00000079313,ENST00000170168,REXO1
ENSG00000129911,ENST00000250916,KLF16
ENSG00000129968,ENST00000292577,ABHD17A
ENSG00000227500,ENST00000316097,SCAMP4
ENSG00000213638,ENST00000329478,ADAT3
ENSG00000133275,ENST00000255641,CSNK1G2
ENSG00000133243,ENST00000255608,BTBD2
ENSG00000099875,ENST00000250896,MKNK2
ENSG00000172081,ENST00000357066,MOB3A
ENSG00000099840,ENST00000395301,IZUMO4
ENSG00000065000,ENST00000643116,AP3D1
ENSG00000104885,ENST00000398665,DOT1L
ENSG00000104886,ENST00000326631,PLEKHJ1
ENSG00000104897,ENST00000221494,SF3A2
ENSG00000104899,ENST00000221496,AMH
ENSG00000167476,ENST00000300961,JSRP1
ENSG00000188305,ENST00000342063,PEAK3
ENSG00000220008,ENST00000698372,LINGO3
ENSG00000130332,ENST00000252622,LSM7
ENSG00000005206,ENST00000613503,SPPL2B
ENSG00000178297,ENST00000696167,TMPRSS9
ENSG00000099800,ENST00000215570,TIMM13
ENSG00000176619,ENST00000325327,LMNB2
ENSG00000099860,ENST00000215631,GADD45B
ENSG00000176533,ENST00000382159,GNG7
ENSG00000176490,ENST00000323469,DIRAS1
ENSG00000141873,ENST00000269740,SLC39A3
ENSG00000104969,ENST00000221566,SGTA
ENSG00000172009,ENST00000307741,THOP1
ENSG00000172006,ENST00000317243,ZNF554
ENSG00000186300,ENST00000334241,ZNF555
ENSG00000172000,ENST00000307635,ZNF556
ENSG00000171970,ENST00000306908,ZNF57
ENSG00000175691,ENST00000314531,ZNF77
ENSG00000104953,ENST00000246112,TLE6
ENSG00000065717,ENST00000262953,TLE2
ENSG00000104964,ENST00000327141,TLE5
ENSG00000088256,ENST00000078429,GNA11
ENSG00000060558,ENST00000262958,GNA15
ENSG00000125910,ENST00000246115,S1PR4
ENSG00000125912,ENST00000246117,NCLN
ENSG00000161082,ENST00000292672,CELF5
ENSG00000141905,ENST00000443272,NFIC
ENSG00000095932,ENST00000215531,SMIM24
ENSG00000284638,ENST00000641816,SMIM44
ENSG00000129932,ENST00000427575,DOHH
ENSG00000105325,ENST00000441788,FZR1
ENSG00000161091,ENST00000355415,MFSD12
ENSG00000183397,ENST00000329493,TEKTIP1
ENSG00000064961,ENST00000333651,HMG20B
ENSG00000179855,ENST00000644452,GIPC3
ENSG00000006638,ENST00000375190,TBXA2R
ENSG00000105298,ENST00000429344,CACTIN
ENSG00000186111,ENST00000335312,PIP5K1C
ENSG00000105289,ENST00000541714,TJP3
ENSG00000011132,ENST00000316757,APBA3
ENSG00000183617,ENST00000330133,MRPL54
ENSG00000173976,ENST00000555633,RAX2
ENSG00000007264,ENST00000310132,MATK
ENSG00000105278,ENST00000262961,ZFR2
ENSG00000167654,ENST00000450849,ATCAY
ENSG00000077009,ENST00000168977,NMRK2
ENSG00000167657,ENST00000545797,DAPK3
ENSG00000167658,ENST00000309311,EEF2
ENSG00000105229,ENST00000262971,PIAS4
ENSG00000178951,ENST00000322357,ZBTB7A
ENSG00000126934,ENST00000262948,MAP2K2
ENSG00000060566,ENST00000078445,CREB3L3
ENSG00000077463,ENST00000337491,SIRT6
ENSG00000089847,ENST00000318934,ANKRD24
ENSG00000105246,ENST00000221847,EBI3
ENSG00000105248,ENST00000262962,YJU2
ENSG00000105251,ENST00000543264,SHD
ENSG00000167664,ENST00000595645,TMIGD2
ENSG00000105255,ENST00000221856,FSD1
ENSG00000178078,ENST00000594605,STAP2
ENSG00000008382,ENST00000599840,MPND
ENSG00000141985,ENST00000269886,SH3GL1
ENSG00000167670,ENST00000301280,CHAF1A
ENSG00000167671,ENST00000301281,UBXN6
ENSG00000167674,ENST00000616600,HDGFL2
ENSG00000167676,ENST00000301286,PLIN4
ENSG00000214456,ENST00000381848,PLIN5
ENSG00000171236,ENST00000306390,LRG1
ENSG00000167680,ENST00000586582,SEMA6B
ENSG00000185361,ENST00000327473,TNFAIP8L1
ENSG00000074842,ENST00000262947,MYDGF
ENSG00000142002,ENST00000262960,DPP9
ENSG00000141965,ENST00000269856,FEM1A
ENSG00000127666,ENST00000248244,TICAM1
ENSG00000105355,ENST00000221957,PLIN3
ENSG00000205784,ENST00000650722,ARRDC5
ENSG00000276043,ENST00000650932,UHRF1
ENSG00000127663,ENST00000159111,KDM4B
ENSG00000105426,ENST00000262963,PTPRS
ENSG00000105428,ENST00000222033,ZNRF4
ENSG00000223573,ENST00000448587,TINCR
ENSG00000130254,ENST00000252542,SAFB2
ENSG00000160633,ENST00000588852,SAFB
ENSG00000130255,ENST00000347512,RPL36
ENSG00000174917,ENST00000309324,MICOS13
ENSG00000167733,ENST00000339423,HSD11B1L
ENSG00000196365,ENST00000360614,LONP1
ENSG00000174898,ENST00000381624,CATSPERD
ENSG00000212123,ENST00000419421,PRR22
ENSG00000141994,ENST00000309061,DUS3L
ENSG00000171119,ENST00000303212,NRTN
ENSG00000156413,ENST00000318336,FUT6
ENSG00000130383,ENST00000588525,FUT5
ENSG00000174886,ENST00000308961,NDUFA11
ENSG00000187650,ENST00000339485,VMAC
ENSG00000105519,ENST00000588776,CAPS
ENSG00000031823,ENST00000340578,RANBP3
ENSG00000087903,ENST00000303657,RFX2
ENSG00000130377,ENST00000588485,ACSBG2
ENSG00000130382,ENST00000252674,MLLT1
ENSG00000167769,ENST00000301452,ACER1
ENSG00000125656,ENST00000245816,CLPP
ENSG00000125652,ENST00000245812,ALKBH7
ENSG00000125650,ENST00000245810,PSPN
ENSG00000125651,ENST00000394456,GTF2F1
ENSG00000088247,ENST00000600480,KHSRP
ENSG00000181240,ENST00000321510,SLC25A41
ENSG00000125648,ENST00000301454,SLC25A23
ENSG00000130545,ENST00000600229,CRB3
ENSG00000205744,ENST00000381480,DENND1C
ENSG00000104833,ENST00000264071,TUBB4A
ENSG00000125657,ENST00000245817,TNFSF9
ENSG00000125726,ENST00000245903,CD70
ENSG00000125735,ENST00000675206,TNFSF14
ENSG00000125730,ENST00000245907,C3
ENSG00000125734,ENST00000264080,GPR108
ENSG00000125733,ENST00000313244,TRIP10
ENSG00000125731,ENST00000245908,SH2D3A
ENSG00000141968,ENST00000602142,VAV1
ENSG00000174837,ENST00000312053,ADGRE1
ENSG00000196589,ENST00000636986,MBD3L2B
ENSG00000237247,ENST00000329753,MBD3L5
ENSG00000205718,ENST00000381394,MBD3L4
ENSG00000230522,ENST00000381393,MBD3L2
ENSG00000182315,ENST00000333843,MBD3L3
ENSG00000130544,ENST00000252840,ZNF557
ENSG00000171105,ENST00000302850,INSR
ENSG00000104880,ENST00000668164,ARHGEF18
ENSG00000104883,ENST00000221480,PEX11G
ENSG00000198723,ENST00000361664,SAXO5
ENSG00000198816,ENST00000597229,ZNF358
ENSG00000090674,ENST00000264079,MCOLN1
ENSG00000032444,ENST00000600737,PNPLA6
ENSG00000076826,ENST00000160298,CAMSAP3
ENSG00000076924,ENST00000358368,XAB2
ENSG00000229833,ENST00000594797,PET100
ENSG00000174788,ENST00000311069,PCP2
ENSG00000076944,ENST00000221283,STXBP2
ENSG00000104918,ENST00000221515,RETN
ENSG00000183019,ENST00000333598,MCEMP1
ENSG00000181029,ENST00000596148,TRAPPC5
ENSG00000104921,ENST00000597921,FCER2
ENSG00000182566,ENST00000328853,CLEC4G
ENSG00000090659,ENST00000315599,CD209
ENSG00000104938,ENST00000327325,CLEC4M
ENSG00000142459,ENST00000538904,EVI5L
ENSG00000183248,ENST00000618550,PRR36
ENSG00000171017,ENST00000306708,LRRC8E
ENSG00000076984,ENST00000397979,MAP2K7
ENSG00000260001,ENST00000713907,TGFBR3L
ENSG00000104976,ENST00000221573,SNAPC2
ENSG00000178531,ENST00000318978,CTXN1
ENSG00000104980,ENST00000270538,TIMM44
ENSG00000066044,ENST00000407627,ELAVL1
ENSG00000131142,ENST00000315626,CCL25
ENSG00000142449,ENST00000600128,FBN3
ENSG00000090661,ENST00000251363,CERS4
ENSG00000167775,ENST00000301458,CD320
ENSG00000267855,ENST00000301457,NDUFA7
ENSG00000233927,ENST00000600659,RPS28
ENSG00000186994,ENST00000330915,KANK3
ENSG00000167772,ENST00000301455,ANGPTL4
ENSG00000185236,ENST00000328024,RAB11B
ENSG00000099785,ENST00000215555,MARCHF2
ENSG00000099783,ENST00000325495,HNRNPM
ENSG00000133246,ENST00000423345,PRAM1
ENSG00000133250,ENST00000393927,ZNF414
ENSG00000142347,ENST00000644032,MYO1F
ENSG00000142303,ENST00000597188,ADAMTS10
ENSG00000268480,ENST00000691075,NFILZ
ENSG00000181786,ENST00000324436,ACTL9
ENSG00000181733,ENST00000641125,OR2Z1
ENSG00000167785,ENST00000601372,ZNF558
ENSG00000170948,ENST00000595891,MBD3L1
ENSG00000170929,ENST00000641627,OR1M1
ENSG00000170923,ENST00000641081,OR7G2
ENSG00000161807,ENST00000541538,OR7G1
ENSG00000170920,ENST00000305444,OR7G3
ENSG00000130803,ENST00000247956,ZNF317
ENSG00000188000,ENST00000641288,OR7D2
ENSG00000174667,ENST00000641669,OR7D4
ENSG00000237521,ENST00000456448,OR7E24
ENSG00000196110,ENST00000591998,ZNF699
ENSG00000188321,ENST00000603380,ZNF559
ENSG00000188629,ENST00000683217,ZNF177
ENSG00000174652,ENST00000592904,ZNF266
ENSG00000198028,ENST00000301480,ZNF560
ENSG00000130818,ENST00000253115,ZNF426
ENSG00000197961,ENST00000320451,ZNF121
ENSG00000171469,ENST00000302851,ZNF561
ENSG00000171466,ENST00000453372,ZNF562
ENSG00000196605,ENST00000397902,ZNF846
ENSG00000127452,ENST00000247977,FBXL12
ENSG00000198258,ENST00000586895,UBL5
ENSG00000127445,ENST00000247970,PIN1
ENSG00000105088,ENST00000264833,OLFM2
ENSG00000080573,ENST00000264828,COL5A3
ENSG00000080511,ENST00000591589,RDH8
ENSG00000130813,ENST00000253110,SHFL
ENSG00000130812,ENST00000253109,ANGPTL6
ENSG00000130810,ENST00000253107,PPAN
ENSG00000244165,ENST00000321826,P2RY11
ENSG00000130811,ENST00000253108,EIF3G
ENSG00000130816,ENST00000359526,DNMT1
ENSG00000267534,ENST00000646641,S1PR2
ENSG00000105364,ENST00000253099,MRPL4
ENSG00000090339,ENST00000264832,ICAM1
ENSG00000105371,ENST00000380770,ICAM4
ENSG00000105376,ENST00000221980,ICAM5
ENSG00000220201,ENST00000707000,ZGLP1
ENSG00000267673,ENST00000393708,FDX2
ENSG00000161847,ENST00000617231,RAVER1
ENSG00000076662,ENST00000160262,ICAM3
ENSG00000105397,ENST00000525621,TYK2
ENSG00000105401,ENST00000222005,CDC37
ENSG00000065989,ENST00000380702,PDE4A
ENSG00000079999,ENST00000171111,KEAP1
ENSG00000180739,ENST00000333430,S1PR5
ENSG00000130734,ENST00000309469,ATG4D
ENSG00000129347,ENST00000312962,KRI1
ENSG00000129355,ENST00000393599,CDKN2D
ENSG00000129354,ENST00000250244,AP1M2
ENSG00000129353,ENST00000335757,SLC44A2
ENSG00000129351,ENST00000588657,ILF3
ENSG00000213339,ENST00000250237,QTRT1
ENSG00000079805,ENST00000389253,DNM2
ENSG00000099203,ENST00000214869,TMED1
ENSG00000214212,ENST00000397820,C19orf38
ENSG00000142453,ENST00000327064,CARM1
ENSG00000130733,ENST00000586748,YIPF2
ENSG00000142444,ENST00000270502,TIMM29
ENSG00000127616,ENST00000344626,SMARCA4
ENSG00000130164,ENST00000558518,LDLR
ENSG00000161888,ENST00000592540,SPC24
ENSG00000197256,ENST00000586659,KANK2
ENSG00000130158,ENST00000294618,DOCK6
ENSG00000130173,ENST00000252453,ANGPTL8
ENSG00000130167,ENST00000590327,TSPAN16
ENSG00000105514,ENST00000222120,RAB3D
ENSG00000105518,ENST00000354882,TMEM205
ENSG00000183401,ENST00000458408,CCDC159
ENSG00000105520,ENST00000688289,PLPPR2
ENSG00000173928,ENST00000674460,SWSAP1
ENSG00000187266,ENST00000222139,EPOR
ENSG00000205517,ENST00000380456,RGL3
ENSG00000198003,ENST00000356392,ODAD3
ENSG00000130175,ENST00000677123,PRKCSH
ENSG00000196361,ENST00000359227,ELAVL3
ENSG00000161914,ENST00000293771,ZNF653
ENSG00000130159,ENST00000270517,ECSIT
ENSG00000130176,ENST00000252456,CNN1
ENSG00000130165,ENST00000252445,ELOF1
ENSG00000198551,ENST00000361113,ZNF627
ENSG00000102575,ENST00000648477,ACP5
ENSG00000197933,ENST00000341191,ZNF823
ENSG00000197044,ENST00000357901,ZNF441
ENSG00000177599,ENST00000323169,ZNF491
ENSG00000171295,ENST00000304060,ZNF440
ENSG00000171291,ENST00000682736,ZNF439
ENSG00000198429,ENST00000429654,ZNF69
ENSG00000196757,ENST00000254321,ZNF700
ENSG00000197054,ENST00000358987,ZNF763
ENSG00000197647,ENST00000550507,ZNF433
ENSG00000257446,ENST00000547628,ZNF878
ENSG00000223547,ENST00000439326,ZNF844
ENSG00000132010,ENST00000334213,ZNF20
ENSG00000257591,ENST00000439556,ZNF625
ENSG00000196646,ENST00000343979,ZNF136
ENSG00000197857,ENST00000355684,ZNF44
ENSG00000188868,ENST00000293725,ZNF563
ENSG00000198342,ENST00000242804,ZNF442
ENSG00000196466,ENST00000430385,ZNF799
ENSG00000180855,ENST00000301547,ZNF443
ENSG00000242852,ENST00000397732,ZNF709
ENSG00000249709,ENST00000339282,ZNF564
ENSG00000188033,ENST00000311437,ZNF490
ENSG00000173875,ENST00000343325,ZNF791
ENSG00000104774,ENST00000456935,MAN2B1
ENSG00000123154,ENST00000418543,WDR83
ENSG00000105583,ENST00000596731,WDR83OS
ENSG00000095059,ENST00000210060,DHPS
ENSG00000283980,ENST00000640151,GNG14
ENSG00000132004,ENST00000393261,FBXW9
ENSG00000105576,ENST00000425528,TNPO2
ENSG00000123144,ENST00000242784,TRIR
ENSG00000198356,ENST00000357332,GET3
ENSG00000039987,ENST00000553030,BEST2
ENSG00000095066,ENST00000397668,HOOK2
ENSG00000171223,ENST00000302754,JUNB
ENSG00000167815,ENST00000301522,PRDX2
ENSG00000284491,ENST00000639810,THSD8
ENSG00000104889,ENST00000221486,RNASEH2A
ENSG00000132026,ENST00000674343,RTBDN
ENSG00000105613,ENST00000251472,MAST1
ENSG00000105612,ENST00000222219,DNASE2
ENSG00000105610,ENST00000264834,KLF1
ENSG00000105607,ENST00000222214,GCDH
ENSG00000161860,ENST00000293695,SYCE2
ENSG00000179115,ENST00000314606,FARSA
ENSG00000179218,ENST00000316448,CALR
ENSG00000179262,ENST00000586534,RAD23A
ENSG00000179271,ENST00000316939,GADD45GIP1
ENSG00000179284,ENST00000317060,DAND5
ENSG00000008441,ENST00000592199,NFIX
ENSG00000104903,ENST00000264824,LYL1
ENSG00000104907,ENST00000357720,TRMT1
ENSG00000160877,ENST00000292431,NACC1
ENSG00000104915,ENST00000587230,STX10
ENSG00000160888,ENST00000292433,IER2
ENSG00000141837,ENST00000360228,CACNA1A
ENSG00000104957,ENST00000221554,YJU2B
ENSG00000037757,ENST00000040663,MRI1
ENSG00000104979,ENST00000588234,C19orf53
ENSG00000132003,ENST00000590508,ZSWIM4
ENSG00000187556,ENST00000339133,NANOS3
ENSG00000132016,ENST00000586783,BRME1
ENSG00000132024,ENST00000318003,CC2D1A
ENSG00000132000,ENST00000588872,PODNL1
ENSG00000132017,ENST00000254337,DCAF15
ENSG00000132005,ENST00000254325,RFX1
ENSG00000171136,ENST00000431365,RLN3
ENSG00000104998,ENST00000263379,IL27RA
ENSG00000187867,ENST00000669674,PALM3
ENSG00000141854,ENST00000587086,MISP3
ENSG00000188032,ENST00000548523,C19orf67
ENSG00000072062,ENST00000308677,PRKACA
ENSG00000289762,ENST00000699221,SMIM46
ENSG00000105011,ENST00000263382,ASF1B
ENSG00000072071,ENST00000361434,ADGRL1
ENSG00000123146,ENST00000242786,ADGRE5
ENSG00000123136,ENST00000242776,DDX39A
ENSG00000123143,ENST00000242783,PKN1
ENSG00000160951,ENST00000292513,PTGER1
ENSG00000123159,ENST00000393033,GIPC1
ENSG00000132002,ENST00000254322,DNAJB1
ENSG00000099797,ENST00000215567,TECR
ENSG00000099795,ENST00000215565,NDUFB7
ENSG00000187912,ENST00000417570,CLEC17A
ENSG00000131355,ENST00000253673,ADGRE3
ENSG00000160961,ENST00000292530,ZNF333
ENSG00000127507,ENST00000315576,ADGRE2
ENSG00000127530,ENST00000641666,OR7C1
ENSG00000188269,ENST00000322301,OR7A5
ENSG00000127515,ENST00000641129,OR7A10
ENSG00000185385,ENST00000641113,OR7A17
ENSG00000127529,ENST00000248072,OR7C2
ENSG00000105143,ENST00000594383,SLC1A6
ENSG00000160994,ENST00000292574,TEKTL1
ENSG00000105141,ENST00000427043,CASP14
ENSG00000094661,ENST00000641398,OR1I1
ENSG00000105137,ENST00000342784,SYDE1
ENSG00000105135,ENST00000263383,ILVBL
ENSG00000074181,ENST00000263388,NOTCH3
ENSG00000105131,ENST00000221730,EPHX3
ENSG00000141867,ENST00000679869,BRD4
ENSG00000105127,ENST00000269701,AKAP8
ENSG00000011243,ENST00000397410,AKAP8L
ENSG00000011451,ENST00000673675,WIZ
ENSG00000105122,ENST00000343625,RASAL3
ENSG00000161031,ENST00000340880,PGLYRP2
ENSG00000171954,ENST00000269703,CYP4F22
ENSG00000186526,ENST00000612078,CYP4F8
ENSG00000186529,ENST00000221307,CYP4F3
ENSG00000186204,ENST00000550308,CYP4F12
ENSG00000171942,ENST00000305899,OR10H2
ENSG00000171936,ENST00000641646,OR10H3
ENSG00000172519,ENST00000642092,OR10H5
ENSG00000186723,ENST00000641419,OR10H1
ENSG00000186115,ENST00000221700,CYP4F2
ENSG00000171903,ENST00000402119,CYP4F11
ENSG00000176231,ENST00000322107,OR10H4
ENSG00000167460,ENST00000643579,TPM4
ENSG00000167461,ENST00000300935,RAB8A
ENSG00000196684,ENST00000613986,HSH2D
ENSG00000141977,ENST00000269878,CIB3
ENSG00000105058,ENST00000263384,FAM32A
ENSG00000072958,ENST00000291439,AP1M1
ENSG00000127528,ENST00000248071,KLF2
ENSG00000127527,ENST00000455140,EPS15L1
ENSG00000269058,ENST00000269881,CALR3
ENSG00000105072,ENST00000221671,C19orf44
ENSG00000085872,ENST00000546361,CHERP
ENSG00000127526,ENST00000595753,SLC35E1
ENSG00000105085,ENST00000263390,MED26
ENSG00000214046,ENST00000487416,SMIM7
ENSG00000072954,ENST00000187762,TMEM38A
ENSG00000188039,ENST00000524140,NWD1
ENSG00000127511,ENST00000248054,SIN3B
ENSG00000127533,ENST00000248076,F2RL3
ENSG00000160111,ENST00000443236,CPAMD8
ENSG00000131351,ENST00000253669,HAUS8
ENSG00000099331,ENST00000682292,MYO9B
ENSG00000053501,ENST00000263897,USE1
ENSG00000099330,ENST00000215061,OCEL1
ENSG00000160113,ENST00000291442,NR2F6
ENSG00000130307,ENST00000252597,USHBP1
ENSG00000105393,ENST00000598188,BABAM1
ENSG00000160117,ENST00000404085,ANKLE1
ENSG00000127220,ENST00000247706,ABHD8
ENSG00000130312,ENST00000252602,MRPL34
ENSG00000130311,ENST00000359866,DDA1
ENSG00000074855,ENST00000159087,ANO8
ENSG00000130299,ENST00000324894,GTPBP3
ENSG00000130300,ENST00000252590,PLVAP
ENSG00000269720,ENST00000636079,CCDC194
ENSG00000130303,ENST00000252593,BST2
ENSG00000141971,ENST00000317040,MVB12A
ENSG00000188051,ENST00000341130,TMEM221
ENSG00000171773,ENST00000301944,NXNL1
ENSG00000130304,ENST00000252595,SLC27A1
ENSG00000130313,ENST00000252603,PGLS
ENSG00000167483,ENST00000599164,NIBAN3
ENSG00000130309,ENST00000252599,COLGALT1
ENSG00000130477,ENST00000519716,UNC13A
ENSG00000130479,ENST00000324096,MAP1S
ENSG00000130475,ENST00000596536,FCHO1
ENSG00000179913,ENST00000318683,B3GNT3
ENSG00000248099,ENST00000317306,INSL3
ENSG00000105639,ENST00000458235,JAK3
ENSG00000105640,ENST00000222247,RPL18A
ENSG00000105641,ENST00000222248,SLC5A5
ENSG00000007080,ENST00000445755,CCDC124
ENSG00000105642,ENST00000684775,KCNN1
ENSG00000105643,ENST00000222250,ARRDC2
ENSG00000096996,ENST00000593993,IL12RB1
ENSG00000099308,ENST00000687212,MAST3
ENSG00000105647,ENST00000222254,PIK3R2
ENSG00000216490,ENST00000407280,IFI30
ENSG00000254858,ENST00000599612,MPV17L2
ENSG00000105649,ENST00000222256,RAB3A
ENSG00000105650,ENST00000262805,PDE4C
ENSG00000284797,ENST00000643046,CIST1
ENSG00000130518,ENST00000392413,IQCN
ENSG00000130522,ENST00000252818,JUND
ENSG00000130520,ENST00000593829,LSM4
ENSG00000130517,ENST00000269919,PGPEP1
ENSG00000130513,ENST00000252809,GDF15
ENSG00000175489,ENST00000339007,LRRC25
ENSG00000130511,ENST00000270061,SSBP4
ENSG00000105655,ENST00000338128,ISYNA1
ENSG00000105656,ENST00000262809,ELL
ENSG00000105701,ENST00000608443,FKBP8
ENSG00000105700,ENST00000222307,KXD1
ENSG00000221983,ENST00000442744,UBA52
ENSG00000006016,ENST00000392386,CRLF1
ENSG00000006015,ENST00000358607,REX1BD
ENSG00000105696,ENST00000262817,TMEM59L
ENSG00000167487,ENST00000300976,KLHL26
ENSG00000105662,ENST00000321949,CRTC1
ENSG00000105664,ENST00000222271,COMP
ENSG00000005007,ENST00000262803,UPF1
ENSG00000130283,ENST00000247005,GDF1
ENSG00000223802,ENST00000623882,CERS1
ENSG00000105669,ENST00000262812,COPE
ENSG00000105671,ENST00000247003,DDX49
ENSG00000051128,ENST00000392351,HOMER3
ENSG00000064607,ENST00000452918,SUGP2
ENSG00000105676,ENST00000535612,ARMC6
ENSG00000181035,ENST00000318596,SLC25A42
ENSG00000064545,ENST00000162044,TMEM161A
ENSG00000213999,ENST00000424583,MEF2B
ENSG00000254901,ENST00000462790,BORCS8
ENSG00000064490,ENST00000303088,RFXANK
ENSG00000184162,ENST00000331552,NR2C2AP
ENSG00000130287,ENST00000252575,NCAN
ENSG00000187664,ENST00000291481,HAPLN4
ENSG00000213996,ENST00000389363,TM6SF2
ENSG00000105705,ENST00000247001,SUGP1
ENSG00000129933,ENST00000262815,MAU2
ENSG00000167491,ENST00000683918,GATAD2A
ENSG00000178093,ENST00000585580,TSSK6
ENSG00000186010,ENST00000507754,NDUFA13
ENSG00000250067,ENST00000514277,YJEFN3
ENSG00000160161,ENST00000291495,CILP2
ENSG00000105717,ENST00000251203,PBX4
ENSG00000064547,ENST00000407877,LPAR2
ENSG00000089639,ENST00000203556,GMIP
ENSG00000105726,ENST00000357324,ATP13A1
ENSG00000181896,ENST00000592502,ZNF101
ENSG00000105708,ENST00000344099,ZNF14
ENSG00000081665,ENST00000540806,ZNF506
ENSG00000256771,ENST00000589717,ZNF253
ENSG00000184635,ENST00000343769,ZNF93
ENSG00000197124,ENST00000397165,ZNF682
ENSG00000213988,ENST00000418063,ZNF90
ENSG00000256229,ENST00000335117,ZNF486
ENSG00000237440,ENST00000427401,ZNF737
ENSG00000188171,ENST00000601440,ZNF626
ENSG00000160229,ENST00000344519,ZNF66
ENSG00000105750,ENST00000328178,ZNF85
ENSG00000118620,ENST00000261560,ZNF430
ENSG00000160352,ENST00000456283,ZNF714
ENSG00000196705,ENST00000311048,ZNF431
ENSG00000182141,ENST00000356929,ZNF708
ENSG00000172687,ENST00000683779,ZNF738
ENSG00000196268,ENST00000392288,ZNF493
ENSG00000197013,ENST00000358491,ZNF429
ENSG00000197020,ENST00000358296,ZNF100
ENSG00000198521,ENST00000354959,ZNF43
ENSG00000160321,ENST00000397126,ZNF208
ENSG00000197134,ENST00000594947,ZNF257
ENSG00000196109,ENST00000397121,ZNF676
ENSG00000196350,ENST00000601693,ZNF729
ENSG00000197360,ENST00000357774,ZNF98
ENSG00000229676,ENST00000456783,ZNF492
ENSG00000213973,ENST00000596209,ZNF99
ENSG00000268696,ENST00000600766,ZNF723
ENSG00000269067,ENST00000594710,ZNF728
ENSG00000183850,ENST00000597761,ZNF730
ENSG00000196081,ENST00000418100,ZNF724
ENSG00000167232,ENST00000300619,ZNF91
ENSG00000197372,ENST00000359788,ZNF675
ENSG00000196172,ENST00000402377,ZNF681
ENSG00000288920,ENST00000484897,RPSA2
ENSG00000213967,ENST00000594466,ZNF726
ENSG00000213096,ENST00000357002,ZNF254
ENSG00000169021,ENST00000304863,UQCRFS1
ENSG00000187135,ENST00000335523,VSTM2B
ENSG00000105171,ENST00000585603,POP4
ENSG00000166289,ENST00000436066,PLEKHF1
ENSG00000131943,ENST00000323670,C19orf12
ENSG00000105173,ENST00000262643,CCNE1
ENSG00000105176,ENST00000392271,URI1
ENSG00000198597,ENST00000355537,ZNF536
ENSG00000121297,ENST00000240587,TSHZ3
ENSG00000168813,ENST00000355898,ZNF507
ENSG00000178904,ENST00000392250,DPY19L3
ENSG00000105185,ENST00000590247,PDCD5
ENSG00000105186,ENST00000306065,ANKRD27
ENSG00000186326,ENST00000334176,RGS9BP
ENSG00000213965,ENST00000397061,NUDT19
ENSG00000173809,ENST00000639142,TDRD12
ENSG00000021488,ENST00000023064,SLC7A9
ENSG00000121289,ENST00000305768,CEP89
ENSG00000131944,ENST00000588258,FAAP24
ENSG00000131941,ENST00000254260,RHPN2
ENSG00000076650,ENST00000170564,GPATCH1
ENSG00000166359,ENST00000355868,WDR88
ENSG00000130881,ENST00000253193,LRP3
ENSG00000130876,ENST00000253188,SLC7A10
ENSG00000245848,ENST00000498907,CEBPA
ENSG00000153879,ENST00000284000,CEBPG
ENSG00000124299,ENST00000244137,PEPD
ENSG00000124302,ENST00000650847,CHST8
ENSG00000153885,ENST00000683859,KCTD15
ENSG00000257103,ENST00000544216,LSM14A
ENSG00000166398,ENST00000299505,GARRE1
ENSG00000105220,ENST00000356487,GPI
ENSG00000126249,ENST00000246535,PDCD2L
ENSG00000126261,ENST00000246548,UBA2
ENSG00000142279,ENST00000590071,WTIP
ENSG00000205209,ENST00000601241,SCGB2B2
ENSG00000089335,ENST00000505242,ZNF302
ENSG00000197841,ENST00000492450,ZNF181
ENSG00000153896,ENST00000329285,ZNF599
ENSG00000168661,ENST00000601142,ZNF30
ENSG00000180884,ENST00000404801,ZNF792
ENSG00000089351,ENST00000317991,GRAMD1A
ENSG00000105711,ENST00000262631,SCN1B
ENSG00000105707,ENST00000672452,HPN
ENSG00000089356,ENST00000604404,FXYD3
ENSG00000153902,ENST00000310123,LGI4
ENSG00000266964,ENST00000351325,FXYD1
ENSG00000221946,ENST00000270310,FXYD7
ENSG00000089327,ENST00000392219,FXYD5
ENSG00000177558,ENST00000324675,FAM187B
ENSG00000105699,ENST00000605618,LSR
ENSG00000105698,ENST00000222305,USF2
ENSG00000105697,ENST00000222304,HAMP
ENSG00000105695,ENST00000392213,MAG
ENSG00000012124,ENST00000085219,CD22
ENSG00000126266,ENST00000246553,FFAR1
ENSG00000185897,ENST00000327809,FFAR3
ENSG00000126251,ENST00000454971,GPR42
ENSG00000126262,ENST00000599180,FFAR2
ENSG00000188508,ENST00000338897,KRTDAP
ENSG00000161249,ENST00000339686,DMKN
ENSG00000189001,ENST00000452271,SBSN
ENSG00000105679,ENST00000222286,GAPDHS
ENSG00000105677,ENST00000222284,TMEM147
ENSG00000105675,ENST00000262623,ATP4A
ENSG00000283758,ENST00000640449,PMIS2
ENSG00000249115,ENST00000203166,HAUS5
ENSG00000126254,ENST00000262633,RBM42
ENSG00000105672,ENST00000402764,ETV2
ENSG00000126267,ENST00000649813,COX6B1
ENSG00000105668,ENST00000222275,UPK1A
ENSG00000011590,ENST00000392197,ZBTB32
ENSG00000272333,ENST00000420124,KMT2B
ENSG00000126246,ENST00000246532,IGFLR1
ENSG00000161265,ENST00000378975,U2AF1L4
ENSG00000205155,ENST00000587708,PSENEN
ENSG00000267796,ENST00000301159,LIN37
ENSG00000004776,ENST00000004982,HSPB6
ENSG00000167595,ENST00000646935,PROSER3
ENSG00000004777,ENST00000007510,ARHGAP33
ENSG00000250799,ENST00000653904,PRODH2
ENSG00000161270,ENST00000378910,NPHS1
ENSG00000126259,ENST00000360202,KIRREL2
ENSG00000105290,ENST00000221891,APLP1
ENSG00000167604,ENST00000641389,NFKBID
ENSG00000126264,ENST00000246551,HCST
ENSG00000011600,ENST00000262629,TYROBP
ENSG00000126243,ENST00000246529,LRFN3
ENSG00000205138,ENST00000378887,SDHAF1
ENSG00000181392,ENST00000324444,SYNE4
ENSG00000239382,ENST00000378875,ALKBH6
ENSG00000105270,ENST00000360535,CLIP3
ENSG00000161277,ENST00000292894,THAP8
ENSG00000075702,ENST00000401500,WDR62
ENSG00000105261,ENST00000633214,OVOL3
ENSG00000105258,ENST00000221859,POLR2I
ENSG00000105254,ENST00000221855,TBCB
ENSG00000126247,ENST00000246533,CAPNS1
ENSG00000161281,ENST00000292907,COX7A1
ENSG00000196357,ENST00000304116,ZNF565
ENSG00000167635,ENST00000443387,ZNF146
ENSG00000142065,ENST00000270001,ZFP14
ENSG00000181007,ENST00000392161,ZFP82
ENSG00000186017,ENST00000452939,ZNF566
ENSG00000254004,ENST00000523638,ZNF260
ENSG00000186020,ENST00000591340,ZNF529
ENSG00000161298,ENST00000292928,ZNF382
ENSG00000197808,ENST00000588268,ZNF461
ENSG00000189042,ENST00000682579,ZNF567
ENSG00000267041,ENST00000591344,ZNF850
ENSG00000197863,ENST00000356725,ZNF790
ENSG00000251247,ENST00000420450,ZNF345
ENSG00000185869,ENST00000391711,ZNF829
ENSG00000198453,ENST00000333987,ZNF568
ENSG00000197050,ENST00000337995,ZNF420
ENSG00000196967,ENST00000292841,ZNF585A
ENSG00000245680,ENST00000532828,ZNF585B
ENSG00000188283,ENST00000684119,ZNF383
ENSG00000181666,ENST00000392153,ZNF875
ENSG00000189164,ENST00000436120,ZNF527
ENSG00000196437,ENST00000316950,ZNF569
ENSG00000171827,ENST00000330173,ZNF570
ENSG00000188227,ENST00000627814,ZNF793
ENSG00000171817,ENST00000316433,ZNF540
ENSG00000180479,ENST00000451802,ZNF571
ENSG00000120784,ENST00000684514,ZFP30
ENSG00000198182,ENST00000355202,ZNF607
ENSG00000189144,ENST00000536220,ZNF573
ENSG00000171804,ENST00000447313,WDR87
ENSG00000105738,ENST00000222345,SIPA1L3
ENSG00000011332,ENST00000355526,DPF1
ENSG00000167642,ENST00000301244,SPINT2
ENSG00000167641,ENST00000301242,PPP1R14A
ENSG00000167645,ENST00000339413,YIF1B
ENSG00000167644,ENST00000301246,C19orf33
ENSG00000099337,ENST00000263372,KCNK6
ENSG00000099338,ENST00000409235,CATSPERG
ENSG00000099341,ENST00000215071,PSMD8
ENSG00000179168,ENST00000334928,GGN
ENSG00000188766,ENST00000691638,SPRED3
ENSG00000130244,ENST00000252530,FAM98C
ENSG00000171777,ENST00000615439,RASGRP4
ENSG00000196218,ENST00000359596,RYR1
ENSG00000104814,ENST00000396857,MAP4K1
ENSG00000178982,ENST00000248342,EIF3K
ENSG00000130402,ENST00000252699,ACTN4
ENSG00000182472,ENST00000328867,CAPN12
ENSG00000205076,ENST00000378626,LGALS7
ENSG00000178934,ENST00000314980,LGALS7B
ENSG00000171747,ENST00000307751,LGALS4
ENSG00000104823,ENST00000221418,ECH1
ENSG00000104824,ENST00000221419,HNRNPL
ENSG00000187994,ENST00000591812,RINL
ENSG00000068903,ENST00000249396,SIRT2
ENSG00000104825,ENST00000313582,NFKBIB
ENSG00000262484,ENST00000571838,CCER2
ENSG00000104835,ENST00000221431,SARS2
ENSG00000128626,ENST00000308018,MRPS12
ENSG00000269190,ENST00000292852,FBXO17
ENSG00000161243,ENST00000292853,FBXO27
ENSG00000183760,ENST00000331256,ACP7
ENSG00000130669,ENST00000360442,PAK4
ENSG00000188505,ENST00000339852,NCCRP1
ENSG00000179751,ENST00000318438,SYCN
ENSG00000197110,ENST00000413851,IFNL3
ENSG00000183709,ENST00000331982,IFNL2
ENSG00000182393,ENST00000333625,IFNL1
ENSG00000128011,ENST00000248668,LRFN1
ENSG00000130755,ENST00000597595,GMFG
ENSG00000179134,ENST00000610417,SAMD4B
ENSG00000006712,ENST00000221265,PAF1
ENSG00000063322,ENST00000315588,MED29
ENSG00000128016,ENST00000597629,ZFP36
ENSG00000090924,ENST00000425673,PLEKHG2
ENSG00000105193,ENST00000251453,RPS16
ENSG00000196235,ENST00000432763,SUPT5H
ENSG00000105197,ENST00000607714,TIMM50
ENSG00000090932,ENST00000356433,DLL3
ENSG00000186838,ENST00000335426,SELENOV
ENSG00000176401,ENST00000326282,EID2B
ENSG00000176396,ENST00000390658,EID2
ENSG00000105198,ENST00000221797,LGALS13
ENSG00000249861,ENST00000392051,LGALS16
ENSG00000006659,ENST00000392052,LGALS14
ENSG00000105205,ENST00000221804,CLC
ENSG00000213921,ENST00000638280,LEUTX
ENSG00000105204,ENST00000323039,DYRK1B
ENSG00000105202,ENST00000221801,FBL
ENSG00000013275,ENST00000157812,PSMC4
ENSG00000187187,ENST00000347077,ZNF546
ENSG00000128000,ENST00000434248,ZNF780B
ENSG00000197782,ENST00000683561,ZNF780A
ENSG00000130758,ENST00000253055,MAP3K10
ENSG00000174521,ENST00000311308,TTC9B
ENSG00000105219,ENST00000430325,CCNP
ENSG00000105221,ENST00000392038,AKT2
ENSG00000160392,ENST00000683109,C19orf47
ENSG00000105223,ENST00000409735,PLD3
ENSG00000160396,ENST00000291823,HIPK4
ENSG00000105227,ENST00000324001,PRX
ENSG00000197019,ENST00000357949,SERTAD1
ENSG00000167565,ENST00000322354,SERTAD3
ENSG00000090013,ENST00000263368,BLVRB
ENSG00000160460,ENST00000598249,SPTBN4
ENSG00000160410,ENST00000291842,SHKBP1
ENSG00000090006,ENST00000396819,LTBP4
ENSG00000105245,ENST00000252891,NUMBL
ENSG00000123815,ENST00000324464,COQ8B
ENSG00000086544,ENST00000263370,ITPKC
ENSG00000188493,ENST00000378313,ACTMAP
ENSG00000077312,ENST00000243563,SNRPA
ENSG00000261857,ENST00000263369,MIA
ENSG00000167578,ENST00000357052,RAB4B
ENSG00000269858,ENST00000303961,EGLN2
ENSG00000255974,ENST00000301141,CYP2A6
ENSG00000198077,ENST00000301146,CYP2A7
ENSG00000197408,ENST00000324071,CYP2B6
ENSG00000197838,ENST00000330436,CYP2A13
ENSG00000197446,ENST00000331105,CYP2F1
ENSG00000167600,ENST00000310054,CYP2S1
ENSG00000167601,ENST00000301178,AXL
ENSG00000105323,ENST00000392006,HNRNPUL1
ENSG00000105329,ENST00000221930,TGFB1
ENSG00000142039,ENST00000269967,CCDC97
ENSG00000142046,ENST00000392002,TMEM91
ENSG00000123810,ENST00000243578,B9D2
ENSG00000077348,ENST00000221233,EXOSC5
ENSG00000248098,ENST00000269980,BCKDHA
ENSG00000177191,ENST00000691102,B3GNT8
ENSG00000105341,ENST00000221943,DMAC2
ENSG00000204978,ENST00000378187,ERICH4
ENSG00000007129,ENST00000401445,CEACAM21
ENSG00000105352,ENST00000221954,CEACAM4
ENSG00000007306,ENST00000401731,CEACAM7
ENSG00000105388,ENST00000221992,CEACAM5
ENSG00000086548,ENST00000199764,CEACAM6
ENSG00000170956,ENST00000357396,CEACAM3
ENSG00000273111,ENST00000609812,LYPD4
ENSG00000142025,ENST00000269945,DMRTC2
ENSG00000105372,ENST00000598742,RPS19
ENSG00000105369,ENST00000221972,CD79A
ENSG00000076928,ENST00000354532,ARHGEF1
ENSG00000268041,ENST00000597630,ERFL
ENSG00000105404,ENST00000222008,RABAC1
ENSG00000105409,ENST00000648268,ATP1A3
ENSG00000105737,ENST00000593562,GRIK5
ENSG00000105732,ENST00000359044,ZNF574
ENSG00000028277,ENST00000692977,POU2F2
ENSG00000160570,ENST00000596251,DEDD2
ENSG00000167625,ENST00000301215,ZNF526
ENSG00000105723,ENST00000222330,GSK3A
ENSG00000105722,ENST00000222329,ERF
ENSG00000079432,ENST00000681038,CIC
ENSG00000079462,ENST00000262890,PAFAH1B3
ENSG00000188368,ENST00000341747,PRR19
ENSG00000167619,ENST00000301204,TMEM145
ENSG00000105429,ENST00000251268,MEGF8
ENSG00000105427,ENST00000222032,CNFN
ENSG00000079435,ENST00000244289,LIPE
ENSG00000189377,ENST00000601181,CXCL17
ENSG00000079385,ENST00000161559,CEACAM1
ENSG00000124469,ENST00000244336,CEACAM8
ENSG00000221826,ENST00000327495,PSG3
ENSG00000124467,ENST00000306511,PSG8
ENSG00000231924,ENST00000436291,PSG1
ENSG00000170848,ENST00000187910,PSG6
ENSG00000221878,ENST00000406070,PSG7
ENSG00000243130,ENST00000320078,PSG11
ENSG00000242221,ENST00000406487,PSG2
ENSG00000204941,ENST00000342951,PSG5
ENSG00000243137,ENST00000405312,PSG4
ENSG00000183668,ENST00000270077,PSG9
ENSG00000204936,ENST00000618265,CD177
ENSG00000131126,ENST00000598265,TEX101
ENSG00000124466,ENST00000244333,LYPD3
ENSG00000176531,ENST00000292140,PHLDB3
ENSG00000105755,ENST00000292147,ETHE1
ENSG00000176472,ENST00000314228,ZNF575
ENSG00000073050,ENST00000262887,XRCC1
ENSG00000234465,ENST00000599207,PINLYP
ENSG00000167378,ENST00000422989,IRGQ
ENSG00000124444,ENST00000336564,ZNF576
ENSG00000226763,ENST00000417606,SRRM5
ENSG00000131116,ENST00000300811,ZNF428
ENSG00000105767,ENST00000222374,CADM4
ENSG00000011422,ENST00000340093,PLAUR
ENSG00000124449,ENST00000244314,IRGC
ENSG00000105771,ENST00000270066,SMG9
ENSG00000104783,ENST00000648319,KCNN4
ENSG00000159871,ENST00000377950,LYPD5
ENSG00000167637,ENST00000618787,ZNF283
ENSG00000176222,ENST00000587539,ZNF404
ENSG00000124459,ENST00000269973,ZNF45
ENSG00000159905,ENST00000587682,ZNF221
ENSG00000204920,ENST00000270014,ZNF155
ENSG00000159882,ENST00000429154,ZNF230
ENSG00000159885,ENST00000391960,ZNF222
ENSG00000178386,ENST00000434772,ZNF223
ENSG00000186026,ENST00000421176,ZNF284
ENSG00000267680,ENST00000693561,ZNF224
ENSG00000256294,ENST00000262894,ZNF225
ENSG00000263002,ENST00000426739,ZNF234
ENSG00000167380,ENST00000337433,ZNF226
ENSG00000131115,ENST00000313040,ZNF227
ENSG00000159917,ENST00000291182,ZNF235
ENSG00000159915,ENST00000683810,ZNF233
ENSG00000062370,ENST00000354340,ZNF112
ENSG00000267508,ENST00000614994,ZNF285
ENSG00000278318,ENST00000614049,ZNF229
ENSG00000167384,ENST00000592529,ZNF180
ENSG00000273777,ENST00000614924,CEACAM20
ENSG00000216588,ENST00000402988,IGSF23
ENSG00000073008,ENST00000425690,PVR
ENSG00000186567,ENST00000358777,CEACAM19
ENSG00000213892,ENST00000587331,CEACAM16
ENSG00000069399,ENST00000164227,BCL3
ENSG00000142273,ENST00000647358,CBLC
ENSG00000187244,ENST00000270233,BCAM
ENSG00000130202,ENST00000252483,NECTIN2
ENSG00000130204,ENST00000426677,TOMM40
ENSG00000130203,ENST00000252486,APOE
ENSG00000130208,ENST00000592535,APOC1
ENSG00000267467,ENST00000592954,APOC4
ENSG00000234906,ENST00000252490,APOC2
ENSG00000104853,ENST00000337392,CLPTM1
ENSG00000104856,ENST00000221452,RELB
ENSG00000104859,ENST00000221455,CLASRP
ENSG00000170684,ENST00000303809,ZNF296
ENSG00000142252,ENST00000270257,GEMIN7
ENSG00000007047,ENST00000262891,MARK4
ENSG00000104866,ENST00000221462,PPP1R37
ENSG00000179846,ENST00000686631,NKPD1
ENSG00000007255,ENST00000585934,TRAPPC6A
ENSG00000189114,ENST00000433642,BLOC1S3
ENSG00000283632,ENST00000413988,EXOC3L2
ENSG00000104879,ENST00000221476,CKM
ENSG00000104892,ENST00000391946,KLC3
ENSG00000104884,ENST00000391945,ERCC2
ENSG00000104881,ENST00000360957,PPP1R13L
ENSG00000117877,ENST00000309424,POLR1G
ENSG00000012061,ENST00000300853,ERCC1
ENSG00000125740,ENST00000353609,FOSB
ENSG00000125744,ENST00000245923,RTN2
ENSG00000213889,ENST00000451287,PPM1N
ENSG00000125753,ENST00000245932,VASP
ENSG00000125741,ENST00000263275,OPA3
ENSG00000177464,ENST00000323040,GPR4
ENSG00000125746,ENST00000245925,EML2
ENSG00000010310,ENST00000590918,GIPR
ENSG00000125743,ENST00000342669,SNRPD2
ENSG00000011478,ENST00000012049,QPCTL
ENSG00000177051,ENST00000317683,FBXO46
ENSG00000237452,ENST00000457052,MEIOSIN
ENSG00000177045,ENST00000317578,SIX5
ENSG00000104936,ENST00000291270,DMPK
ENSG00000185800,ENST00000270223,DMWD
ENSG00000104941,ENST00000221538,RSPH6A
ENSG00000125755,ENST00000245934,SYMPK
ENSG00000170608,ENST00000302177,FOXA3
ENSG00000170604,ENST00000302165,IRF2BP1
ENSG00000176182,ENST00000322217,MYPOP
ENSG00000188425,ENST00000341294,NANOS2
ENSG00000104967,ENST00000263257,NOVA2
ENSG00000104983,ENST00000595358,CCDC61
ENSG00000008438,ENST00000008938,PGLYRP1
ENSG00000204869,ENST00000377697,IGFL4
ENSG00000188624,ENST00000341415,IGFL3
ENSG00000204866,ENST00000377693,IGFL2
ENSG00000188293,ENST00000437936,IGFL1
ENSG00000124440,ENST00000377670,HIF3A
ENSG00000011485,ENST00000012443,PPP5C
ENSG00000169515,ENST00000307522,CCDC8
ENSG00000277531,ENST00000617053,PNMA8C
ENSG00000182013,ENST00000313683,PNMA8A
ENSG00000204851,ENST00000599531,PNMA8B
ENSG00000160014,ENST00000291295,CALM3
ENSG00000160013,ENST00000291294,PTGIR
ENSG00000167414,ENST00000693335,GNG8
ENSG00000197380,ENST00000391916,DACT3
ENSG00000105287,ENST00000291281,PRKD2
ENSG00000090372,ENST00000263280,STRN4
ENSG00000181027,ENST00000318584,FKRP
ENSG00000105281,ENST00000542575,SLC1A5
ENSG00000042753,ENST00000263270,AP2S1
ENSG00000160007,ENST00000672722,ARHGAP35
ENSG00000130751,ENST00000602212,NPAS1
ENSG00000130748,ENST00000253047,TMEM160
ENSG00000130749,ENST00000253048,ZC3H4
ENSG00000142230,ENST00000270225,SAE1
ENSG00000105327,ENST00000439096,BBC3
ENSG00000105321,ENST00000221922,CCDC9
ENSG00000257704,ENST00000552360,INAFM1
ENSG00000197405,ENST00000355085,C5AR1
ENSG00000134830,ENST00000595464,C5AR2
ENSG00000134815,ENST00000328771,DHX34
ENSG00000105419,ENST00000558555,MEIS3
ENSG00000118160,ENST00000236877,SLC8A2
ENSG00000118162,ENST00000338134,KPTN
ENSG00000105402,ENST00000263354,NAPA
ENSG00000118156,ENST00000391901,ZNF541
ENSG00000063169,ENST00000594866,BICRA
ENSG00000024422,ENST00000263277,EHD2
ENSG00000105373,ENST00000246802,NOP53
ENSG00000178980,ENST00000601048,SELENOW
ENSG00000178928,ENST00000698655,TPRX1
ENSG00000105392,ENST00000221996,CRX
ENSG00000259009,ENST00000535362,TPRX2
ENSG00000105398,ENST00000222002,SULT2A1
ENSG00000188334,ENST00000344839,BSPH1
ENSG00000169393,ENST00000339841,ELSPBP1
ENSG00000105507,ENST00000293255,CABP5
ENSG00000105499,ENST00000599921,PLA2G4C
ENSG00000105486,ENST00000263274,LIG1
ENSG00000185453,ENST00000614654,ZSWIM9
ENSG00000105483,ENST00000651546,CARD8
ENSG00000178150,ENST00000595607,ZNF114
ENSG00000105479,ENST00000674294,ODAD1
ENSG00000142227,ENST00000270221,EMP3
ENSG00000161558,ENST00000293261,TMEM143
ENSG00000105467,ENST00000344846,SYNGR4
ENSG00000105438,ENST00000330720,KDELR1
ENSG00000105464,ENST00000263269,GRIN2D
ENSG00000105447,ENST00000253237,GRWD1
ENSG00000182324,ENST00000342291,KCNJ14
ENSG00000105443,ENST00000452733,CYTH2
ENSG00000142235,ENST00000600059,LMTK3
ENSG00000088002,ENST00000201586,SULT2B1
ENSG00000105523,ENST00000263266,FAM83E
ENSG00000177202,ENST00000321762,SPACA4
ENSG00000063177,ENST00000549920,RPL18
ENSG00000063176,ENST00000245222,SPHK2
ENSG00000105516,ENST00000222122,DBP
ENSG00000063180,ENST00000084798,CA11
ENSG00000142233,ENST00000270235,NTN5
ENSG00000176920,ENST00000425340,FUT2
ENSG00000176909,ENST00000318083,MAMSTR
ENSG00000105538,ENST00000222145,RASIP1
ENSG00000182264,ENST00000332955,IZUMO1
ENSG00000174951,ENST00000645652,FUT1
ENSG00000105550,ENST00000593756,FGF21
ENSG00000105552,ENST00000316273,BCAT2
ENSG00000087076,ENST00000263278,HSD17B14
ENSG00000105559,ENST00000263265,PLEKHA4
ENSG00000087074,ENST00000200453,PPP1R15A
ENSG00000104804,ENST00000221399,TULP2
ENSG00000104805,ENST00000405315,NUCB1
ENSG00000104808,ENST00000221403,DHDH
ENSG00000087088,ENST00000345358,BAX
ENSG00000087086,ENST00000331825,FTL
ENSG00000104812,ENST00000323798,GYS1
ENSG00000183207,ENST00000595090,RUVBL2
ENSG00000104826,ENST00000649238,LHB
ENSG00000268655,ENST00000637680,SAXO3
ENSG00000104827,ENST00000357383,CGB3
ENSG00000104818,ENST00000359342,CGB2
ENSG00000267631,ENST00000301407,CGB1
ENSG00000189052,ENST00000301408,CGB5
ENSG00000213030,ENST00000448456,CGB8
ENSG00000196337,ENST00000684222,CGB7
ENSG00000225950,ENST00000593537,NTF4
ENSG00000104848,ENST00000221444,KCNA7
ENSG00000104852,ENST00000598441,SNRNP70
ENSG00000104863,ENST00000221459,LIN7B
ENSG00000221916,ENST00000408991,C19orf73
ENSG00000177380,ENST00000334186,PPFIA3
ENSG00000130528,ENST00000252825,HRC
ENSG00000130529,ENST00000252826,TRPM4
ENSG00000063127,ENST00000335875,SLC6A16
ENSG00000104894,ENST00000323906,CD37
ENSG00000074219,ENST00000593945,TEAD2
ENSG00000104901,ENST00000221498,DKKL1
ENSG00000161609,ENST00000447857,KASH5
ENSG00000142538,ENST00000270631,PTH2
ENSG00000261949,ENST00000610896,GFY
ENSG00000104888,ENST00000221485,SLC17A7
ENSG00000104872,ENST00000262265,PIH1D1
ENSG00000161618,ENST00000293350,ALDH16A1
ENSG00000090554,ENST00000597551,FLT3LG
ENSG00000142541,ENST00000391857,RPL13A
ENSG00000142534,ENST00000270625,RPS11
ENSG00000104870,ENST00000221466,FCGRT
ENSG00000142552,ENST00000270645,RCN3
ENSG00000142546,ENST00000596358,NOSIP
ENSG00000126460,ENST00000246794,PRRG2
ENSG00000126464,ENST00000418929,PRR12
ENSG00000126458,ENST00000246792,RRAS
ENSG00000126461,ENST00000360565,SCAF1
ENSG00000126456,ENST00000377139,IRF3
ENSG00000126453,ENST00000246784,BCL2L12
ENSG00000126457,ENST00000454376,PRMT1
ENSG00000224420,ENST00000420022,ADM5
ENSG00000169169,ENST00000598293,CPT1C
ENSG00000126467,ENST00000246801,TSKS
ENSG00000196961,ENST00000354293,AP2A1
ENSG00000010361,ENST00000313777,FUZ
ENSG00000104973,ENST00000312865,MED25
ENSG00000104960,ENST00000391842,PTOV1
ENSG00000039650,ENST00000322344,PNKP
ENSG00000204673,ENST00000344175,AKT1S1
ENSG00000104946,ENST00000221543,TBC1D17
ENSG00000104951,ENST00000391826,IL4I1
ENSG00000213024,ENST00000352066,NUP62
ENSG00000169136,ENST00000423777,ATF5
ENSG00000161640,ENST00000447370,SIGLEC11
ENSG00000105053,ENST00000316763,VRK3
ENSG00000142528,ENST00000270617,ZNF473
ENSG00000161652,ENST00000293405,IZUMO2
ENSG00000105357,ENST00000642316,MYH14
ENSG00000131398,ENST00000477616,KCNC3
ENSG00000131408,ENST00000253727,NR1H2
ENSG00000131400,ENST00000253719,NAPSA
ENSG00000062822,ENST00000440232,POLD1
ENSG00000269404,ENST00000595883,SPIB
ENSG00000086967,ENST00000357701,MYBPC2
ENSG00000142530,ENST00000600100,GARIN5A
ENSG00000161671,ENST00000334976,EMC10
ENSG00000161677,ENST00000598418,JOSD2
ENSG00000204653,ENST00000389208,ASPDH
ENSG00000131409,ENST00000652263,LRRC4B
ENSG00000213023,ENST00000600079,SYT3
ENSG00000235034,ENST00000425202,C19orf81
ENSG00000161681,ENST00000293441,SHANK1
ENSG00000105472,ENST00000250340,CLEC11A
ENSG00000142511,ENST00000270590,GPR32
ENSG00000261341,ENST00000562076,SMIM47
ENSG00000142513,ENST00000270593,ACP4
ENSG00000167748,ENST00000301420,KLK1
ENSG00000174562,ENST00000598239,KLK15
ENSG00000142515,ENST00000326003,KLK3
ENSG00000167751,ENST00000325321,KLK2
ENSG00000167749,ENST00000324041,KLK4
ENSG00000167754,ENST00000336334,KLK5
ENSG00000167755,ENST00000310157,KLK6
ENSG00000169035,ENST00000595820,KLK7
ENSG00000129455,ENST00000695909,KLK8
ENSG00000213022,ENST00000594211,KLK9
ENSG00000129451,ENST00000358789,KLK10
ENSG00000167757,ENST00000453757,KLK11
ENSG00000186474,ENST00000684732,KLK12
ENSG00000167759,ENST00000595793,KLK13
ENSG00000129437,ENST00000650543,KLK14
ENSG00000142544,ENST00000421832,CTU1
ENSG00000129450,ENST00000250360,SIGLEC9
ENSG00000168995,ENST00000317643,SIGLEC7
ENSG00000105383,ENST00000262262,CD33
ENSG00000179213,ENST00000601727,SIGLECL1
ENSG00000142549,ENST00000270642,IGLON5
ENSG00000186806,ENST00000335624,VSIG10L
ENSG00000105379,ENST00000309244,ETFB
ENSG00000160318,ENST00000291715,CLDND2
ENSG00000105374,ENST00000221978,NKG7
ENSG00000105370,ENST00000596399,LIM2
ENSG00000262874,ENST00000574814,C19orf84
ENSG00000142512,ENST00000339313,SIGLEC10
ENSG00000105366,ENST00000321424,SIGLEC8
ENSG00000213822,ENST00000396477,CEACAM18
ENSG00000254521,ENST00000291707,SIGLEC12
ENSG00000105492,ENST00000425629,SIGLEC6
ENSG00000105497,ENST00000262259,ZNF175
ENSG00000268500,ENST00000683636,SIGLEC5
ENSG00000254415,ENST00000360844,SIGLEC14
ENSG00000182310,ENST00000637797,SPACA6
ENSG00000105509,ENST00000540069,HAS1
ENSG00000171051,ENST00000304748,FPR1
ENSG00000171049,ENST00000340023,FPR2
ENSG00000187474,ENST00000339223,FPR3
ENSG00000161551,ENST00000638348,ZNF577
ENSG00000198093,ENST00000354957,ZNF649
ENSG00000176024,ENST00000293471,ZNF613
ENSG00000256683,ENST00000243644,ZNF350
ENSG00000197619,ENST00000598071,ZNF615
ENSG00000142556,ENST00000270649,ZNF614
ENSG00000256087,ENST00000221315,ZNF432
ENSG00000197608,ENST00000594440,ZNF841
ENSG00000204611,ENST00000600228,ZNF616
ENSG00000196267,ENST00000682614,ZNF836
ENSG00000105568,ENST00000322088,PPP2R1A
ENSG00000196214,ENST00000439461,ZNF766
ENSG00000198464,ENST00000595962,ZNF480
ENSG00000167554,ENST00000403906,ZNF610
ENSG00000221923,ENST00000422689,ZNF880
ENSG00000167555,ENST00000360465,ZNF528
ENSG00000198633,ENST00000433050,ZNF534
ENSG00000258405,ENST00000421239,ZNF578
ENSG00000198482,ENST00000359798,ZNF808
ENSG00000167562,ENST00000391785,ZNF701
ENSG00000269825,ENST00000598322,ENSG00000269825
ENSG00000167766,ENST00000301096,ZNF83
ENSG00000213020,ENST00000652185,ZNF611
ENSG00000189190,ENST00000692063,ZNF600
ENSG00000198538,ENST00000457749,ZNF28
ENSG00000204604,ENST00000595646,ZNF468
ENSG00000182986,ENST00000682928,ZNF320
ENSG00000213793,ENST00000638862,ZNF888
ENSG00000180257,ENST00000444460,ZNF816
ENSG00000269526,ENST00000602168,ERVV-1
ENSG00000268964,ENST00000601417,ERVV-2
ENSG00000170949,ENST00000683776,ZNF160
ENSG00000170954,ENST00000243643,ZNF415
ENSG00000197937,ENST00000334197,ZNF347
ENSG00000197497,ENST00000396424,ZNF665
ENSG00000197928,ENST00000598513,ZNF677
ENSG00000196131,ENST00000341702,VN1R2
ENSG00000228567,ENST00000311170,VN1R4
ENSG00000213799,ENST00000458035,ZNF845
ENSG00000203326,ENST00000474037,ZNF525
ENSG00000196417,ENST00000396408,ZNF765
ENSG00000160336,ENST00000684525,ZNF761
ENSG00000198346,ENST00000396403,ZNF813
ENSG00000130844,ENST00000449416,ZNF331
ENSG00000204595,ENST00000376650,DPRX
ENSG00000142405,ENST00000324134,NLRP12
ENSG00000179820,ENST00000391770,MYADM
ENSG00000126583,ENST00000263431,PRKCG
ENSG00000105605,ENST00000391767,CACNG7
ENSG00000142408,ENST00000270458,CACNG8
ENSG00000130433,ENST00000252729,CACNG6
ENSG00000189068,ENST00000338372,VSTM1
ENSG00000248385,ENST00000432826,TARM1
ENSG00000170909,ENST00000358375,OSCAR
ENSG00000170906,ENST00000485876,NDUFA3
ENSG00000105619,ENST00000391759,TFPT
ENSG00000105618,ENST00000321030,PRPF31
ENSG00000088038,ENST00000221232,CNOT3
ENSG00000105617,ENST00000222224,LENG1
ENSG00000167608,ENST00000619895,TMC4
ENSG00000125505,ENST00000245615,MBOAT7
ENSG00000170892,ENST00000396388,TSEN34
ENSG00000170889,ENST00000302907,RPS9
ENSG00000204577,ENST00000445347,LILRB3
ENSG00000244482,ENST00000396365,LILRA6
ENSG00000105609,ENST00000449561,LILRB5
ENSG00000131042,ENST00000314446,LILRB2
ENSG00000187116,ENST00000432233,LILRA5
ENSG00000239961,ENST00000291759,LILRA4
ENSG00000167613,ENST00000391742,LAIR1
ENSG00000167614,ENST00000376530,TTYH1
ENSG00000167615,ENST00000326764,LENG8
ENSG00000275183,ENST00000611161,LENG9
ENSG00000167617,ENST00000301200,CDC42EP5
ENSG00000167618,ENST00000301202,LAIR2
ENSG00000239998,ENST00000391738,LILRA2
ENSG00000104974,ENST00000251372,LILRA1
ENSG00000104972,ENST00000324602,LILRB1
ENSG00000186818,ENST00000695418,LILRB4
ENSG00000242019,ENST00000291860,KIR3DL3
ENSG00000243772,ENST00000342376,KIR2DL3
ENSG00000125498,ENST00000336077,KIR2DL1
ENSG00000189013,ENST00000345540,KIR2DL4
ENSG00000167633,ENST00000391728,KIR3DL1
ENSG00000240403,ENST00000326321,KIR3DL2
ENSG00000186431,ENST00000355524,FCAR
ENSG00000189430,ENST00000291890,NCR1
ENSG00000167634,ENST00000592784,NLRP7
ENSG00000022556,ENST00000448584,NLRP2
ENSG00000088053,ENST00000417454,GP6
ENSG00000160439,ENST00000415061,RDH13
ENSG00000131037,ENST00000201647,EPS8L1
ENSG00000125503,ENST00000263433,PPP1R12C
ENSG00000105048,ENST00000588981,TNNT1
ENSG00000129991,ENST00000344887,TNNI3
ENSG00000167646,ENST00000524407,DNAAF3
ENSG00000129990,ENST00000354308,SYT5
ENSG00000080031,ENST00000376350,PTPRH
ENSG00000180089,ENST00000327042,TMEM86B
ENSG00000105063,ENST00000412770,PPP6R1
ENSG00000133265,ENST00000433386,HSPBP1
ENSG00000160469,ENST00000309383,BRSK1
ENSG00000180061,ENST00000326652,TMEM150B
ENSG00000133247,ENST00000255613,KMT5C
ENSG00000160471,ENST00000326529,COX6B2
ENSG00000180043,ENST00000424985,GARIN5B
ENSG00000095752,ENST00000264563,IL11
ENSG00000160472,ENST00000291934,TMEM190
ENSG00000233493,ENST00000444469,TMEM238
ENSG00000108107,ENST00000344063,RPL28
ENSG00000108106,ENST00000264552,UBE2S
ENSG00000187902,ENST00000376325,SHISA7
ENSG00000063241,ENST00000425675,ISOC2
ENSG00000283567,ENST00000635964,C19orf85
ENSG00000197483,ENST00000598519,ZNF628
ENSG00000090971,ENST00000205194,NAT14
ENSG00000179954,ENST00000389623,SSC5D
ENSG00000187550,ENST00000413299,SBK2
ENSG00000231274,ENST00000612221,SBK3
ENSG00000218891,ENST00000325421,ZNF579
ENSG00000179943,ENST00000221665,FIZ1
ENSG00000171443,ENST00000301073,ZNF524
ENSG00000261221,ENST00000568956,ZNF865
ENSG00000179922,ENST00000325351,ZNF784
ENSG00000213015,ENST00000325333,ZNF580
ENSG00000171425,ENST00000270451,ZNF581
ENSG00000173581,ENST00000586790,CCDC106
ENSG00000063244,ENST00000308924,U2AF2
ENSG00000063245,ENST00000270460,EPN1
ENSG00000185792,ENST00000332836,NLRP9
ENSG00000223638,ENST00000434937,RFPL4A
ENSG00000229292,ENST00000341750,RFPL4AL1
ENSG00000179873,ENST00000589093,NLRP11
ENSG00000160505,ENST00000301295,NLRP4
ENSG00000173572,ENST00000342929,NLRP13
ENSG00000179709,ENST00000291971,NLRP8
ENSG00000171487,ENST00000390649,NLRP5
ENSG00000142409,ENST00000610935,ZNF787
ENSG00000167685,ENST00000337080,ZNF444
ENSG00000197487,ENST00000357330,GALP
ENSG00000197213,ENST00000586855,ZSCAN5B
ENSG00000204532,ENST00000534327,ZSCAN5C
ENSG00000131848,ENST00000683990,ZSCAN5A
ENSG00000267710,ENST00000649256,EDDM13
ENSG00000018869,ENST00000586929,ZNF582
ENSG00000198440,ENST00000333201,ZNF583
ENSG00000198046,ENST00000504904,ZNF667
ENSG00000196263,ENST00000308031,ZNF471
ENSG00000196867,ENST00000301318,ZFP28
ENSG00000197016,ENST00000330619,ZNF470
ENSG00000197951,ENST00000599599,ZNF71
ENSG00000268182,ENST00000598409,SMIM17
ENSG00000127903,ENST00000537055,ZNF835
ENSG00000269699,ENST00000629319,ZIM2
ENSG00000198300,ENST00000326441,PEG3
ENSG00000131864,ENST00000254181,USP29
ENSG00000141946,ENST00000269834,ZIM3
ENSG00000258873,ENST00000554048,DUXA
ENSG00000083844,ENST00000263095,ZNF264
ENSG00000105146,ENST00000302804,AURKC
ENSG00000204524,ENST00000414468,ZNF805
ENSG00000197714,ENST00000360338,ZNF460
ENSG00000178229,ENST00000321545,ZNF543
ENSG00000131845,ENST00000282286,ZNF304
ENSG00000152433,ENST00000282282,ZNF547
ENSG00000256060,ENST00000543226,TRAPPC2B
ENSG00000188785,ENST00000336128,ZNF548
ENSG00000186272,ENST00000307658,ZNF17
ENSG00000186230,ENST00000334181,ZNF749
ENSG00000178201,ENST00000321039,VN1R1
ENSG00000197128,ENST00000356584,ZNF772
ENSG00000105136,ENST00000221735,ZNF419
ENSG00000152439,ENST00000282292,ZNF773
ENSG00000121406,ENST00000376233,ZNF549
ENSG00000251369,ENST00000699333,ZNF550
ENSG00000083817,ENST00000196489,ZNF416
ENSG00000171649,ENST00000597850,ZIK1
ENSG00000183647,ENST00000597700,ZNF530
ENSG00000213762,ENST00000396161,ZNF134
ENSG00000121417,ENST00000240731,ZNF211
ENSG00000180532,ENST00000318203,ZSCAN4
ENSG00000204519,ENST00000282296,ZNF551
ENSG00000179909,ENST00000684351,ZNF154
ENSG00000083814,ENST00000317398,ZNF671
ENSG00000152443,ENST00000317178,ZNF776
ENSG00000083828,ENST00000396154,ZNF586
ENSG00000178935,ENST00000391701,ZNF552
ENSG00000269343,ENST00000594901,ZNF587B
ENSG00000204514,ENST00000435989,ZNF814
ENSG00000198466,ENST00000339656,ZNF587
ENSG00000173480,ENST00000312026,ZNF417
ENSG00000196724,ENST00000396147,ZNF418
ENSG00000152454,ENST00000282308,ZNF256
ENSG00000177025,ENST00000314391,C19orf18
ENSG00000166704,ENST00000551380,ZNF606
ENSG00000152467,ENST00000282326,ZSCAN1
ENSG00000176293,ENST00000313434,ZNF135
ENSG00000121413,ENST00000601144,ZSCAN18
ENSG00000181894,ENST00000598312,ZNF329
ENSG00000171606,ENST00000617501,ZNF274
ENSG00000198131,ENST00000687789,ZNF544
ENSG00000278129,ENST00000621650,ZNF8
ENSG00000142396,ENST00000413518,ERVK3-1
ENSG00000182318,ENST00000329665,ZSCAN22
ENSG00000121410,ENST00000263100,A1BG
ENSG00000174586,ENST00000311044,ZNF497
ENSG00000152475,ENST00000597582,ZNF837
ENSG00000083845,ENST00000196551,RPS5
ENSG00000269855,ENST00000601382,RNF225
ENSG00000171574,ENST00000306910,ZNF584
ENSG00000131849,ENST00000254166,ZNF132
ENSG00000249471,ENST00000336614,ZNF324B
ENSG00000083812,ENST00000196482,ZNF324
ENSG00000083838,ENST00000594369,ZNF446
ENSG00000083807,ENST00000263093,SLC27A5
ENSG00000119574,ENST00000594051,ZBTB45
ENSG00000130726,ENST00000253024,TRIM28
ENSG00000130724,ENST00000312547,CHMP2A
ENSG00000130725,ENST00000253023,UBE2M
ENSG00000099326,ENST00000215057,MZF1
ENSG00000178591,ENST00000382410,DEFB125
ENSG00000125788,ENST00000382398,DEFB126
ENSG00000088782,ENST00000382388,DEFB127
ENSG00000185982,ENST00000334391,DEFB128
ENSG00000125903,ENST00000246105,DEFB129
ENSG00000186458,ENST00000382376,DEFB132
ENSG00000196476,ENST00000360321,C20orf96
ENSG00000247315,ENST00000500893,ZCCHC3
ENSG00000177732,ENST00000342665,SOX12
ENSG00000125841,ENST00000382285,NRSN2
ENSG00000101255,ENST00000217233,TRIB3
ENSG00000125826,ENST00000356286,RBCK1
ENSG00000125875,ENST00000354200,TBC1D20
ENSG00000101266,ENST00000217244,CSNK2A1
ENSG00000125878,ENST00000246080,TCF15
ENSG00000271303,ENST00000381962,SRXN1
ENSG00000215397,ENST00000246104,SCRT2
ENSG00000101276,ENST00000645534,SLC52A3
ENSG00000125898,ENST00000381941,FAM110A
ENSG00000101280,ENST00000381922,ANGPT4
ENSG00000101282,ENST00000217260,RSPO4
ENSG00000125818,ENST00000335877,PSMF1
ENSG00000125895,ENST00000429036,TMEM74B
ENSG00000215595,ENST00000400633,C20orf202
ENSG00000244588,ENST00000683101,RAD21L1
ENSG00000101298,ENST00000381867,SNPH
ENSG00000125775,ENST00000360779,SDCBP2
ENSG00000088832,ENST00000400137,FKBP1A
ENSG00000088833,ENST00000216879,NSFL1C
ENSG00000196209,ENST00000359801,SIRPB2
ENSG00000125900,ENST00000381623,SIRPD
ENSG00000101307,ENST00000381605,SIRPB1
ENSG00000089012,ENST00000303415,SIRPG
ENSG00000198053,ENST00000358771,SIRPA
ENSG00000101327,ENST00000217305,PDYN
ENSG00000125834,ENST00000381482,STK35
ENSG00000125780,ENST00000381458,TGM3
ENSG00000166948,ENST00000202625,TGM6
ENSG00000125835,ENST00000381342,SNRPB
ENSG00000088876,ENST00000278772,ZNF343
ENSG00000149488,ENST00000358864,TMC2
ENSG00000101361,ENST00000329276,NOP56
ENSG00000101365,ENST00000380843,IDH3B
ENSG00000088881,ENST00000609451,EBF4
ENSG00000088882,ENST00000380605,CPXM1
ENSG00000258713,ENST00000603872,C20orf141
ENSG00000198326,ENST00000380585,TMEM239
ENSG00000132635,ENST00000360652,PCED1A
ENSG00000215305,ENST00000380445,VPS16
ENSG00000132670,ENST00000399903,PTPRA
ENSG00000125787,ENST00000359100,GNRH2
ENSG00000125901,ENST00000380325,MRPS26
ENSG00000101405,ENST00000217386,OXT
ENSG00000101200,ENST00000380293,AVP
ENSG00000185019,ENST00000217173,UBOX5
ENSG00000215251,ENST00000380266,FASTKD5
ENSG00000088899,ENST00000337576,LZTS3
ENSG00000198171,ENST00000354488,DDRGK1
ENSG00000125877,ENST00000380113,ITPA
ENSG00000088836,ENST00000642402,SLC4A11
ENSG00000088854,ENST00000252032,DNAAF9
ENSG00000088812,ENST00000262919,ATRN
ENSG00000125861,ENST00000290417,GFRA4
ENSG00000149451,ENST00000356518,ADAM33
ENSG00000088827,ENST00000344754,SIGLEC1
ENSG00000132622,ENST00000254963,HSPA12B
ENSG00000101220,ENST00000379772,ADISSP
ENSG00000101222,ENST00000379756,SPEF1
ENSG00000125817,ENST00000379751,CENPB
ENSG00000101224,ENST00000245960,CDC25B
ENSG00000125843,ENST00000615891,AP5S1
ENSG00000088888,ENST00000428216,MAVS
ENSG00000125779,ENST00000610179,PANK2
ENSG00000101236,ENST00000358395,RNF24
ENSG00000088826,ENST00000305958,SMOX
ENSG00000171873,ENST00000379453,ADRA1D
ENSG00000171867,ENST00000379440,PRNP
ENSG00000171864,ENST00000305817,PRND
ENSG00000101265,ENST00000379400,RASSF2
ENSG00000089057,ENST00000338244,SLC23A2
ENSG00000089063,ENST00000202834,TMEM230
ENSG00000132646,ENST00000379143,PCNA
ENSG00000101290,ENST00000460006,CDS2
ENSG00000101292,ENST00000678254,PROKR2
ENSG00000125772,ENST00000379019,GPCPD1
ENSG00000171984,ENST00000303142,SHLD1
ENSG00000089199,ENST00000378961,CHGB
ENSG00000089195,ENST00000203001,TRMT6
ENSG00000125885,ENST00000610722,MCM8
ENSG00000088766,ENST00000378863,CRLS1
ENSG00000125872,ENST00000378858,LRRN4
ENSG00000101311,ENST00000217289,FERMT1
ENSG00000125845,ENST00000378827,BMP2
ENSG00000101323,ENST00000378789,HAO1
ENSG00000125827,ENST00000246024,TMX4
ENSG00000182621,ENST00000338037,PLCB1
ENSG00000101333,ENST00000378473,PLCB4
ENSG00000125869,ENST00000246070,LAMP5
ENSG00000101349,ENST00000353224,PAK5
ENSG00000132623,ENST00000378392,ANKEF1
ENSG00000132639,ENST00000254976,SNAP25
ENSG00000125863,ENST00000347364,MKKS
ENSG00000285508,ENST00000713549,ENSG00000285508
ENSG00000285723,ENST00000649912,ENSG00000285723
ENSG00000149346,ENST00000334534,SLX4IP
ENSG00000101384,ENST00000254958,JAG1
ENSG00000132640,ENST00000378226,BTBD3
ENSG00000172296,ENST00000399002,SPTLC3
ENSG00000101230,ENST00000262487,ISM1
ENSG00000089123,ENST00000337743,TASP1
ENSG00000089048,ENST00000617257,ESF1
ENSG00000101247,ENST00000378106,NDUFAF5
ENSG00000101251,ENST00000284951,SEL1L2
ENSG00000172264,ENST00000684519,MACROD2
ENSG00000125848,ENST00000341420,FLRT3
ENSG00000089177,ENST00000354981,KIF16B
ENSG00000125870,ENST00000246071,SNRPB2
ENSG00000125879,ENST00000246081,OTOR
ENSG00000125851,ENST00000262545,PCSK2
ENSG00000125864,ENST00000377873,BFSP1
ENSG00000125868,ENST00000246069,DSTN
ENSG00000125844,ENST00000377813,RRBP1
ENSG00000125888,ENST00000246090,BANF2
ENSG00000089006,ENST00000377759,SNX5
ENSG00000125850,ENST00000278780,OVOL2
ENSG00000125871,ENST00000377710,MGME1
ENSG00000149474,ENST00000688188,KAT14
ENSG00000232838,ENST00000432901,PET117
ENSG00000125846,ENST00000425686,ZNF133
ENSG00000089091,ENST00000699568,DZANK1
ENSG00000132664,ENST00000377603,POLR3F
ENSG00000089050,ENST00000337227,RBBP9
ENSG00000101310,ENST00000650089,SEC23B
ENSG00000232388,ENST00000411646,SMIM26
ENSG00000125821,ENST00000377452,DTD1
ENSG00000132631,ENST00000377428,SCP2D1
ENSG00000185052,ENST00000328041,SLC24A3
ENSG00000132669,ENST00000255006,RIN2
ENSG00000173418,ENST00000334982,NAA20
ENSG00000101343,ENST00000536226,CRNKL1
ENSG00000089101,ENST00000245957,CFAP61
ENSG00000173404,ENST00000310227,INSM1
ENSG00000188559,ENST00000202677,RALGAPA2
ENSG00000225127,ENST00000420705,LINC00237
ENSG00000088970,ENST00000619189,KIZ
ENSG00000088930,ENST00000377191,XRN2
ENSG00000125816,ENST00000351817,NKX2-4
ENSG00000125820,ENST00000377142,NKX2-2
ENSG00000125813,ENST00000613128,PAX1
ENSG00000125798,ENST00000419308,FOXA2
ENSG00000132671,ENST00000255008,SSTR4
ENSG00000178726,ENST00000377103,THBD
ENSG00000125810,ENST00000246006,CD93
ENSG00000132661,ENST00000254998,NXT1
ENSG00000125812,ENST00000338121,GZF1
ENSG00000125814,ENST00000377026,NAPB
ENSG00000125823,ENST00000347397,CSTL1
ENSG00000125831,ENST00000377009,CST11
ENSG00000125815,ENST00000246012,CST8
ENSG00000101435,ENST00000376979,CST9L
ENSG00000173335,ENST00000376971,CST9
ENSG00000101439,ENST00000376925,CST3
ENSG00000101441,ENST00000217423,CST4
ENSG00000170373,ENST00000304749,CST1
ENSG00000170369,ENST00000304725,CST2
ENSG00000170367,ENST00000304710,CST5
ENSG00000149435,ENST00000335694,GGTLC1
ENSG00000101463,ENST00000376862,SYNDIG1
ENSG00000077984,ENST00000480798,CST7
ENSG00000101474,ENST00000217456,APMAP
ENSG00000154930,ENST00000323482,ACSS1
ENSG00000100987,ENST00000376709,VSX1
ENSG00000197586,ENST00000376652,ENTPD6
ENSG00000100994,ENST00000216962,PYGB
ENSG00000100997,ENST00000339157,ABHD12
ENSG00000101003,ENST00000262460,GINS1
ENSG00000101004,ENST00000278886,NINL
ENSG00000170191,ENST00000304788,NANP
ENSG00000130684,ENST00000252979,ZNF337
ENSG00000215547,ENST00000400552,DEFB115
ENSG00000215545,ENST00000400549,DEFB116
ENSG00000131068,ENST00000253381,DEFB118
ENSG00000180483,ENST00000376321,DEFB119
ENSG00000204548,ENST00000376314,DEFB121
ENSG00000180424,ENST00000376309,DEFB123
ENSG00000180383,ENST00000317676,DEFB124
ENSG00000088320,ENST00000201979,REM1
ENSG00000101294,ENST00000398174,HM13
ENSG00000101898,ENST00000394552,MCTS2
ENSG00000125968,ENST00000376112,ID1
ENSG00000131055,ENST00000376075,COX4I2
ENSG00000171552,ENST00000307677,BCL2L1
ENSG00000088325,ENST00000300403,TPX2
ENSG00000101306,ENST00000375985,MYLK2
ENSG00000179772,ENST00000375978,FOXS1
ENSG00000149599,ENST00000339738,DUSP15
ENSG00000131044,ENST00000535842,TTLL9
ENSG00000088356,ENST00000202017,PDRG1
ENSG00000260903,ENST00000562532,XKR7
ENSG00000101331,ENST00000452892,CCM2L
ENSG00000101336,ENST00000375852,HCK
ENSG00000101337,ENST00000398022,TM9SF4
ENSG00000126003,ENST00000246229,PLAGL2
ENSG00000101346,ENST00000375749,POFUT1
ENSG00000101350,ENST00000375712,KIF3B
ENSG00000171456,ENST00000375687,ASXL1
ENSG00000197183,ENST00000621426,NOL4L
ENSG00000198547,ENST00000608990,C20orf203
ENSG00000149600,ENST00000278980,COMMD7
ENSG00000088305,ENST00000328111,DNMT3B
ENSG00000101367,ENST00000375571,MAPRE1
ENSG00000215529,ENST00000400522,EFCAB8
ENSG00000167098,ENST00000356173,SUN5
ENSG00000078898,ENST00000170150,BPIFB2
ENSG00000167104,ENST00000349552,BPIFB6
ENSG00000186190,ENST00000375494,BPIFB3
ENSG00000186191,ENST00000375483,BPIFB4
ENSG00000131050,ENST00000354932,BPIFA2
ENSG00000131059,ENST00000375454,BPIFA3
ENSG00000198183,ENST00000354297,BPIFA1
ENSG00000125999,ENST00000253354,BPIFB1
ENSG00000101391,ENST00000346416,CDK5RAP1
ENSG00000101400,ENST00000217381,SNTA1
ENSG00000078699,ENST00000342704,CBFA2T2
ENSG00000125967,ENST00000246190,NECAB3
ENSG00000149609,ENST00000375222,C20orf144
ENSG00000288649,ENST00000677665,ACTL10
ENSG00000101412,ENST00000343380,E2F1
ENSG00000101417,ENST00000409299,PXMP4
ENSG00000131061,ENST00000375200,ZNF341
ENSG00000101421,ENST00000217402,CHMP4B
ENSG00000125970,ENST00000246194,RALY
ENSG00000125977,ENST00000374980,EIF2S2
ENSG00000101440,ENST00000374954,ASIP
ENSG00000101444,ENST00000217426,AHCY
ENSG00000078747,ENST00000374864,ITCH
ENSG00000125971,ENST00000357156,DYNLRB1
ENSG00000101460,ENST00000360668,MAP1LC3A
ENSG00000101464,ENST00000217446,PIGU
ENSG00000198646,ENST00000359003,NCOA6
ENSG00000078804,ENST00000374810,TP53INP2
ENSG00000131067,ENST00000336431,GGT7
ENSG00000131069,ENST00000360596,ACSS2
ENSG00000100983,ENST00000651619,GSS
ENSG00000078814,ENST00000262873,MYH7B
ENSG00000100991,ENST00000252015,TRPC4AP
ENSG00000088298,ENST00000374492,EDEM2
ENSG00000101000,ENST00000216968,PROCR
ENSG00000126005,ENST00000456790,MMP24OS
ENSG00000125966,ENST00000246186,MMP24
ENSG00000242372,ENST00000374450,EIF6
ENSG00000125998,ENST00000374408,FAM83C
ENSG00000101019,ENST00000374385,UQCC1
ENSG00000125965,ENST00000374369,GDF5
ENSG00000126001,ENST00000397527,CEP250
ENSG00000125975,ENST00000444723,C20orf173
ENSG00000125991,ENST00000348547,ERGIC3
ENSG00000061656,ENST00000374273,SPAG4
ENSG00000214078,ENST00000397443,CPNE1
ENSG00000244462,ENST00000374114,RBM12
ENSG00000244005,ENST00000374092,NFS1
ENSG00000125995,ENST00000374077,ROMO1
ENSG00000131051,ENST00000253363,RBM39
ENSG00000025293,ENST00000374012,PHF20
ENSG00000171222,ENST00000305978,SCAND1
ENSG00000149646,ENST00000373973,CNBD2
ENSG00000088367,ENST00000338074,EPB41L1
ENSG00000131043,ENST00000320849,AAR2
ENSG00000080845,ENST00000339266,DLGAP4
ENSG00000101335,ENST00000279022,MYL9
ENSG00000118707,ENST00000373872,TGIF2
ENSG00000101084,ENST00000344795,RAB5IF
ENSG00000101082,ENST00000262866,SLA2
ENSG00000101079,ENST00000349004,NDRG3
ENSG00000149636,ENST00000373750,DSN1
ENSG00000149639,ENST00000237536,MTCL2
ENSG00000101342,ENST00000217320,TLDC2
ENSG00000101347,ENST00000646673,SAMHD1
ENSG00000080839,ENST00000373664,RBL1
ENSG00000118705,ENST00000237530,RPN2
ENSG00000118702,ENST00000373614,GHRH
ENSG00000101363,ENST00000373606,MANBAL
ENSG00000197122,ENST00000373578,SRC
ENSG00000166619,ENST00000373537,BLCAP
ENSG00000053438,ENST00000649451,NNAT
ENSG00000132792,ENST00000361383,CTNNBL1
ENSG00000132821,ENST00000373461,VSTM2L
ENSG00000101407,ENST00000373447,TTI1
ENSG00000101413,ENST00000373433,RPRD1B
ENSG00000198959,ENST00000361475,TGM2
ENSG00000149633,ENST00000279024,KIAA1755
ENSG00000101425,ENST00000642449,BPI
ENSG00000129988,ENST00000217407,LBP
ENSG00000196756,ENST00000701521,SNHG17
ENSG00000170471,ENST00000262879,RALGAPB
ENSG00000182035,ENST00000537425,ADIG
ENSG00000124143,ENST00000373345,ARHGAP40
ENSG00000101438,ENST00000217420,SLC32A1
ENSG00000101442,ENST00000243903,ACTR5
ENSG00000101445,ENST00000299824,PPP1R16B
ENSG00000101447,ENST00000619850,FAM83D
ENSG00000101452,ENST00000252011,DHX35
ENSG00000204103,ENST00000373313,MAFB
ENSG00000198900,ENST00000361337,TOP1
ENSG00000124181,ENST00000685551,PLCG1
ENSG00000174306,ENST00000683867,ZHX3
ENSG00000132793,ENST00000373257,LPIN3
ENSG00000183798,ENST00000332312,EMILIN3
ENSG00000124177,ENST00000373233,CHD6
ENSG00000196090,ENST00000373187,PTPRT
ENSG00000124193,ENST00000244020,SRSF6
ENSG00000185513,ENST00000418998,L3MBTL1
ENSG00000101049,ENST00000373100,SGK2
ENSG00000101052,ENST00000373030,IFT52
ENSG00000101057,ENST00000217026,MYBL2
ENSG00000124196,ENST00000373003,GTSF1L
ENSG00000124191,ENST00000341197,TOX2
ENSG00000149596,ENST00000372980,JPH2
ENSG00000132823,ENST00000255174,OSER1
ENSG00000124194,ENST00000342560,GDAP1L1
ENSG00000197296,ENST00000396825,FITM2
ENSG00000101074,ENST00000217043,R3HDML
ENSG00000101076,ENST00000316673,HNF4A
ENSG00000124120,ENST00000262605,TTPAL
ENSG00000132824,ENST00000342374,SERINC3
ENSG00000168734,ENST00000372886,PKIG
ENSG00000196839,ENST00000372874,ADA
ENSG00000064205,ENST00000190983,CCN5
ENSG00000124249,ENST00000372861,KCNK15
ENSG00000101098,ENST00000372851,RIMS4
ENSG00000166913,ENST00000353703,YWHAB
ENSG00000101104,ENST00000217073,PABPC1L
ENSG00000025772,ENST00000372813,TOMM34
ENSG00000101109,ENST00000372806,STK4
ENSG00000124134,ENST00000537075,KCNS1
ENSG00000175121,ENST00000372789,WFDC5
ENSG00000168703,ENST00000372785,WFDC12
ENSG00000124102,ENST00000243924,PI3
ENSG00000124233,ENST00000372781,SEMG1
ENSG00000124157,ENST00000372769,SEMG2
ENSG00000124107,ENST00000338380,SLPI
ENSG00000124159,ENST00000372756,MATN4
ENSG00000124232,ENST00000343694,RBPJL
ENSG00000124145,ENST00000372733,SDC4
ENSG00000204070,ENST00000243918,SYS1
ENSG00000124251,ENST00000372726,TP53TG5
ENSG00000244274,ENST00000372710,DBNDD2
ENSG00000124155,ENST00000279036,PIGT
ENSG00000101443,ENST00000372676,WFDC2
ENSG00000101446,ENST00000217428,SPINT3
ENSG00000243543,ENST00000372670,WFDC6
ENSG00000101448,ENST00000354280,EPPIN
ENSG00000158901,ENST00000289953,WFDC8
ENSG00000180205,ENST00000326000,WFDC9
ENSG00000180305,ENST00000372643,WFDC10A
ENSG00000180083,ENST00000324384,WFDC11
ENSG00000182931,ENST00000330523,WFDC10B
ENSG00000168634,ENST00000305479,WFDC13
ENSG00000149651,ENST00000279058,SPINT4
ENSG00000124116,ENST00000243938,WFDC3
ENSG00000101457,ENST00000372622,DNTTIP1
ENSG00000175063,ENST00000356455,UBE2C
ENSG00000101470,ENST00000372555,TNNC2
ENSG00000124104,ENST00000491381,SNX21
ENSG00000101473,ENST00000217455,ACOT8
ENSG00000132801,ENST00000255152,ZSWIM3
ENSG00000168612,ENST00000372523,ZSWIM1
ENSG00000149634,ENST00000372519,SPATA25
ENSG00000124257,ENST00000372518,NEURL2
ENSG00000064601,ENST00000646241,CTSA
ENSG00000100979,ENST00000372431,PLTP
ENSG00000100982,ENST00000372409,PCIF1
ENSG00000198026,ENST00000322927,ZNF335
ENSG00000100985,ENST00000372330,MMP9
ENSG00000124140,ENST00000243964,SLC12A5
ENSG00000124160,ENST00000290231,NCOA5
ENSG00000101017,ENST00000372285,CD40
ENSG00000149654,ENST00000537909,CDH22
ENSG00000080189,ENST00000372230,SLC35C2
ENSG00000062598,ENST00000290246,ELMO2
ENSG00000198185,ENST00000692313,ZNF334
ENSG00000149635,ENST00000279028,OCSTAMP
ENSG00000158296,ENST00000279027,SLC13A3
ENSG00000172315,ENST00000372114,TP53RK
ENSG00000197496,ENST00000359271,SLC2A10
ENSG00000064655,ENST00000327619,EYA2
ENSG00000101040,ENST00000471951,ZMYND8
ENSG00000124151,ENST00000371998,NCOA3
ENSG00000196562,ENST00000688720,SULF2
ENSG00000124126,ENST00000371941,PREX1
ENSG00000124198,ENST00000371917,ARFGEF2
ENSG00000124207,ENST00000262982,CSE1L
ENSG00000124214,ENST00000371856,STAU1
ENSG00000124228,ENST00000618172,DDX27
ENSG00000124201,ENST00000396105,ZNFX1
ENSG00000158445,ENST00000371741,KCNB1
ENSG00000124212,ENST00000244043,PTGIS
ENSG00000158470,ENST00000371711,B4GALT5
ENSG00000197818,ENST00000361573,SLC9A8
ENSG00000158480,ENST00000289431,SPATA2
ENSG00000124226,ENST00000244061,RNF114
ENSG00000124216,ENST00000244050,SNAI1
ENSG00000244687,ENST00000371674,UBE2V1
ENSG00000240849,ENST00000371652,PEDS1
ENSG00000172216,ENST00000303004,CEBPB
ENSG00000196396,ENST00000371621,PTPN1
ENSG00000042062,ENST00000327979,RIPOR3
ENSG00000124171,ENST00000371610,PARD6B
ENSG00000124243,ENST00000371608,BCAS4
ENSG00000101126,ENST00000621696,ADNP
ENSG00000000419,ENST00000371588,DPM1
ENSG00000124217,ENST00000244051,MOCS3
ENSG00000026559,ENST00000371571,KCNG1
ENSG00000101096,ENST00000371564,NFATC2
ENSG00000054793,ENST00000338821,ATP9A
ENSG00000101115,ENST00000217086,SALL4
ENSG00000020256,ENST00000216923,ZFP64
ENSG00000182463,ENST00000371497,TSHZ2
ENSG00000171940,ENST00000371471,ZNF217
ENSG00000064787,ENST00000688948,BCAS1
ENSG00000019186,ENST00000216862,CYP24A1
ENSG00000101132,ENST00000371419,PFDN4
ENSG00000101134,ENST00000262593,DOK5
ENSG00000054803,ENST00000064571,CBLN4
ENSG00000124089,ENST00000243911,MC3R
ENSG00000124098,ENST00000371384,FAM210B
ENSG00000087586,ENST00000395915,AURKA
ENSG00000101138,ENST00000217109,CSTF1
ENSG00000087589,ENST00000679887,CASS4
ENSG00000022277,ENST00000357348,RTF2
ENSG00000124103,ENST00000371328,FAM209A
ENSG00000213714,ENST00000371325,FAM209B
ENSG00000087510,ENST00000201031,TFAP2C
ENSG00000101144,ENST00000395863,BMP7
ENSG00000054796,ENST00000371263,SPO11
ENSG00000101146,ENST00000395841,RAE1
ENSG00000132819,ENST00000356208,RBM38
ENSG00000124092,ENST00000243914,CTCFL
ENSG00000124253,ENST00000319441,PCK1
ENSG00000124256,ENST00000371173,ZBP1
ENSG00000124225,ENST00000341744,PMEPA1
ENSG00000124237,ENST00000371168,CIMIP1
ENSG00000124227,ENST00000457363,ANKRD60
ENSG00000124209,ENST00000244040,RAB22A
ENSG00000124164,ENST00000475243,VAPB
ENSG00000198768,ENST00000371149,APCDD1L
ENSG00000124222,ENST00000371141,STX16
ENSG00000215440,ENST00000356091,NPEPL1
ENSG00000235590,ENST00000718285,GNAS-AS1
ENSG00000087460,ENST00000371085,GNAS
ENSG00000101158,ENST00000652272,NELFCD
ENSG00000101160,ENST00000217131,CTSZ
ENSG00000101162,ENST00000217133,TUBB1
ENSG00000124172,ENST00000243997,ATP5F1E
ENSG00000101166,ENST00000355937,PRELID3B
ENSG00000124203,ENST00000371030,ZNF831
ENSG00000124205,ENST00000337938,EDN3
ENSG00000087495,ENST00000371015,PHACTR3
ENSG00000196074,ENST00000357552,SYCP2
ENSG00000196227,ENST00000360816,FAM217B
ENSG00000132825,ENST00000370996,PPP1R3D
ENSG00000124215,ENST00000348616,CDH26
ENSG00000179242,ENST00000614565,CDH4
ENSG00000130699,ENST00000252996,TAF4
ENSG00000149657,ENST00000279068,LSM14B
ENSG00000101182,ENST00000370873,PSMA7
ENSG00000184402,ENST00000331758,SS18L1
ENSG00000101181,ENST00000370823,MTG2
ENSG00000101180,ENST00000340177,HRH3
ENSG00000130703,ENST00000313733,OSBPL2
ENSG00000130706,ENST00000253003,ADRM1
ENSG00000130702,ENST00000252999,LAMA5
ENSG00000171858,ENST00000343986,RPS21
ENSG00000149679,ENST00000279101,CABLES2
ENSG00000130701,ENST00000252998,RBBP8NL
ENSG00000130700,ENST00000252997,GATA5
ENSG00000101187,ENST00000217159,SLCO4A1
ENSG00000101188,ENST00000370501,NTSR1
ENSG00000101189,ENST00000370487,MRGBP
ENSG00000060491,ENST00000290291,OGFR
ENSG00000092758,ENST00000649368,COL9A3
ENSG00000101190,ENST00000335351,TCFL5
ENSG00000101191,ENST00000395343,DIDO1
ENSG00000101193,ENST00000266069,GID8
ENSG00000101194,ENST00000370351,SLC17A9
ENSG00000125533,ENST00000612929,BHLHE23
ENSG00000149658,ENST00000370339,YTHDF1
ENSG00000101197,ENST00000217169,BIRC7
ENSG00000101198,ENST00000370316,NKAIN4
ENSG00000101199,ENST00000370283,ARFGAP1
ENSG00000101203,ENST00000358894,COL20A1
ENSG00000101204,ENST00000370263,CHRNA4
ENSG00000075043,ENST00000359125,KCNQ2
ENSG00000101210,ENST00000217182,EEF1A2
ENSG00000125534,ENST00000370179,PPDPF
ENSG00000101213,ENST00000542869,PTK6
ENSG00000125508,ENST00000217188,SRMS
ENSG00000125531,ENST00000370097,FNDC11
ENSG00000130589,ENST00000467148,HELZ2
ENSG00000101216,ENST00000370077,GMEB2
ENSG00000197457,ENST00000370053,STMN3
ENSG00000258366,ENST00000360203,RTEL1
ENSG00000243509,ENST00000369996,TNFRSF6B
ENSG00000101246,ENST00000622789,ARFRP1
ENSG00000197114,ENST00000355969,ZGPAT
ENSG00000203896,ENST00000309546,LIME1
ENSG00000125520,ENST00000266077,SLC2A4RG
ENSG00000130584,ENST00000245663,ZBTB46
ENSG00000183260,ENST00000369916,ABHD16B
ENSG00000101150,ENST00000346249,TPD52L2
ENSG00000101152,ENST00000360864,DNAJC5
ENSG00000198276,ENST00000354216,UCKL1
ENSG00000196700,ENST00000369888,ZNF512B
ENSG00000130590,ENST00000369886,SAMD10
ENSG00000101161,ENST00000266079,PRPF6
ENSG00000196421,ENST00000636176,C20orf204
ENSG00000203883,ENST00000340356,SOX18
ENSG00000171703,ENST00000343484,TCEA2
ENSG00000171700,ENST00000395042,RGS19
ENSG00000125510,ENST00000336866,OPRL1
ENSG00000171695,ENST00000302096,LKAAEAR1
ENSG00000196132,ENST00000328439,MYT1
ENSG00000125522,ENST00000684052,NPBWR2
ENSG00000203880,ENST00000308824,PCMTD2
ENSG00000274391,ENST00000618007,TPTE
ENSG00000166351,ENST00000299443,POTED
ENSG00000188992,ENST00000681601,LIPI
ENSG00000185272,ENST00000400577,RBM11
ENSG00000155304,ENST00000285667,HSPA13
ENSG00000155307,ENST00000400566,SAMSN1
ENSG00000180530,ENST00000318948,NRIP1
ENSG00000155313,ENST00000400183,USP25
ENSG00000154639,ENST00000284878,CXADR
ENSG00000154640,ENST00000348354,BTG3
ENSG00000154642,ENST00000284881,C21orf91
ENSG00000154645,ENST00000299295,CHODL
ENSG00000154646,ENST00000284885,TMPRSS15
ENSG00000154654,ENST00000400546,NCAM2
ENSG00000154719,ENST00000352957,MRPL39
ENSG00000154721,ENST00000480456,JAM2
ENSG00000154723,ENST00000284971,ATP5PF
ENSG00000154727,ENST00000400075,GABPA
ENSG00000142192,ENST00000346798,APP
ENSG00000166265,ENST00000652641,CYYR1
ENSG00000154734,ENST00000284984,ADAMTS1
ENSG00000154736,ENST00000284987,ADAMTS5
ENSG00000156239,ENST00000303775,HEMK2
ENSG00000198862,ENST00000361371,LTN1
ENSG00000156253,ENST00000493196,RWDD2B
ENSG00000156256,ENST00000399976,USP16
ENSG00000156261,ENST00000286788,CCT8
ENSG00000156265,ENST00000399928,MAP3K7CL
ENSG00000156273,ENST00000286800,BACH1
ENSG00000171189,ENST00000327783,GRIK1
ENSG00000156282,ENST00000286808,CLDN17
ENSG00000156284,ENST00000399899,CLDN8
ENSG00000188694,ENST00000340345,KRTAP24-1
ENSG00000232263,ENST00000416044,KRTAP25-1
ENSG00000197683,ENST00000360542,KRTAP26-1
ENSG00000206107,ENST00000382835,KRTAP27-1
ENSG00000186980,ENST00000334160,KRTAP23-1
ENSG00000182816,ENST00000399889,KRTAP13-2
ENSG00000198390,ENST00000355459,KRTAP13-1
ENSG00000240432,ENST00000390690,KRTAP13-3
ENSG00000186971,ENST00000334068,KRTAP13-4
ENSG00000186970,ENST00000334067,KRTAP15-1
ENSG00000184351,ENST00000390689,KRTAP19-1
ENSG00000186965,ENST00000334055,KRTAP19-2
ENSG00000244025,ENST00000334063,KRTAP19-3
ENSG00000186967,ENST00000334058,KRTAP19-4
ENSG00000186977,ENST00000334151,KRTAP19-5
ENSG00000186925,ENST00000334046,KRTAP19-6
ENSG00000244362,ENST00000334849,KRTAP19-7
ENSG00000206106,ENST00000382830,KRTAP22-2
ENSG00000212938,ENST00000391624,KRTAP6-3
ENSG00000186930,ENST00000334897,KRTAP6-2
ENSG00000186924,ENST00000334680,KRTAP22-1
ENSG00000184724,ENST00000329122,KRTAP6-1
ENSG00000244624,ENST00000334664,KRTAP20-1
ENSG00000206105,ENST00000382828,KRTAP20-4
ENSG00000184032,ENST00000330798,KRTAP20-2
ENSG00000206104,ENST00000382826,KRTAP20-3
ENSG00000231068,ENST00000444335,KRTAP21-3
ENSG00000187026,ENST00000333892,KRTAP21-2
ENSG00000187005,ENST00000335093,KRTAP21-1
ENSG00000183640,ENST00000329621,KRTAP8-1
ENSG00000274749,ENST00000621162,KRTAP7-1
ENSG00000182591,ENST00000332378,KRTAP11-1
ENSG00000206102,ENST00000382822,KRTAP19-8
ENSG00000156299,ENST00000541036,TIAM1
ENSG00000142168,ENST00000270142,SOD1
ENSG00000156304,ENST00000286835,SCAF4
ENSG00000142149,ENST00000270112,HUNK
ENSG00000159055,ENST00000290130,MIS18A
ENSG00000170262,ENST00000303645,MRAP
ENSG00000142207,ENST00000382751,URB1
ENSG00000166979,ENST00000300255,EVA1C
ENSG00000242220,ENST00000300258,TCP10L
ENSG00000159079,ENST00000290155,CFAP298
ENSG00000159082,ENST00000674351,SYNJ1
ENSG00000159086,ENST00000331923,PAXBP1
ENSG00000205929,ENST00000479548,EPCIP
ENSG00000205927,ENST00000382357,OLIG2
ENSG00000184221,ENST00000382348,OLIG1
ENSG00000159110,ENST00000342136,IFNAR2
ENSG00000243646,ENST00000290200,IL10RB
ENSG00000142166,ENST00000270139,IFNAR1
ENSG00000159128,ENST00000290219,IFNGR2
ENSG00000142188,ENST00000542230,TMEM50B
ENSG00000177692,ENST00000381947,DNAJC28
ENSG00000159131,ENST00000381815,GART
ENSG00000159140,ENST00000356577,SON
ENSG00000159147,ENST00000303071,DONSON
ENSG00000205758,ENST00000381554,CRYZL1
ENSG00000205726,ENST00000381318,ITSN1
ENSG00000241837,ENST00000290299,ATP5PO
ENSG00000243927,ENST00000399312,MRPS6
ENSG00000198743,ENST00000381151,SLC5A3
ENSG00000159197,ENST00000290310,KCNE2
ENSG00000205670,ENST00000399292,SMIM11
ENSG00000222018,ENST00000410005,C21orf140
ENSG00000243627,ENST00000450895,SMIM34
ENSG00000180509,ENST00000399286,KCNE1
ENSG00000159200,ENST00000313806,RCAN1
ENSG00000159212,ENST00000349499,CLIC6
ENSG00000159216,ENST00000675419,RUNX1
ENSG00000185917,ENST00000332131,SETD4
ENSG00000159228,ENST00000290349,CBR1
ENSG00000159231,ENST00000290354,CBR3
ENSG00000142197,ENST00000691173,DOP1B
ENSG00000159256,ENST00000400485,MORC3
ENSG00000159259,ENST00000314103,CHAF1B
ENSG00000159261,ENST00000399135,CLDN14
ENSG00000159263,ENST00000290399,SIM2
ENSG00000159267,ENST00000674895,HLCS
ENSG00000183145,ENST00000329553,RIPPLY3
ENSG00000185808,ENST00000360525,PIGP
ENSG00000182670,ENST00000418766,TTC3
ENSG00000157538,ENST00000309117,VPS26C
ENSG00000157540,ENST00000647188,DYRK1A
ENSG00000157542,ENST00000609713,KCNJ6
ENSG00000157551,ENST00000398938,KCNJ15
ENSG00000157554,ENST00000288319,ERG
ENSG00000157557,ENST00000360938,ETS2
ENSG00000183527,ENST00000331573,PSMG1
ENSG00000185658,ENST00000342449,BRWD1
ENSG00000205581,ENST00000380749,HMGN1
ENSG00000182093,ENST00000649170,GET1
ENSG00000157578,ENST00000288350,LCA5L
ENSG00000185437,ENST00000333634,SH3BGR
ENSG00000183778,ENST00000684187,B3GALT5
ENSG00000183067,ENST00000380588,IGSF5
ENSG00000183036,ENST00000328619,PCP4
ENSG00000171587,ENST00000400454,DSCAM
ENSG00000182240,ENST00000330333,BACE2
ENSG00000183844,ENST00000357985,FAM3B
ENSG00000183486,ENST00000330714,MX2
ENSG00000157601,ENST00000398598,MX1
ENSG00000184012,ENST00000332149,TMPRSS2
ENSG00000183421,ENST00000332512,RIPK4
ENSG00000141956,ENST00000398548,PRDM15
ENSG00000157617,ENST00000380486,C2CD2
ENSG00000173276,ENST00000310826,ZBTB21
ENSG00000177398,ENST00000408910,UMODL1
ENSG00000160179,ENST00000398449,ABCG1
ENSG00000160180,ENST00000518498,TFF3
ENSG00000160181,ENST00000291526,TFF2
ENSG00000160182,ENST00000291527,TFF1
ENSG00000160183,ENST00000644384,TMPRSS3
ENSG00000160185,ENST00000319294,UBASH3A
ENSG00000160188,ENST00000291536,RSPH1
ENSG00000160190,ENST00000352133,SLC37A1
ENSG00000160191,ENST00000291539,PDE9A
ENSG00000160193,ENST00000398208,WDR4
ENSG00000160194,ENST00000354250,NDUFV3
ENSG00000233056,ENST00000447535,ERVH48-1
ENSG00000160199,ENST00000291547,PKNOX1
ENSG00000160200,ENST00000398165,CBS
ENSG00000160201,ENST00000291552,U2AF1
ENSG00000160202,ENST00000291554,CRYAA
ENSG00000142178,ENST00000270162,SIK1
ENSG00000160207,ENST00000291560,HSF2BP
ENSG00000234289,ENST00000599962,H2BC12L
ENSG00000160208,ENST00000340648,RRP1B
ENSG00000160209,ENST00000291565,PDXK
ENSG00000160213,ENST00000291568,CSTB
ENSG00000160214,ENST00000497547,RRP1
ENSG00000160216,ENST00000291572,AGPAT3
ENSG00000160218,ENST00000291574,TRAPPC10
ENSG00000241945,ENST00000291576,PWP2
ENSG00000160221,ENST00000291577,GATD3
ENSG00000160223,ENST00000407780,ICOSLG
ENSG00000142182,ENST00000628202,DNMT3L
ENSG00000160224,ENST00000291582,AIRE
ENSG00000141959,ENST00000349048,PFKL
ENSG00000160226,ENST00000339818,CFAP410
ENSG00000142185,ENST00000397928,TRPM2
ENSG00000160233,ENST00000291592,LRRC3
ENSG00000175894,ENST00000323084,TSPEAR
ENSG00000215455,ENST00000400375,KRTAP10-1
ENSG00000205445,ENST00000391621,KRTAP10-2
ENSG00000212935,ENST00000391620,KRTAP10-3
ENSG00000215454,ENST00000400374,KRTAP10-4
ENSG00000241123,ENST00000400372,KRTAP10-5
ENSG00000188155,ENST00000400368,KRTAP10-6
ENSG00000272804,ENST00000609664,KRTAP10-7
ENSG00000187766,ENST00000334662,KRTAP10-8
ENSG00000221837,ENST00000397911,KRTAP10-9
ENSG00000221859,ENST00000380095,KRTAP10-10
ENSG00000243489,ENST00000334670,KRTAP10-11
ENSG00000212933,ENST00000391618,KRTAP12-4
ENSG00000205439,ENST00000397907,KRTAP12-3
ENSG00000221864,ENST00000360770,KRTAP12-2
ENSG00000187175,ENST00000391617,KRTAP12-1
ENSG00000189169,ENST00000400365,KRTAP10-12
ENSG00000184787,ENST00000345496,UBE2G2
ENSG00000184900,ENST00000332859,SUMO3
ENSG00000183255,ENST00000330938,PTTG1IP
ENSG00000160255,ENST00000652462,ITGB2
ENSG00000160256,ENST00000291634,SLX9
ENSG00000197381,ENST00000348831,ADARB1
ENSG00000186866,ENST00000349485,POFUT2
ENSG00000182871,ENST00000651438,COL18A1
ENSG00000173638,ENST00000311124,SLC19A1
ENSG00000183570,ENST00000681687,PCBP3
ENSG00000142156,ENST00000361866,COL6A1
ENSG00000142173,ENST00000300527,COL6A2
ENSG00000160282,ENST00000397746,FTCD
ENSG00000160284,ENST00000291672,SPATC1L
ENSG00000160285,ENST00000397728,LSS
ENSG00000160294,ENST00000291688,MCM3AP
ENSG00000182362,ENST00000397701,YBEY
ENSG00000160298,ENST00000291691,C21orf58
ENSG00000160299,ENST00000359568,PCNT
ENSG00000286224,ENST00000652508,ENSG00000286224
ENSG00000160305,ENST00000417564,DIP2A
ENSG00000160307,ENST00000291700,S100B
ENSG00000160310,ENST00000355680,PRMT2
ENSG00000130538,ENST00000643195,OR11H1
ENSG00000198062,ENST00000343518,POTEH
ENSG00000198445,ENST00000359963,CCT8L2
ENSG00000172967,ENST00000684488,XKR3
ENSG00000215568,ENST00000400588,GAB4
ENSG00000177663,ENST00000319363,IL17RA
ENSG00000183307,ENST00000331437,TMEM121B
ENSG00000069998,ENST00000336737,HDHD5
ENSG00000093072,ENST00000399837,ADA2
ENSG00000099954,ENST00000262608,CECR2
ENSG00000182902,ENST00000327451,SLC25A18
ENSG00000131100,ENST00000253413,ATP6V1E1
ENSG00000099968,ENST00000317582,BCL2L13
ENSG00000015475,ENST00000622694,BID
ENSG00000243156,ENST00000441493,MICAL3
ENSG00000215193,ENST00000399744,PEX26
ENSG00000183785,ENST00000330423,TUBA8
ENSG00000184979,ENST00000215794,USP18
ENSG00000274252,ENST00000619998,GGTLC3
ENSG00000278558,ENST00000612978,TMEM191B
ENSG00000275793,ENST00000619918,RIMBP3
ENSG00000286175,ENST00000652395,FAM246B
ENSG00000183628,ENST00000331444,DGCR6
ENSG00000100033,ENST00000357068,PRODH
ENSG00000070413,ENST00000263196,DGCR2
ENSG00000100056,ENST00000252137,ESS2
ENSG00000206203,ENST00000399635,TSSK2
ENSG00000063515,ENST00000086933,GSC2
ENSG00000100075,ENST00000215882,SLC25A1
ENSG00000070371,ENST00000427926,CLTCL1
ENSG00000100084,ENST00000263208,HIRA
ENSG00000242259,ENST00000399562,C22orf39
ENSG00000185608,ENST00000333130,MRPL40
ENSG00000070010,ENST00000263202,UFD1
ENSG00000093009,ENST00000263201,CDC45
ENSG00000184113,ENST00000618236,CLDN5
ENSG00000184702,ENST00000455784,SEPTIN5
ENSG00000203618,ENST00000366425,GP1BB
ENSG00000184058,ENST00000649276,TBX1
ENSG00000185838,ENST00000329517,GNB1L
ENSG00000215012,ENST00000328554,RTL10
ENSG00000184470,ENST00000400521,TXNRD2
ENSG00000093010,ENST00000361682,COMT
ENSG00000099889,ENST00000263207,ARVCF
ENSG00000183597,ENST00000327374,TANGO2
ENSG00000128191,ENST00000351989,DGCR8
ENSG00000099899,ENST00000252136,TRMT2A
ENSG00000099901,ENST00000430524,RANBP1
ENSG00000099904,ENST00000334554,ZDHHC8
ENSG00000234409,ENST00000439765,CCDC188
ENSG00000040608,ENST00000043402,RTN4R
ENSG00000128185,ENST00000248879,DGCR6L
ENSG00000185252,ENST00000400451,ZNF74
ENSG00000244486,ENST00000622235,SCARF2
ENSG00000099910,ENST00000328879,KLHL22
ENSG00000099917,ENST00000263205,MED15
ENSG00000241973,ENST00000255882,PI4KA
ENSG00000099937,ENST00000215727,SERPIND1
ENSG00000099940,ENST00000215730,SNAP29
ENSG00000099942,ENST00000354336,CRKL
ENSG00000183773,ENST00000440238,AIFM3
ENSG00000099949,ENST00000646124,LZTR1
ENSG00000184436,ENST00000215742,THAP7
ENSG00000099957,ENST00000413302,P2RX6
ENSG00000099960,ENST00000382932,SLC7A4
ENSG00000187905,ENST00000442047,LRRC74B
ENSG00000286102,ENST00000652479,FAM246A
ENSG00000274600,ENST00000620804,RIMBP3B
ENSG00000169635,ENST00000407464,HIC2
ENSG00000206140,ENST00000536718,TMEM191C
ENSG00000183246,ENST00000433039,RIMBP3C
ENSG00000185651,ENST00000342192,UBE2L3
ENSG00000161179,ENST00000292778,YDJC
ENSG00000161180,ENST00000292779,CCDC116
ENSG00000128228,ENST00000248958,SDF2L1
ENSG00000100023,ENST00000398831,PPIL2
ENSG00000100027,ENST00000339468,YPEL1
ENSG00000100030,ENST00000215832,MAPK1
ENSG00000100034,ENST00000263212,PPM1F
ENSG00000100038,ENST00000357179,TOP3B
ENSG00000169575,ENST00000403807,VPREB1
ENSG00000275004,ENST00000626650,ZNF280B
ENSG00000169548,ENST00000302097,ZNF280A
ENSG00000185686,ENST00000405655,PRAME
ENSG00000100121,ENST00000448514,GGTLC2
ENSG00000254709,ENST00000526893,IGLL5
ENSG00000100218,ENST00000216036,RSPH14
ENSG00000128266,ENST00000615612,GNAZ
ENSG00000100228,ENST00000263116,RAB36
ENSG00000186716,ENST00000305877,BCR
ENSG00000128322,ENST00000330377,IGLL1
ENSG00000189269,ENST00000317749,DRICH1
ENSG00000159496,ENST00000290691,RGL4
ENSG00000187792,ENST00000341976,ZNF70
ENSG00000128218,ENST00000248948,VPREB3
ENSG00000169314,ENST00000402217,C22orf15
ENSG00000250479,ENST00000484558,CHCHD10
ENSG00000099953,ENST00000215743,MMP11
ENSG00000099956,ENST00000644036,SMARCB1
ENSG00000099958,ENST00000318109,DERL3
ENSG00000133460,ENST00000316185,SLC2A11
ENSG00000240972,ENST00000215754,MIF
ENSG00000133433,ENST00000290765,GSTT2B
ENSG00000099974,ENST00000215770,DDTL
ENSG00000099977,ENST00000398344,DDT
ENSG00000276950,ENST00000621179,GSTT4
ENSG00000099991,ENST00000263119,CABIN1
ENSG00000099994,ENST00000358321,SUSD2
ENSG00000099998,ENST00000327365,GGT5
ENSG00000100014,ENST00000314328,SPECC1L
ENSG00000128271,ENST00000337539,ADORA2A
ENSG00000100024,ENST00000326010,UPB1
ENSG00000138867,ENST00000435822,GUCD1
ENSG00000100028,ENST00000215829,SNRPD3
ENSG00000178026,ENST00000318753,LRRC75B
ENSG00000100031,ENST00000400382,GGT1
ENSG00000184571,ENST00000616349,PIWIL3
ENSG00000167037,ENST00000400358,SGSM1
ENSG00000206069,ENST00000640159,LHFPL7
ENSG00000197077,ENST00000358431,KIAA1671
ENSG00000100053,ENST00000215855,CRYBB3
ENSG00000244752,ENST00000398215,CRYBB2
ENSG00000100077,ENST00000324198,GRK3
ENSG00000133454,ENST00000335473,MYO18B
ENSG00000100095,ENST00000248933,SEZ6L
ENSG00000128203,ENST00000215906,ASPHD2
ENSG00000100099,ENST00000398145,HPS4
ENSG00000100104,ENST00000215917,SRRD
ENSG00000100109,ENST00000407690,TFIP11
ENSG00000128294,ENST00000338754,TPST2
ENSG00000100122,ENST00000647684,CRYBB1
ENSG00000196431,ENST00000354760,CRYBA4
ENSG00000225783,ENST00000620145,MIAT
ENSG00000169184,ENST00000302326,MN1
ENSG00000180957,ENST00000335272,PITPNB
ENSG00000100154,ENST00000397906,TTC28
ENSG00000183765,ENST00000404276,CHEK2
ENSG00000100209,ENST00000216027,HSCB
ENSG00000159873,ENST00000249064,CCDC117
ENSG00000100219,ENST00000344347,XBP1
ENSG00000183579,ENST00000544604,ZNRF3
ENSG00000100249,ENST00000216071,C22orf31
ENSG00000183762,ENST00000400335,KREMEN1
ENSG00000186998,ENST00000334018,EMID1
ENSG00000100263,ENST00000216085,RHBDD3
ENSG00000182944,ENST00000397938,EWSR1
ENSG00000185340,ENST00000616432,GAS2L1
ENSG00000100276,ENST00000216101,RASL10A
ENSG00000100280,ENST00000357586,AP1B1
ENSG00000128250,ENST00000354373,RFPL1
ENSG00000100285,ENST00000310624,NEFH
ENSG00000100296,ENST00000490103,THOC5
ENSG00000184117,ENST00000216121,NIPSNAP1
ENSG00000186575,ENST00000338641,NF2
ENSG00000100314,ENST00000216144,CABP7
ENSG00000100319,ENST00000344318,ZMAT5
ENSG00000184076,ENST00000330029,UQCR10
ENSG00000100325,ENST00000307790,ASCC2
ENSG00000100330,ENST00000401950,MTMR3
ENSG00000176635,ENST00000336726,HORMAD2
ENSG00000128342,ENST00000249075,LIF
ENSG00000099985,ENST00000215781,OSM
ENSG00000239282,ENST00000407689,CASTOR1
ENSG00000099992,ENST00000215790,TBC1D10A
ENSG00000099995,ENST00000215793,SF3A1
ENSG00000187860,ENST00000338306,CCDC157
ENSG00000099999,ENST00000382363,RNF215
ENSG00000100003,ENST00000615189,SEC14L2
ENSG00000242114,ENST00000266263,MTFP1
ENSG00000100012,ENST00000215812,SEC14L3
ENSG00000133488,ENST00000255858,SEC14L4
ENSG00000214491,ENST00000402034,SEC14L6
ENSG00000128242,ENST00000406361,GAL3ST1
ENSG00000100029,ENST00000354694,PES1
ENSG00000185339,ENST00000215838,TCN2
ENSG00000100036,ENST00000343605,SLC35E4
ENSG00000167065,ENST00000334679,DUSP18
ENSG00000184792,ENST00000332585,OSBP2
ENSG00000133422,ENST00000397641,MORC2
ENSG00000253352,ENST00000644773,TUG1
ENSG00000183963,ENST00000333137,SMTN
ENSG00000198832,ENST00000400299,SELENOM
ENSG00000185133,ENST00000331075,INPP5J
ENSG00000100078,ENST00000215885,PLA2G3
ENSG00000138942,ENST00000326132,RNF185
ENSG00000182541,ENST00000331728,LIMK2
ENSG00000100100,ENST00000215912,PIK3IP1
ENSG00000100105,ENST00000266269,PATZ1
ENSG00000185721,ENST00000331457,DRG1
ENSG00000184708,ENST00000330125,EIF4ENIF1
ENSG00000198089,ENST00000400288,SFI1
ENSG00000241878,ENST00000439502,PISD
ENSG00000183530,ENST00000327423,PRR14L
ENSG00000100150,ENST00000651528,DEPDC5
ENSG00000128245,ENST00000248975,YWHAH
ENSG00000100170,ENST00000266088,SLC5A1
ENSG00000205856,ENST00000382097,C22orf42
ENSG00000128253,ENST00000652607,RFPL2
ENSG00000100191,ENST00000266086,SLC5A4
ENSG00000128276,ENST00000249007,RFPL3
ENSG00000100220,ENST00000216038,RTCB
ENSG00000184459,ENST00000300399,BPIFC
ENSG00000100225,ENST00000266087,FBXO7
ENSG00000185666,ENST00000358763,SYN3
ENSG00000100234,ENST00000266085,TIMP3
ENSG00000133424,ENST00000397394,LARGE1
ENSG00000175329,ENST00000404699,ISX
ENSG00000100281,ENST00000216106,HMGXB4
ENSG00000100284,ENST00000449058,TOM1
ENSG00000100292,ENST00000216117,HMOX1
ENSG00000100297,ENST00000216122,MCM5
ENSG00000100302,ENST00000216127,RASD2
ENSG00000198125,ENST00000397326,MB
ENSG00000221963,ENST00000409652,APOL6
ENSG00000128313,ENST00000249044,APOL5
ENSG00000100320,ENST00000695854,RBFOX2
ENSG00000128284,ENST00000424878,APOL3
ENSG00000100336,ENST00000683024,APOL4
ENSG00000128335,ENST00000358502,APOL2
ENSG00000100342,ENST00000397278,APOL1
ENSG00000100345,ENST00000216181,MYH9
ENSG00000100348,ENST00000216185,TXN2
ENSG00000100350,ENST00000397224,FOXRED2
ENSG00000100353,ENST00000216190,EIF3D
ENSG00000166862,ENST00000300105,CACNG2
ENSG00000100360,ENST00000433985,IFT27
ENSG00000100362,ENST00000417718,PVALB
ENSG00000100365,ENST00000248899,NCF4
ENSG00000100368,ENST00000403662,CSF2RB
ENSG00000185264,ENST00000381821,CIMIP4
ENSG00000128311,ENST00000249042,TST
ENSG00000128309,ENST00000429360,MPST
ENSG00000100379,ENST00000403888,KCTD17
ENSG00000187045,ENST00000676104,TMPRSS6
ENSG00000100385,ENST00000216223,IL2RB
ENSG00000133466,ENST00000337843,C1QTNF6
ENSG00000278195,ENST00000610913,SSTR3
ENSG00000128340,ENST00000249071,RAC2
ENSG00000100055,ENST00000248901,CYTH4
ENSG00000166897,ENST00000402918,ELFN2
ENSG00000100060,ENST00000356998,MFNG
ENSG00000100065,ENST00000251973,CARD10
ENSG00000128283,ENST00000249014,CDC42EP1
ENSG00000100079,ENST00000215886,LGALS2
ENSG00000100083,ENST00000343632,GGA1
ENSG00000100092,ENST00000649765,SH3BP1
ENSG00000241360,ENST00000215904,PDXP
ENSG00000100097,ENST00000215909,LGALS1
ENSG00000273899,ENST00000359114,NOL12
ENSG00000100106,ENST00000644935,TRIOBP
ENSG00000189060,ENST00000340857,H1-0
ENSG00000100116,ENST00000248924,GCAT
ENSG00000128310,ENST00000249041,GALR3
ENSG00000100124,ENST00000215941,ANKRD54
ENSG00000100129,ENST00000652021,EIF3L
ENSG00000100139,ENST00000215957,MICALL1
ENSG00000128346,ENST00000403305,C22orf23
ENSG00000100142,ENST00000442738,POLR2F
ENSG00000100146,ENST00000396884,SOX10
ENSG00000100151,ENST00000356976,PICK1
ENSG00000100156,ENST00000681075,SLC16A8
ENSG00000128298,ENST00000381669,BAIAP2L2
ENSG00000184381,ENST00000332509,PLA2G6
ENSG00000185022,ENST00000338483,MAFF
ENSG00000198792,ENST00000361906,TMEM184B
ENSG00000213923,ENST00000396832,CSNK1E
ENSG00000168135,ENST00000303592,KCNJ4
ENSG00000100196,ENST00000216014,KDELR3
ENSG00000100201,ENST00000403230,DDX17
ENSG00000100206,ENST00000216024,DMC1
ENSG00000184949,ENST00000535113,FAM227A
ENSG00000100211,ENST00000216029,CBY1
ENSG00000100216,ENST00000216034,TOMM22
ENSG00000100221,ENST00000683374,JOSD1
ENSG00000100226,ENST00000216044,GTPBP1
ENSG00000100242,ENST00000689035,SUN2
ENSG00000100246,ENST00000216068,DNAL4
ENSG00000221890,ENST00000333039,NPTXR
ENSG00000183741,ENST00000407418,CBX6
ENSG00000128383,ENST00000249116,APOBEC3A
ENSG00000179750,ENST00000333467,APOBEC3B
ENSG00000244509,ENST00000361441,APOBEC3C
ENSG00000243811,ENST00000216099,APOBEC3D
ENSG00000128394,ENST00000308521,APOBEC3F
ENSG00000239713,ENST00000407997,APOBEC3G
ENSG00000100298,ENST00000442487,APOBEC3H
ENSG00000100307,ENST00000216133,CBX7
ENSG00000100311,ENST00000331163,PDGFB
ENSG00000100316,ENST00000216146,RPL3
ENSG00000100321,ENST00000328933,SYNGR1
ENSG00000100324,ENST00000216160,TAB1
ENSG00000128268,ENST00000341184,MGAT3
ENSG00000100335,ENST00000325301,MIEF1
ENSG00000285025,ENST00000637854,MIURF
ENSG00000128272,ENST00000674920,ATF4
ENSG00000187051,ENST00000334678,RPS19BP1
ENSG00000100346,ENST00000402142,CACNA1I
ENSG00000176177,ENST00000325157,ENTHD1
ENSG00000100351,ENST00000344138,GRAP2
ENSG00000225528,ENST00000424496,TMA7B
ENSG00000133477,ENST00000333407,FAM83F
ENSG00000100354,ENST00000454349,TNRC6B
ENSG00000239900,ENST00000623063,ADSL
ENSG00000100359,ENST00000248929,SGSM3
ENSG00000196588,ENST00000355630,MRTFA
ENSG00000128285,ENST00000249016,MCHR1
ENSG00000100372,ENST00000435456,SLC25A17
ENSG00000100380,ENST00000216218,ST13
ENSG00000196236,ENST00000357137,XPNPEP3
ENSG00000172404,ENST00000307221,DNAJB7
ENSG00000100387,ENST00000216225,RBX1
ENSG00000100393,ENST00000263253,EP300
ENSG00000100395,ENST00000216237,L3MBTL2
ENSG00000100399,ENST00000216241,CHADL
ENSG00000100401,ENST00000356244,RANGAP1
ENSG00000100403,ENST00000352645,ZC3H7B
ENSG00000167074,ENST00000266304,TEF
ENSG00000183864,ENST00000327492,TOB2
ENSG00000100412,ENST00000216254,ACO2
ENSG00000100410,ENST00000216252,PHF5A
ENSG00000100413,ENST00000355209,POLR3H
ENSG00000172346,ENST00000306149,CSDC2
ENSG00000100417,ENST00000216259,PMM1
ENSG00000100418,ENST00000263256,DESI1
ENSG00000196419,ENST00000360079,XRCC6
ENSG00000100138,ENST00000401959,SNU13
ENSG00000167077,ENST00000401548,MEI1
ENSG00000100147,ENST00000255784,CCDC134
ENSG00000198911,ENST00000361204,SREBF2
ENSG00000234965,ENST00000621082,SHISA8
ENSG00000159958,ENST00000291232,TNFRSF13C
ENSG00000100162,ENST00000215980,CENPM
ENSG00000205704,ENST00000381348,SMIM45
ENSG00000100167,ENST00000644076,SEPTIN3
ENSG00000183066,ENST00000328823,WBP2NL
ENSG00000198951,ENST00000396398,NAGA
ENSG00000177096,ENST00000321753,PHETA2
ENSG00000183172,ENST00000331479,SMDT1
ENSG00000184983,ENST00000498737,NDUFA6
ENSG00000100197,ENST00000645361,CYP2D6
ENSG00000100207,ENST00000677622,TCF20
ENSG00000235568,ENST00000329021,NFAM1
ENSG00000189306,ENST00000323013,RRP7A
ENSG00000183569,ENST00000327678,SERHL2
ENSG00000100227,ENST00000252115,POLDIP3
ENSG00000276027,ENST00000362512,RNU12
ENSG00000100243,ENST00000352397,CYB5R3
ENSG00000249222,ENST00000505920,ATP5MGL
ENSG00000128274,ENST00000642412,A4GALT
ENSG00000242247,ENST00000263245,ARFGAP3
ENSG00000100266,ENST00000263246,PACSIN2
ENSG00000100271,ENST00000266254,TTLL1
ENSG00000100290,ENST00000216115,BIK
ENSG00000100294,ENST00000290429,MCAT
ENSG00000100300,ENST00000337554,TSPO
ENSG00000100304,ENST00000216129,TTLL12
ENSG00000159307,ENST00000360835,SCUBE1
ENSG00000186732,ENST00000443721,MPPED1
ENSG00000186976,ENST00000262726,EFCAB6
ENSG00000130540,ENST00000330884,SULT4A1
ENSG00000100341,ENST00000216177,PNPLA5
ENSG00000100344,ENST00000216180,PNPLA3
ENSG00000100347,ENST00000350028,SAMM50
ENSG00000188677,ENST00000338758,PARVB
ENSG00000138964,ENST00000444313,PARVG
ENSG00000138944,ENST00000381176,SHISAL1
ENSG00000188636,ENST00000341255,RTL6
ENSG00000186654,ENST00000336985,PRR5
ENSG00000241484,ENST00000356099,ARHGAP8
ENSG00000056487,ENST00000313237,PHF21B
ENSG00000093000,ENST00000347635,NUP50
ENSG00000100364,ENST00000336156,KIAA0930
ENSG00000100373,ENST00000216211,UPK3A
ENSG00000100376,ENST00000441876,FAM118A
ENSG00000077935,ENST00000357450,SMC1B
ENSG00000128408,ENST00000614167,RIBC2
ENSG00000077942,ENST00000327858,FBLN1
ENSG00000130638,ENST00000252934,ATXN10
ENSG00000188064,ENST00000339464,WNT7B
ENSG00000186951,ENST00000407236,PPARA
ENSG00000205643,ENST00000314567,CDPF1
ENSG00000130943,ENST00000253255,PKDREJ
ENSG00000075234,ENST00000381031,TTC38
ENSG00000075218,ENST00000454366,GTSE1
ENSG00000100416,ENST00000645190,TRMU
ENSG00000075275,ENST00000674500,CELSR1
ENSG00000075240,ENST00000406902,GRAMD4
ENSG00000100422,ENST00000216264,CERK
ENSG00000054611,ENST00000337137,TBC1D22A
ENSG00000219438,ENST00000402357,TAFA5
ENSG00000100425,ENST00000404760,BRD1
ENSG00000100426,ENST00000216268,ZBED4
ENSG00000182858,ENST00000330817,ALG12
ENSG00000184164,ENST00000328268,CRELD2
ENSG00000198355,ENST00000360612,PIM3
ENSG00000188263,ENST00000695950,IL17REL
ENSG00000138892,ENST00000433387,TTLL8
ENSG00000100427,ENST00000311597,MLC1
ENSG00000073146,ENST00000262794,MOV10L1
ENSG00000073150,ENST00000395842,PANX2
ENSG00000170638,ENST00000380909,TRABD
ENSG00000073169,ENST00000380903,SELENOO
ENSG00000128159,ENST00000248846,TUBGCP6
ENSG00000100429,ENST00000216271,HDAC10
ENSG00000188130,ENST00000215659,MAPK12
ENSG00000185386,ENST00000330651,MAPK11
ENSG00000196576,ENST00000359337,PLXNB2
ENSG00000205593,ENST00000413817,DENND6B
ENSG00000100239,ENST00000612753,PPP6R2
ENSG00000100241,ENST00000380817,SBF1
ENSG00000128165,ENST00000395737,ADM2
ENSG00000100253,ENST00000216075,MIOX
ENSG00000100258,ENST00000474879,LMF2
ENSG00000025770,ENST00000420993,NCAPH2
ENSG00000284194,ENST00000395693,SCO2
ENSG00000025708,ENST00000252029,TYMP
ENSG00000177989,ENST00000329363,CIMAP1B
ENSG00000130487,ENST00000648057,KLHDC7B
ENSG00000217442,ENST00000406915,SYCE3
ENSG00000205560,ENST00000312108,CPT1B
ENSG00000100288,ENST00000406938,CHKB
ENSG00000008735,ENST00000329492,MAPK8IP2
ENSG00000100299,ENST00000216124,ARSA
ENSG00000100312,ENST00000216139,ACR
ENSG00000079974,ENST00000691320,RABL2B
ENSG00000182378,ENST00000381657,PLCXD1
ENSG00000178605,ENST00000326153,GTPBP6
ENSG00000167393,ENST00000390665,PPP2R3B
ENSG00000185960,ENST00000686671,SHOX
ENSG00000205755,ENST00000400841,CRLF2
ENSG00000198223,ENST00000381529,CSF2RA
ENSG00000185291,ENST00000331035,IL3RA
ENSG00000169100,ENST00000381401,SLC25A6
ENSG00000169093,ENST00000381317,ASMTL
ENSG00000182162,ENST00000381297,P2RY8
ENSG00000197976,ENST00000313871,AKAP17A
ENSG00000196433,ENST00000381241,ASMT
ENSG00000169084,ENST00000334651,DHRSX
ENSG00000214717,ENST00000652001,ZBED1
ENSG00000002586,ENST00000381192,CD99
ENSG00000124343,ENST00000644266,XG
ENSG00000056998,ENST00000398806,GYG2
ENSG00000006756,ENST00000381154,ARSD
ENSG00000157399,ENST00000381134,ARSL
ENSG00000205667,ENST00000381130,ARSH
ENSG00000062096,ENST00000381127,ARSF
ENSG00000101825,ENST00000217939,MXRA5
ENSG00000183943,ENST00000262848,PRKX
ENSG00000146938,ENST00000381095,NLGN4X
ENSG00000169059,ENST00000381089,VCX3A
ENSG00000130021,ENST00000381077,PUDP
ENSG00000101846,ENST00000674429,STS
ENSG00000182583,ENST00000688183,VCX
ENSG00000006757,ENST00000381042,PNPLA4
ENSG00000177504,ENST00000317103,VCX2
ENSG00000205642,ENST00000381032,VCX3B
ENSG00000011201,ENST00000262648,ANOS1
ENSG00000183304,ENST00000381003,FAM9A
ENSG00000177138,ENST00000327220,FAM9B
ENSG00000101849,ENST00000645353,TBL1X
ENSG00000101850,ENST00000467482,GPR143
ENSG00000146950,ENST00000380913,SHROOM2
ENSG00000234469,ENST00000445307,CLDN34
ENSG00000073464,ENST00000380833,CLCN4
ENSG00000101871,ENST00000317552,MID1
ENSG00000004961,ENST00000380762,HCCS
ENSG00000047648,ENST00000337414,ARHGAP6
ENSG00000125363,ENST00000380714,AMELX
ENSG00000005302,ENST00000312196,MSL3
ENSG00000169933,ENST00000675598,FRMPD4
ENSG00000101911,ENST00000380668,PRPS2
ENSG00000196664,ENST00000380659,TLR7
ENSG00000101916,ENST00000218032,TLR8
ENSG00000205542,ENST00000451311,TMSB4X
ENSG00000187268,ENST00000380625,FAM9C
ENSG00000123594,ENST00000380622,ATXN3L
ENSG00000198759,ENST00000361306,EGFL6
ENSG00000176896,ENST00000696128,TCEANC
ENSG00000123595,ENST00000464506,RAB9A
ENSG00000196459,ENST00000380579,TRAPPC2
ENSG00000046651,ENST00000340096,OFD1
ENSG00000046653,ENST00000316715,GPM6B
ENSG00000046647,ENST00000680255,GEMIN8
ENSG00000101958,ENST00000218075,GLRA2
ENSG00000181544,ENST00000650831,FANCB
ENSG00000130150,ENST00000380492,MOSPD2
ENSG00000102048,ENST00000380488,ASB9
ENSG00000165192,ENST00000480796,ASB11
ENSG00000165195,ENST00000333590,PIGA
ENSG00000165197,ENST00000297904,VEGFD
ENSG00000087842,ENST00000380420,PIR
ENSG00000102010,ENST00000348343,BMX
ENSG00000130234,ENST00000252519,ACE2
ENSG00000147003,ENST00000380342,CLTRN
ENSG00000169239,ENST00000318636,CA5B
ENSG00000169249,ENST00000307771,ZRSR2
ENSG00000182287,ENST00000672987,AP1S2
ENSG00000126010,ENST00000380289,GRPR
ENSG00000182798,ENST00000400004,MAGEB17
ENSG00000047230,ENST00000359276,CTPS2
ENSG00000169906,ENST00000380200,S100G
ENSG00000169895,ENST00000380155,SYAP1
ENSG00000086712,ENST00000380122,TXLNG
ENSG00000102054,ENST00000380087,RBBP7
ENSG00000169891,ENST00000357277,REPS2
ENSG00000188158,ENST00000676302,NHS
ENSG00000047634,ENST00000380041,SCML1
ENSG00000131831,ENST00000451717,RAI2
ENSG00000177324,ENST00000380033,BEND2
ENSG00000102098,ENST00000251900,SCML2
ENSG00000008086,ENST00000623535,CDKL5
ENSG00000102104,ENST00000379984,RS1
ENSG00000086717,ENST00000470157,PPEF1
ENSG00000044446,ENST00000379942,PHKA2
ENSG00000173698,ENST00000379869,ADGRG2
ENSG00000131828,ENST00000422285,PDHA1
ENSG00000180815,ENST00000338883,MAP3K15
ENSG00000147010,ENST00000397821,SH3KBP1
ENSG00000173681,ENST00000379682,BCLAF3
ENSG00000184368,ENST00000379643,MAP7D2
ENSG00000173674,ENST00000379607,EIF1AX
ENSG00000177189,ENST00000379565,RPS6KA3
ENSG00000149970,ENST00000379510,CNKSR2
ENSG00000185915,ENST00000379499,KLHL34
ENSG00000091482,ENST00000379494,SMPX
ENSG00000012174,ENST00000379484,MBTPS2
ENSG00000230797,ENST00000429584,YY2
ENSG00000102172,ENST00000404933,SMS
ENSG00000102174,ENST00000379374,PHEX
ENSG00000175809,ENST00000323684,CBLL2
ENSG00000184735,ENST00000327968,DDX53
ENSG00000165186,ENST00000379361,PTCHD1
ENSG00000123131,ENST00000379341,PRDX4
ENSG00000123130,ENST00000379303,ACOT9
ENSG00000130066,ENST00000379270,SAT1
ENSG00000288706,ENST00000683890,ENSG00000288706
ENSG00000184831,ENST00000379226,APOO
ENSG00000165182,ENST00000379211,CXorf58
ENSG00000174010,ENST00000328046,KLHL15
ENSG00000130741,ENST00000253039,EIF2S3
ENSG00000005889,ENST00000304543,ZFX
ENSG00000223611,ENST00000486479,SUPT20HL2
ENSG00000223731,ENST00000686983,SUPT20HL1
ENSG00000067992,ENST00000379162,PDK3
ENSG00000102230,ENST00000379144,PCYT1B
ENSG00000101868,ENST00000379068,POLA1
ENSG00000004848,ENST00000379044,ARX
ENSG00000176774,ENST00000325250,MAGEB18
ENSG00000232030,ENST00000416929,MAGEB6B
ENSG00000176746,ENST00000379034,MAGEB6
ENSG00000188408,ENST00000602297,MAGEB5
ENSG00000224960,ENST00000412172,PPP4R3C
ENSG00000189186,ENST00000451261,DCAF8L2
ENSG00000177689,ENST00000356790,MAGEB10
ENSG00000226372,ENST00000441525,DCAF8L1
ENSG00000169306,ENST00000378993,IL1RAPL1
ENSG00000099399,ENST00000378988,MAGEB2
ENSG00000198798,ENST00000361644,MAGEB3
ENSG00000120289,ENST00000378982,MAGEB4
ENSG00000214107,ENST00000397548,MAGEB1
ENSG00000169297,ENST00000378970,NR0B1
ENSG00000120280,ENST00000378962,TASL
ENSG00000198814,ENST00000427190,GK
ENSG00000157625,ENST00000288422,TAB3
ENSG00000132446,ENST00000359202,FTHL17
ENSG00000198947,ENST00000357033,DMD
ENSG00000185448,ENST00000346193,FAM47A
ENSG00000147027,ENST00000275954,TMEM47
ENSG00000189132,ENST00000329357,FAM47B
ENSG00000189023,ENST00000399988,MAGEB16
ENSG00000165164,ENST00000378653,CFAP47
ENSG00000198173,ENST00000358047,FAM47C
ENSG00000130962,ENST00000378628,PRRG1
ENSG00000147036,ENST00000378619,LANCL3
ENSG00000047597,ENST00000378616,XK
ENSG00000165168,ENST00000378588,CYBB
ENSG00000165169,ENST00000378578,DYNLT3
ENSG00000187516,ENST00000341016,H2AP
ENSG00000229674,ENST00000448797,H2AL3
ENSG00000147041,ENST00000297875,SYTL5
ENSG00000101955,ENST00000378533,SRPX
ENSG00000156313,ENST00000645032,RPGR
ENSG00000036473,ENST00000039007,OTC
ENSG00000156298,ENST00000378482,TSPAN7
ENSG00000165175,ENST00000614558,MID1IP1
ENSG00000183337,ENST00000378444,BCOR
ENSG00000182220,ENST00000636580,ATP6AP2
ENSG00000238205,ENST00000423387,MPC1L
ENSG00000185753,ENST00000327877,CXorf38
ENSG00000180182,ENST00000324817,MED14
ENSG00000124486,ENST00000378308,USP9X
ENSG00000215301,ENST00000644876,DDX3X
ENSG00000188937,ENST00000378220,NYX
ENSG00000147044,ENST00000378163,CASK
ENSG00000171659,ENST00000378142,GPR34
ENSG00000171657,ENST00000302548,GPR82
ENSG00000102055,ENST00000378131,PPP1R2C
ENSG00000189221,ENST00000338702,MAOA
ENSG00000069535,ENST00000378069,MAOB
ENSG00000124479,ENST00000642620,NDP
ENSG00000183690,ENST00000420999,EFHC2
ENSG00000069509,ENST00000378045,FUNDC1
ENSG00000189037,ENST00000339042,DUSP21
ENSG00000147050,ENST00000611820,KDM6A
ENSG00000147113,ENST00000398000,DIPK2B
ENSG00000147121,ENST00000344302,KRBOX4
ENSG00000251192,ENST00000683375,ZNF674
ENSG00000147119,ENST00000276055,CHST7
ENSG00000065923,ENST00000616978,SLC9A7
ENSG00000102218,ENST00000218340,RP2
ENSG00000102221,ENST00000614628,JADE3
ENSG00000130988,ENST00000397180,RGN
ENSG00000147123,ENST00000377811,NDUFB11
ENSG00000182872,ENST00000377604,RBM10
ENSG00000130985,ENST00000335972,UBA1
ENSG00000102225,ENST00000357227,CDK16
ENSG00000102226,ENST00000377107,USP11
ENSG00000147117,ENST00000377073,ZNF157
ENSG00000147124,ENST00000684689,ZNF41
ENSG00000078061,ENST00000377045,ARAF
ENSG00000008056,ENST00000295987,SYN1
ENSG00000102265,ENST00000218388,TIMP1
ENSG00000126759,ENST00000396992,CFP
ENSG00000126767,ENST00000376983,ELK1
ENSG00000126756,ENST00000333119,UXT
ENSG00000197779,ENST00000338637,ZNF81
ENSG00000147118,ENST00000376943,ZNF182
ENSG00000221994,ENST00000276054,ZNF630
ENSG00000171489,ENST00000376940,SPACA5
ENSG00000171478,ENST00000304270,SPACA5B
ENSG00000165583,ENST00000347757,SSX5
ENSG00000126752,ENST00000376919,SSX1
ENSG00000165584,ENST00000298396,SSX3
ENSG00000268009,ENST00000595689,SSX4
ENSG00000269791,ENST00000595235,SSX4B
ENSG00000017483,ENST00000620913,SLC38A5
ENSG00000068438,ENST00000348411,FTSJ1
ENSG00000102312,ENST00000326194,PORCN
ENSG00000147155,ENST00000495186,EBP
ENSG00000068354,ENST00000376771,TBC1D25
ENSG00000102317,ENST00000376759,RBM3
ENSG00000101940,ENST00000376729,WDR13
ENSG00000015285,ENST00000376701,WAS
ENSG00000101945,ENST00000376687,SUV39H1
ENSG00000171433,ENST00000303227,GLOD5
ENSG00000102145,ENST00000376670,GATA1
ENSG00000094631,ENST00000334136,HDAC6
ENSG00000187682,ENST00000636362,ERAS
ENSG00000102109,ENST00000218230,PCSK1N
ENSG00000102103,ENST00000447146,PQBP1
ENSG00000126768,ENST00000696123,TIMM17B
ENSG00000102100,ENST00000247138,SLC35A2
ENSG00000102096,ENST00000376509,PIM2
ENSG00000068308,ENST00000376488,OTUD5
ENSG00000102057,ENST00000218176,KCND1
ENSG00000068400,ENST00000376423,GRIPAP1
ENSG00000068323,ENST00000315869,TFE3
ENSG00000147144,ENST00000603986,CCDC120
ENSG00000243279,ENST00000553851,PRAF2
ENSG00000196998,ENST00000376372,WDR45
ENSG00000068394,ENST00000156109,GPKOW
ENSG00000269313,ENST00000595224,MAGIX
ENSG00000102007,ENST00000376327,PLP2
ENSG00000012211,ENST00000599218,PRICKLE3
ENSG00000102003,ENST00000263233,SYP
ENSG00000102001,ENST00000323022,CACNA1F
ENSG00000101997,ENST00000376227,CCDC22
ENSG00000049768,ENST00000376207,FOXP3
ENSG00000049769,ENST00000055335,PPP1R3F
ENSG00000215274,ENST00000407599,GAGE10
ENSG00000224659,ENST00000442437,GAGE12J
ENSG00000274274,ENST00000612958,GAGE13
ENSG00000237671,ENST00000420398,GAGE12C
ENSG00000227488,ENST00000405679,GAGE12D
ENSG00000236362,ENST00000440137,GAGE12F
ENSG00000216649,ENST00000381698,GAGE12E
ENSG00000215269,ENST00000445148,GAGE12G
ENSG00000224902,ENST00000381722,GAGE12H
ENSG00000189064,ENST00000362097,GAGE2A
ENSG00000205777,ENST00000381700,GAGE1
ENSG00000068985,ENST00000376150,PAGE1
ENSG00000101951,ENST00000218068,PAGE4
ENSG00000273820,ENST00000621775,USP27X
ENSG00000171365,ENST00000376091,CLCN5
ENSG00000147081,ENST00000358526,AKAP4
ENSG00000147082,ENST00000376042,CCNB3
ENSG00000274588,ENST00000611977,DGKK
ENSG00000158352,ENST00000376020,SHROOM4
ENSG00000130385,ENST00000252677,BMP15
ENSG00000122824,ENST00000356450,NUDT10
ENSG00000187690,ENST00000342995,EZHIP
ENSG00000196368,ENST00000375992,NUDT11
ENSG00000224109,ENST00000417339,CENPVL3
ENSG00000283093,ENST00000634648,CENPVL2
ENSG00000223591,ENST00000602548,CENPVL1
ENSG00000189369,ENST00000340438,GSPT2
ENSG00000179222,ENST00000326587,MAGED1
ENSG00000187243,ENST00000335504,MAGED4B
ENSG00000154545,ENST00000471932,MAGED4
ENSG00000155622,ENST00000286049,XAGE2
ENSG00000204379,ENST00000375602,XAGE1A
ENSG00000204382,ENST00000375616,XAGE1B
ENSG00000187754,ENST00000298181,SSX7
ENSG00000241476,ENST00000337502,SSX2
ENSG00000268447,ENST00000596480,SSX2B
ENSG00000204363,ENST00000375511,SPANXN5
ENSG00000171405,ENST00000375501,XAGE5
ENSG00000171402,ENST00000346279,XAGE3
ENSG00000179304,ENST00000416841,FAM156B
ENSG00000268350,ENST00000622447,FAM156A
ENSG00000184194,ENST00000332582,GPR173
ENSG00000184205,ENST00000375442,TSPYL2
ENSG00000232593,ENST00000604062,KANTR
ENSG00000126012,ENST00000375401,KDM5C
ENSG00000124313,ENST00000642864,IQSEC2
ENSG00000072501,ENST00000322213,SMC1A
ENSG00000158423,ENST00000375327,RIBC1
ENSG00000072506,ENST00000168216,HSD17B10
ENSG00000086758,ENST00000262854,HUWE1
ENSG00000172943,ENST00000338154,PHF8
ENSG00000184083,ENST00000375180,FAM120C
ENSG00000196632,ENST00000354646,WNK3
ENSG00000158526,ENST00000375151,TSR2
ENSG00000102302,ENST00000375135,FGD1
ENSG00000130119,ENST00000360845,GNL3L
ENSG00000102313,ENST00000218436,ITIH6
ENSG00000102316,ENST00000375068,MAGED2
ENSG00000067445,ENST00000173898,TRO
ENSG00000158571,ENST00000375006,PFKFB1
ENSG00000169188,ENST00000374987,APEX2
ENSG00000158578,ENST00000650242,ALAS2
ENSG00000238269,ENST00000374971,PAGE2B
ENSG00000234068,ENST00000374968,PAGE2
ENSG00000182518,ENST00000685693,VCF2
ENSG00000158639,ENST00000374955,PAGE5
ENSG00000204279,ENST00000374951,PAGE3
ENSG00000187601,ENST00000342972,MAGEH1
ENSG00000247746,ENST00000500968,USP51
ENSG00000189299,ENST00000339140,FOXR2
ENSG00000083750,ENST00000374941,RRAGB
ENSG00000102349,ENST00000468660,KLF8
ENSG00000188021,ENST00000338222,UBQLN2
ENSG00000204272,ENST00000374922,NBDY
ENSG00000204271,ENST00000374919,SPIN3
ENSG00000186787,ENST00000434397,SPIN2B
ENSG00000147059,ENST00000374906,SPIN2A
ENSG00000165591,ENST00000374900,FAAH2
ENSG00000198455,ENST00000374888,ZXDB
ENSG00000215174,ENST00000434992,NLRP2B
ENSG00000198205,ENST00000358697,ZXDA
ENSG00000186767,ENST00000374884,SPIN4
ENSG00000131089,ENST00000671741,ARHGEF9
ENSG00000288661,ENST00000677315,ENSG00000288661
ENSG00000184675,ENST00000374869,AMER1
ENSG00000198881,ENST00000362002,ASB12
ENSG00000102043,ENST00000374852,MTMR8
ENSG00000126970,ENST00000374839,ZC4H2
ENSG00000102053,ENST00000338957,ZC3H12B
ENSG00000001497,ENST00000374811,LAS1L
ENSG00000147065,ENST00000360270,MSN
ENSG00000155659,ENST00000374737,VSIG4
ENSG00000089472,ENST00000343002,HEPH
ENSG00000131080,ENST00000374719,EDA2R
ENSG00000169083,ENST00000374690,AR
ENSG00000079482,ENST00000355520,OPHN1
ENSG00000181704,ENST00000462683,YIPF6
ENSG00000130052,ENST00000374599,STARD8
ENSG00000090776,ENST00000204961,EFNB1
ENSG00000181191,ENST00000374571,PJA1
ENSG00000130054,ENST00000252338,NALF2
ENSG00000158813,ENST00000374552,EDA
ENSG00000147160,ENST00000276101,AWAT2
ENSG00000189401,ENST00000338352,OTUD6A
ENSG00000089289,ENST00000356413,IGBP1
ENSG00000184210,ENST00000333026,DGAT2L6
ENSG00000204195,ENST00000374521,AWAT1
ENSG00000186912,ENST00000374519,P2RY4
ENSG00000120500,ENST00000307959,ARR3
ENSG00000120509,ENST00000239666,PDZD11
ENSG00000147127,ENST00000374473,RAB41
ENSG00000090889,ENST00000374403,KIF4A
ENSG00000130055,ENST00000374382,GDPD2
ENSG00000082458,ENST00000374360,DLG3
ENSG00000120498,ENST00000374333,TEX11
ENSG00000165349,ENST00000374299,SLC7A3
ENSG00000147164,ENST00000374274,SNX12
ENSG00000184481,ENST00000374259,FOXO4
ENSG00000204165,ENST00000374251,CXorf65
ENSG00000147168,ENST00000374202,IL2RG
ENSG00000184634,ENST00000374080,MED12
ENSG00000196338,ENST00000358741,NLGN3
ENSG00000169562,ENST00000361726,GJB1
ENSG00000147130,ENST00000314425,ZMYM3
ENSG00000147140,ENST00000276079,NONO
ENSG00000147166,ENST00000373829,ITGB1BP2
ENSG00000147133,ENST00000423759,TAF1
ENSG00000147162,ENST00000373719,OGT
ENSG00000147174,ENST00000373696,GCNA
ENSG00000186810,ENST00000373693,CXCR3
ENSG00000283599,ENST00000636096,ENSG00000283599
ENSG00000215115,ENST00000535490,CXorf49
ENSG00000215113,ENST00000542739,CXorf49B
ENSG00000204131,ENST00000633930,NHSL2
ENSG00000242732,ENST00000609883,RTL5
ENSG00000102309,ENST00000373669,PIN4
ENSG00000186871,ENST00000334463,ERCC6L
ENSG00000198034,ENST00000316084,RPS4X
ENSG00000125931,ENST00000651998,CITED1
ENSG00000147099,ENST00000373573,HDAC8
ENSG00000067177,ENST00000373542,PHKA1
ENSG00000184911,ENST00000334036,DMRTC1B
ENSG00000268994,ENST00000596535,FAM236B
ENSG00000225396,ENST00000419795,FAM236D
ENSG00000269502,ENST00000615063,DMRTC1
ENSG00000283594,ENST00000636267,FAM236C
ENSG00000275520,ENST00000611003,FAM236A
ENSG00000184388,ENST00000373521,PABPC1L2B
ENSG00000186288,ENST00000373519,PABPC1L2A
ENSG00000186462,ENST00000373517,NAP1L2
ENSG00000131264,ENST00000373514,CDX4
ENSG00000204116,ENST00000373502,CHIC1
ENSG00000229807,ENST00000429829,XIST
ENSG00000187969,ENST00000339534,ZCCHC13
ENSG00000147100,ENST00000587091,SLC16A2
ENSG00000131263,ENST00000332687,RLIM
ENSG00000050030,ENST00000055682,NEXMIF
ENSG00000131269,ENST00000373394,ABCB7
ENSG00000094841,ENST00000373383,UPRT
ENSG00000102383,ENST00000373367,ZDHHC15
ENSG00000186675,ENST00000373359,MAGEE2
ENSG00000102390,ENST00000373358,PBDC1
ENSG00000198934,ENST00000361470,MAGEE1
ENSG00000196468,ENST00000439435,FGF16
ENSG00000085224,ENST00000373344,ATRX
ENSG00000102158,ENST00000618282,MAGT1
ENSG00000131174,ENST00000650309,COX7B
ENSG00000165240,ENST00000341514,ATP7A
ENSG00000102144,ENST00000373316,PGK1
ENSG00000226784,ENST00000458128,PGAM4
ENSG00000187325,ENST00000341864,TAF9B
ENSG00000173198,ENST00000373304,CYSLTR1
ENSG00000179300,ENST00000321110,RTL3
ENSG00000147145,ENST00000614823,LPAR4
ENSG00000078589,ENST00000171757,P2RY10
ENSG00000147138,ENST00000645147,GPR174
ENSG00000078596,ENST00000373298,ITM2A
ENSG00000122145,ENST00000373296,TBX22
ENSG00000174016,ENST00000308293,TENT5D
ENSG00000165288,ENST00000373275,BRWD3
ENSG00000198157,ENST00000358130,HMGN5
ENSG00000131171,ENST00000373212,SH3BGRL
ENSG00000196767,ENST00000644024,POU3F4
ENSG00000183035,ENST00000329312,CYLC1
ENSG00000072133,ENST00000262752,RPS6KA6
ENSG00000165259,ENST00000373177,HDX
ENSG00000155008,ENST00000373173,APOOL
ENSG00000184788,ENST00000644105,SATL1
ENSG00000147180,ENST00000674551,ZNF711
ENSG00000124429,ENST00000262753,POF1B
ENSG00000188419,ENST00000357749,CHM
ENSG00000126733,ENST00000373125,DACH2
ENSG00000102271,ENST00000373119,KLHL4
ENSG00000147183,ENST00000276127,CPXCR1
ENSG00000153779,ENST00000283891,TGIF2LX
ENSG00000174740,ENST00000312600,PABPC5
ENSG00000102290,ENST00000682573,PCDH11X
ENSG00000186310,ENST00000373079,NAP1L3
ENSG00000179083,ENST00000683942,FAM133A
ENSG00000147202,ENST00000324765,DIAPH2
ENSG00000204086,ENST00000373040,RPA4
ENSG00000165194,ENST00000373034,PCDH19
ENSG00000000005,ENST00000373031,TNMD
ENSG00000000003,ENST00000373020,TSPAN6
ENSG00000102359,ENST00000373004,SRPX2
ENSG00000102362,ENST00000372989,SYTL4
ENSG00000101811,ENST00000372972,CSTF2
ENSG00000007952,ENST00000372966,NOX1
ENSG00000182489,ENST00000372956,XKRX
ENSG00000174225,ENST00000450049,ARL13A
ENSG00000188917,ENST00000372936,TRMT2B
ENSG00000126950,ENST00000372930,TMEM35A
ENSG00000102384,ENST00000682095,CENPI
ENSG00000102385,ENST00000395209,DRP2
ENSG00000102387,ENST00000356784,TAF7L
ENSG00000126953,ENST00000372902,TIMM8A
ENSG00000010671,ENST00000308731,BTK
ENSG00000241343,ENST00000553110,RPL36A
ENSG00000102393,ENST00000218516,GLA
ENSG00000126945,ENST00000316594,HNRNPH2
ENSG00000196440,ENST00000423738,ARMCX4
ENSG00000126947,ENST00000372829,ARMCX1
ENSG00000198960,ENST00000361910,ARMCX6
ENSG00000102401,ENST00000471229,ARMCX3
ENSG00000184867,ENST00000356824,ARMCX2
ENSG00000166432,ENST00000651725,ZMAT1
ENSG00000184905,ENST00000372780,TCEAL2
ENSG00000184515,ENST00000333643,BEX5
ENSG00000268235,ENST00000622971,TCP11X1
ENSG00000269405,ENST00000625106,NXF2
ENSG00000269437,ENST00000602195,NXF2B
ENSG00000215029,ENST00000642911,TCP11X2
ENSG00000158164,ENST00000289373,TMSB15A
ENSG00000125962,ENST00000473968,ARMCX5
ENSG00000198932,ENST00000537097,GPRASP1
ENSG00000158301,ENST00000483720,GPRASP2
ENSG00000198908,ENST00000457056,GPRASP3
ENSG00000102128,ENST00000218249,RAB40AL
ENSG00000133169,ENST00000372728,BEX1
ENSG00000147206,ENST00000395065,NXF3
ENSG00000102409,ENST00000372695,BEX4
ENSG00000180964,ENST00000372685,TCEAL8
ENSG00000204065,ENST00000372680,TCEAL5
ENSG00000133134,ENST00000372677,BEX2
ENSG00000182916,ENST00000332431,TCEAL7
ENSG00000185222,ENST00000372661,TCEAL9
ENSG00000166681,ENST00000361298,BEX3
ENSG00000172476,ENST00000304236,RAB40A
ENSG00000133142,ENST00000472484,TCEAL4
ENSG00000196507,ENST00000372627,TCEAL3
ENSG00000172465,ENST00000372625,TCEAL1
ENSG00000123562,ENST00000441076,MORF4L2
ENSG00000179363,ENST00000319560,TMEM31
ENSG00000123560,ENST00000621218,PLP1
ENSG00000123570,ENST00000243298,RAB9B
ENSG00000158427,ENST00000540220,TMSB15B
ENSG00000123569,ENST00000217926,H2BW1
ENSG00000101812,ENST00000675318,H2BW2
ENSG00000269226,ENST00000598087,TMSB15C
ENSG00000269743,ENST00000594199,SLC25A53
ENSG00000166707,ENST00000650639,ZCCHC18
ENSG00000123575,ENST00000493442,FAM199X
ENSG00000123576,ENST00000372588,ESX1
ENSG00000189108,ENST00000372582,IL1RAPL2
ENSG00000268629,ENST00000600991,TEX13A
ENSG00000123572,ENST00000243300,NRK
ENSG00000123561,ENST00000372563,SERPINA7
ENSG00000157502,ENST00000357175,PWWP3B
ENSG00000147231,ENST00000372548,RADX
ENSG00000133135,ENST00000255499,RNF128
ENSG00000133138,ENST00000357242,TBC1D8B
ENSG00000133131,ENST00000355610,MORC4
ENSG00000147223,ENST00000276173,RIPPLY1
ENSG00000165376,ENST00000336803,CLDN2
ENSG00000089682,ENST00000685964,RBM41
ENSG00000198088,ENST00000372466,NUP62CL
ENSG00000080572,ENST00000372453,DNAAF6
ENSG00000147234,ENST00000683843,FRMPD3
ENSG00000147224,ENST00000372435,PRPS1
ENSG00000157514,ENST00000372383,TSC22D3
ENSG00000170935,ENST00000509000,NCBP2L
ENSG00000080561,ENST00000262843,MID2
ENSG00000170925,ENST00000302917,TEX13B
ENSG00000101842,ENST00000217957,VSIG1
ENSG00000101843,ENST00000217958,PSMD10
ENSG00000101844,ENST00000372232,ATG4A
ENSG00000197565,ENST00000334504,COL4A6
ENSG00000188153,ENST00000328300,COL4A5
ENSG00000133124,ENST00000372129,IRS4
ENSG00000101890,ENST00000218006,GUCY2F
ENSG00000101888,ENST00000372106,NXT2
ENSG00000176076,ENST00000372101,KCNE5
ENSG00000068366,ENST00000672401,ACSL4
ENSG00000157600,ENST00000372068,TMEM164
ENSG00000101935,ENST00000262844,AMMECR1
ENSG00000133136,ENST00000697560,GNG5B
ENSG00000243978,ENST00000520821,RTL9
ENSG00000225366,ENST00000602699,CRIPTO3
ENSG00000101938,ENST00000372042,CHRDL1
ENSG00000077264,ENST00000372007,PAK3
ENSG00000077274,ENST00000324068,CAPN6
ENSG00000077279,ENST00000636035,DCX
ENSG00000260802,ENST00000569275,SERTM2
ENSG00000101901,ENST00000394780,ALG13
ENSG00000072315,ENST00000262839,TRPC5
ENSG00000204025,ENST00000635763,TRPC5OS
ENSG00000187823,ENST00000695839,RTL4
ENSG00000182508,ENST00000371968,LHFPL1
ENSG00000126016,ENST00000371959,AMOT
ENSG00000147246,ENST00000276198,HTR2C
ENSG00000123496,ENST00000243213,IL13RA2
ENSG00000130224,ENST00000317135,LRCH2
ENSG00000175718,ENST00000424776,RBMXL3
ENSG00000102021,ENST00000371920,LUZP4
ENSG00000102024,ENST00000355899,PLS3
ENSG00000180772,ENST00000371906,AGTR2
ENSG00000268104,ENST00000598581,SLC6A14
ENSG00000204019,ENST00000371894,CT83
ENSG00000003096,ENST00000540167,KLHL13
ENSG00000131725,ENST00000254029,WDR44
ENSG00000147251,ENST00000276202,DOCK11
ENSG00000131724,ENST00000371666,IL13RA1
ENSG00000174460,ENST00000310164,ZCCHC12
ENSG00000175556,ENST00000371628,LONRF3
ENSG00000277535,ENST00000620151,CT47C1
ENSG00000250423,ENST00000691062,KIAA1210
ENSG00000101856,ENST00000217971,PGRMC1
ENSG00000077713,ENST00000217909,SLC25A43
ENSG00000005022,ENST00000317881,SLC25A5
ENSG00000077721,ENST00000371558,UBE2A
ENSG00000018610,ENST00000644802,STEEP1
ENSG00000125354,ENST00000394610,SEPTIN6
ENSG00000187808,ENST00000343905,SOWAHD
ENSG00000198918,ENST00000361575,RPL39
ENSG00000125351,ENST00000276201,UPF3B
ENSG00000125352,ENST00000371442,RNF113A
ENSG00000125356,ENST00000371437,NDUFA1
ENSG00000186471,ENST00000371431,AKAP14
ENSG00000101882,ENST00000371410,NKAP
ENSG00000203989,ENST00000371402,RHOXF2B
ENSG00000101883,ENST00000217999,RHOXF1
ENSG00000131721,ENST00000371388,RHOXF2
ENSG00000177485,ENST00000557385,ZBTB33
ENSG00000125355,ENST00000371369,TMEM255A
ENSG00000101892,ENST00000218008,ATP1B4
ENSG00000005893,ENST00000200639,LAMP2
ENSG00000158290,ENST00000371322,CUL4B
ENSG00000232119,ENST00000371317,MCTS1
ENSG00000171155,ENST00000304661,C1GALT1C1
ENSG00000236446,ENST00000371311,CT47B1
ENSG00000226929,ENST00000457020,CT47A11
ENSG00000224089,ENST00000430448,CT47A10
ENSG00000226600,ENST00000417256,CT47A9
ENSG00000230347,ENST00000457977,CT47A8
ENSG00000228517,ENST00000434883,CT47A7
ENSG00000226023,ENST00000419194,CT47A6
ENSG00000237957,ENST00000439466,CT47A5
ENSG00000230594,ENST00000415858,CT47A4
ENSG00000236126,ENST00000441330,CT47A3
ENSG00000242362,ENST00000458218,CT47A2
ENSG00000236371,ENST00000433030,CT47A1
ENSG00000182890,ENST00000328078,GLUD2
ENSG00000125675,ENST00000620443,GRIA3
ENSG00000125676,ENST00000245838,THOC2
ENSG00000101966,ENST00000371199,XIAP
ENSG00000101972,ENST00000371145,STAG2
ENSG00000183918,ENST00000371139,SH2D1A
ENSG00000282419,ENST00000632372,TEX13D
ENSG00000009694,ENST00000422452,TENM1
ENSG00000282815,ENST00000695840,TEX13C
ENSG00000198354,ENST00000360028,DCAF12L2
ENSG00000198889,ENST00000371126,DCAF12L1
ENSG00000183631,ENST00000371125,PRR32
ENSG00000123165,ENST00000371124,ACTRT1
ENSG00000102038,ENST00000371121,SMARCA1
ENSG00000122126,ENST00000371113,OCRL
ENSG00000171388,ENST00000429967,APLN
ENSG00000122121,ENST00000371106,XPNPEP2
ENSG00000122122,ENST00000356892,SASH3
ENSG00000188706,ENST00000357166,ZDHHC9
ENSG00000156697,ENST00000394422,UTP14A
ENSG00000085185,ENST00000540052,BCORL1
ENSG00000102034,ENST00000308167,ELF4
ENSG00000156709,ENST00000287295,AIFM1
ENSG00000134594,ENST00000257017,RAB33A
ENSG00000056277,ENST00000370978,ZNF280C
ENSG00000102078,ENST00000545805,SLC25A14
ENSG00000147262,ENST00000682440,GPR119
ENSG00000134597,ENST00000305536,RBMX2
ENSG00000165675,ENST00000394363,ENOX2
ENSG00000147256,ENST00000276211,ARHGAP36
ENSG00000147255,ENST00000361420,IGSF1
ENSG00000171054,ENST00000338616,OR13H1
ENSG00000134602,ENST00000394334,STK26
ENSG00000165694,ENST00000298542,FRMD7
ENSG00000123728,ENST00000370874,RAP2C
ENSG00000076770,ENST00000370853,MBNL3
ENSG00000171004,ENST00000370833,HS6ST2
ENSG00000134588,ENST00000511190,USP26
ENSG00000183434,ENST00000310125,TFDP3
ENSG00000076716,ENST00000370828,GPC4
ENSG00000147257,ENST00000370818,GPC3
ENSG00000203952,ENST00000695460,CCDC160
ENSG00000156531,ENST00000370803,PHF6
ENSG00000165704,ENST00000298556,HPRT1
ENSG00000170965,ENST00000359237,PLAC1
ENSG00000156504,ENST00000343004,PABIR2
ENSG00000156500,ENST00000645433,PABIR3
ENSG00000101928,ENST00000370783,MOSPD1
ENSG00000184785,ENST00000330288,SMIM10
ENSG00000212747,ENST00000391440,RTL8B
ENSG00000134590,ENST00000257013,RTL8C
ENSG00000203950,ENST00000370775,RTL8A
ENSG00000196972,ENST00000433425,SMIM10L2B
ENSG00000224107,ENST00000423661,ETDB
ENSG00000169551,ENST00000276241,CT55
ENSG00000186376,ENST00000370766,ZNF75D
ENSG00000238210,ENST00000427686,ETDA
ENSG00000283644,ENST00000635820,ETDC
ENSG00000173275,ENST00000339249,ZNF449
ENSG00000178947,ENST00000417443,SMIM10L2A
ENSG00000165359,ENST00000639893,INTS6L
ENSG00000268940,ENST00000594565,CT45A1
ENSG00000269096,ENST00000598716,CT45A3
ENSG00000228836,ENST00000698999,CT45A5
ENSG00000278289,ENST00000620654,CT45A6
ENSG00000271449,ENST00000612907,CT45A2
ENSG00000273696,ENST00000610598,CT45A7
ENSG00000278085,ENST00000611660,CT45A8
ENSG00000270946,ENST00000620704,CT45A9
ENSG00000269586,ENST00000682849,CT45A10
ENSG00000181433,ENST00000370709,SAGE1
ENSG00000169446,ENST00000305963,MMGT1
ENSG00000198689,ENST00000630721,SLC9A6
ENSG00000022267,ENST00000370683,FHL1
ENSG00000129680,ENST00000316077,MAP7D3
ENSG00000156920,ENST00000394143,ADGRG4
ENSG00000102239,ENST00000370648,BRS3
ENSG00000102241,ENST00000218364,HTATSF1
ENSG00000102243,ENST00000370634,VGLL1
ENSG00000102245,ENST00000370629,CD40LG
ENSG00000129675,ENST00000250617,ARHGEF6
ENSG00000147274,ENST00000320676,RBMX
ENSG00000165370,ENST00000651716,GPR101
ENSG00000156925,ENST00000287538,ZIC3
ENSG00000129682,ENST00000315930,FGF13
ENSG00000101981,ENST00000218099,F9
ENSG00000101977,ENST00000519895,MCF2
ENSG00000101974,ENST00000682941,ATP11C
ENSG00000203933,ENST00000370540,CXorf66
ENSG00000230707,ENST00000453380,HAPSTR2
ENSG00000134595,ENST00000370536,SOX3
ENSG00000203930,ENST00000649329,LINC00632
ENSG00000227234,ENST00000449283,SPANXB1
ENSG00000182195,ENST00000370526,LDOC1
ENSG00000198573,ENST00000358993,SPANXC
ENSG00000198021,ENST00000370519,SPANXA1
ENSG00000203926,ENST00000370518,SPANXA2
ENSG00000196406,ENST00000370515,SPANXD
ENSG00000165509,ENST00000298296,MAGEC3
ENSG00000155495,ENST00000285879,MAGEC1
ENSG00000046774,ENST00000247452,MAGEC2
ENSG00000189326,ENST00000446864,SPANXN4
ENSG00000189252,ENST00000370503,SPANXN3
ENSG00000179542,ENST00000356928,SLITRK4
ENSG00000268988,ENST00000598475,SPANXN2
ENSG00000203923,ENST00000370493,SPANXN1
ENSG00000185985,ENST00000335565,SLITRK2
ENSG00000235699,ENST00000438525,CXorf51B
ENSG00000224440,ENST00000458472,CXorf51A
ENSG00000102081,ENST00000370475,FMR1
ENSG00000176988,ENST00000370467,FMR1NB
ENSG00000155966,ENST00000370460,AFF2
ENSG00000287585,ENST00000653668,ENSG00000287585
ENSG00000010404,ENST00000340855,IDS
ENSG00000197620,ENST00000393985,EOLA1
ENSG00000283697,ENST00000431993,HSFX3
ENSG00000267978,ENST00000595065,MAGEA9B
ENSG00000268738,ENST00000598963,HSFX2
ENSG00000269556,ENST00000600449,TMEM185A
ENSG00000185247,ENST00000355220,MAGEA11
ENSG00000171116,ENST00000370416,HSFX1
ENSG00000123584,ENST00000243314,MAGEA9
ENSG00000156009,ENST00000286482,MAGEA8
ENSG00000197021,ENST00000370406,EOLA2
ENSG00000283463,ENST00000457775,HSFX4
ENSG00000013619,ENST00000370401,MAMLD1
ENSG00000171100,ENST00000370396,MTM1
ENSG00000063601,ENST00000445323,MTMR1
ENSG00000102181,ENST00000370377,CD99L2
ENSG00000029993,ENST00000325307,HMGB3
ENSG00000102195,ENST00000218316,GPR50
ENSG00000160131,ENST00000330374,VMA21
ENSG00000166049,ENST00000370357,PASD1
ENSG00000130032,ENST00000674457,PRRG3
ENSG00000147378,ENST00000370350,FATE1
ENSG00000183862,ENST00000329903,CNGA2
ENSG00000147381,ENST00000276344,MAGEA4
ENSG00000102287,ENST00000370328,GABRE
ENSG00000124260,ENST00000370323,MAGEA10
ENSG00000011677,ENST00000370314,GABRA3
ENSG00000268089,ENST00000598523,GABRQ
ENSG00000221867,ENST00000370278,MAGEA3
ENSG00000268902,ENST00000638741,CSAG2
ENSG00000183305,ENST00000682532,MAGEA2B
ENSG00000198930,ENST00000452779,CSAG1
ENSG00000213401,ENST00000393869,MAGEA12
ENSG00000268606,ENST00000684311,MAGEA2
ENSG00000268916,ENST00000599845,CSAG3
ENSG00000197172,ENST00000329342,MAGEA6
ENSG00000147400,ENST00000370277,CETN2
ENSG00000147383,ENST00000370274,NSDHL
ENSG00000147394,ENST00000695776,ZNF185
ENSG00000198883,ENST00000535214,PNMA5
ENSG00000183837,ENST00000593810,PNMA3
ENSG00000235961,ENST00000421798,PNMA6A
ENSG00000198681,ENST00000356661,MAGEA1
ENSG00000278803,ENST00000458091,PWWP4
ENSG00000225110,ENST00000436629,PNMA6F
ENSG00000063587,ENST00000650114,ZNF275
ENSG00000214897,ENST00000445091,PNMA6E
ENSG00000189420,ENST00000338647,ZFP92
ENSG00000183479,ENST00000370231,TREX2
ENSG00000213397,ENST00000370211,HAUS7
ENSG00000182492,ENST00000331595,BGN
ENSG00000067842,ENST00000263519,ATP2B3
ENSG00000262919,ENST00000576892,CCNQ
ENSG00000130829,ENST00000342782,DUSP9
ENSG00000130822,ENST00000340888,PNCK
ENSG00000130821,ENST00000253122,SLC6A8
ENSG00000185825,ENST00000345046,BCAP31
ENSG00000101986,ENST00000218104,ABCD1
ENSG00000198753,ENST00000361971,PLXNB3
ENSG00000184343,ENST00000370101,SRPK3
ENSG00000067829,ENST00000217901,IDH3G
ENSG00000180879,ENST00000370086,SSR4
ENSG00000067840,ENST00000393758,PDZD4
ENSG00000198910,ENST00000370060,L1CAM
ENSG00000126895,ENST00000646375,AVPR2
ENSG00000089820,ENST00000350060,ARHGAP4
ENSG00000102030,ENST00000464845,NAA10
ENSG00000102032,ENST00000393700,RENBP
ENSG00000172534,ENST00000310441,HCFC1
ENSG00000177854,ENST00000369982,TMEM187
ENSG00000184216,ENST00000369980,IRAK1
ENSG00000169057,ENST00000453960,MECP2
ENSG00000102076,ENST00000369951,OPN1LW
ENSG00000268221,ENST00000595290,OPN1MW
ENSG00000166160,ENST00000369929,OPN1MW2
ENSG00000269433,ENST00000599405,OPN1MW3
ENSG00000278057,ENST00000617225,TEX28
ENSG00000007350,ENST00000369915,TKTL1
ENSG00000196924,ENST00000369850,FLNA
ENSG00000102119,ENST00000369842,EMD
ENSG00000147403,ENST00000369817,RPL10
ENSG00000013563,ENST00000369807,DNASE1L1
ENSG00000102125,ENST00000601016,TAFAZZIN
ENSG00000071553,ENST00000369762,ATP6AP1
ENSG00000203879,ENST00000447750,GDI1
ENSG00000071859,ENST00000393600,FAM50A
ENSG00000130827,ENST00000369682,PLXNA3
ENSG00000196976,ENST00000357360,LAGE3
ENSG00000102178,ENST00000369660,UBL4A
ENSG00000126903,ENST00000651600,SLC10A3
ENSG00000071889,ENST00000447601,FAM3A
ENSG00000160211,ENST00000393562,G6PD
ENSG00000269335,ENST00000594239,IKBKG
ENSG00000268651,ENST00000599837,CTAG1A
ENSG00000184033,ENST00000328435,CTAG1B
ENSG00000126890,ENST00000369585,CTAG2
ENSG00000160219,ENST00000424127,GAB3
ENSG00000130826,ENST00000369550,DKC1
ENSG00000130830,ENST00000369534,MPP1
ENSG00000203870,ENST00000369529,SMIM9
ENSG00000185010,ENST00000360256,F8
ENSG00000274183,ENST00000620016,H2AB1
ENSG00000288722,ENST00000610495,F8A1
ENSG00000165775,ENST00000369498,FUNDC2
ENSG00000182712,ENST00000369484,CMC4
ENSG00000214827,ENST00000369476,MTCP1
ENSG00000185515,ENST00000330045,BRCC3
ENSG00000155959,ENST00000286428,VBP1
ENSG00000155961,ENST00000369454,RAB39B
ENSG00000155962,ENST00000369449,CLIC2
ENSG00000277858,ENST00000354514,H2AB2
ENSG00000288709,ENST00000369505,F8A2
ENSG00000277150,ENST00000622749,F8A3
ENSG00000277745,ENST00000615853,H2AB3
ENSG00000185973,ENST00000334398,TMLHE
ENSG00000168939,ENST00000695325,SPRY3
ENSG00000124333,ENST00000286448,VAMP7
ENSG00000124334,ENST00000244174,IL9R
ENSG00000184895,ENST00000383070,SRY
ENSG00000129824,ENST00000250784,RPS4Y1
ENSG00000067646,ENST00000155093,ZFY
ENSG00000176679,ENST00000321217,TGIF2LY
ENSG00000099715,ENST00000698851,PCDH11Y
ENSG00000168757,ENST00000320701,TSPY2
ENSG00000099721,ENST00000651267,AMELY
ENSG00000092377,ENST00000383032,TBL1Y
ENSG00000233803,ENST00000426950,TSPY4
ENSG00000229549,ENST00000287721,TSPY8
ENSG00000228927,ENST00000457222,TSPY3
ENSG00000258992,ENST00000451548,TSPY1
ENSG00000238074,ENST00000440215,TSPY9
ENSG00000236424,ENST00000428845,TSPY10
ENSG00000114374,ENST00000338981,USP9Y
ENSG00000067048,ENST00000336079,DDX3Y
ENSG00000183878,ENST00000545955,UTY
ENSG00000154620,ENST00000284856,TMSB4Y
ENSG00000129864,ENST00000250825,VCY
ENSG00000129862,ENST00000250823,VCY1B
ENSG00000165246,ENST00000684976,NLGN4Y
ENSG00000129873,ENST00000382867,CDY2B
ENSG00000182415,ENST00000250838,CDY2A
ENSG00000172468,ENST00000307393,HSFY1
ENSG00000169953,ENST00000304790,HSFY2
ENSG00000012817,ENST00000317961,KDM5D
ENSG00000198692,ENST00000361365,EIF1AY
ENSG00000280969,ENST00000629237,RPS4Y2
ENSG00000242875,ENST00000383020,RBMY1B
ENSG00000234414,ENST00000382707,RBMY1A1
ENSG00000244395,ENST00000382680,RBMY1D
ENSG00000242389,ENST00000382659,RBMY1E
ENSG00000169800,ENST00000303766,RBMY1F
ENSG00000226941,ENST00000250831,RBMY1J
ENSG00000183753,ENST00000331070,BPY2
ENSG00000188120,ENST00000405239,DAZ1
ENSG00000205944,ENST00000382440,DAZ2
ENSG00000172352,ENST00000382407,CDY1B
ENSG00000183795,ENST00000382392,BPY2B
ENSG00000187191,ENST00000382365,DAZ3
ENSG00000205916,ENST00000682740,DAZ4
ENSG00000185894,ENST00000382287,BPY2C
ENSG00000172288,ENST00000306609,CDY1
